Time                 Sev Major Minor Args
Jan 01 00:00:00.014    5 16013   1459 qwaitfor[wait.c:43]: [Resource_BlockWait] /proc/boot/start_ioc_uart.sh already available !
Jan 01 00:00:00.020    5 16023   194 bmetrics_service[bmetric_service.c:194]: start_ioc_uart.sh: launching
Jan 01 00:00:00.031    5 16023   194 bmetrics_service[bmetric_service.c:194]: ioc_uart: launching
Jan 01 00:00:00.034    5 16023   194 bmetrics_service[bmetric_service.c:194]: start_rstp: launching
Jan 01 00:00:00.037    5 16023   194 bmetrics_service[bmetric_service.c:194]: pmic_service: launching
Jan 01 00:00:00.041    5 16023   194 bmetrics_service[bmetric_service.c:194]: qcgpio: launching
Jan 01 00:00:00.041    5     6     0 Port .......................... /dev/ser2 (0x28982000)
Jan 01 00:00:00.041    5     6     0 IRQ ........................... 0xb6
Jan 01 00:00:00.041    5     6     0 Baud .......................... 115200
Jan 01 00:00:00.042    5     6     0 Input Clock ................... 3000000
Jan 01 00:00:00.042    5     6     0 Clock Divisor ................. 16
Jan 01 00:00:00.042    5     6     0 Tx fifo size .................. 14
Jan 01 00:00:00.042    5     6     0 Rx fifo trigger ............... 8
Jan 01 00:00:00.042    5     6     0 Input buffer size ............. 2048
Jan 01 00:00:00.042    5     6     0 Input flow control highwater .. 2016
Jan 01 00:00:00.042    5     6     0 Output buffer size ............ 2048
Jan 01 00:00:00.042    5     6     0 Canonical buffer size ......... 256
Jan 01 00:00:00.043    5 16023   194 bmetrics_service[bmetric_service.c:194]: /dev/ser2 ready
Jan 01 00:00:00.044    5     6     0 Port .......................... /dev/ser1 (0x284b2000)
Jan 01 00:00:00.044    5     6     0 IRQ ........................... 0xb8
Jan 01 00:00:00.045    5     6     0 Baud .......................... 115200
Jan 01 00:00:00.045    5     6     0 Input Clock ................... 3000000
Jan 01 00:00:00.045    5     6     0 Clock Divisor ................. 16
Jan 01 00:00:00.045    5     6     0 Tx fifo size .................. 14
Jan 01 00:00:00.045    5     6     0 Rx fifo trigger ............... 8
Jan 01 00:00:00.045    5     6     0 Input buffer size ............. 2048
Jan 01 00:00:00.045    5     6     0 Input flow control highwater .. 2016
Jan 01 00:00:00.045    5     6     0 Output buffer size ............ 262144
Jan 01 00:00:00.045    5     6     0 Canonical buffer size ......... 256
Jan 01 00:00:00.045    5 16023   194 bmetrics_service[bmetric_service.c:194]: /dev/ser1 ready
Jan 01 00:00:00.049    5 16023   194 bmetrics_service[bmetric_service.c:194]: start_ooc: launching
Jan 01 00:00:00.058    5 16005     0 pmic_service[pmic_service.c:375]: Starting PMIC resource manager..: Jun 20 2017 02:48:29
Jan 01 00:00:00.061    5 16005     0 pmic_service[pmic_service.c:448]: PMIC Service: DALSYS_InitMod
Jan 01 00:00:00.063    5 16005     0 pmic_service[pmic_service.c:452]: PMIC Service: DALSYS_RegisterMod
Jan 01 00:00:00.064    5 16005     0 pmic_service[pmic_service.c:546]: PMIC Service : Starting pmicInitDALSYSInterface.
Jan 01 00:00:00.065    5 16005     0 pmic_service[pmic_service.c:554]: PMIC Service : Starting pmic_sysctrl_rm_init.
Jan 01 00:00:00.065    5 16012   500 pmic_service[sysctrl_service.c:200]: sysctrl_start_service: start for /dev/pmic_service, CRM_ID: QC_CRM_BUILD_90115_2
Jan 01 00:00:00.067    5 16005     0 pmic_service[pmic_service.c:562]: PMIC Service : Starting pmic_resmgr_init.
Jan 01 00:00:00.067    5   160     5 pmic_service[pmic_rm_drv.c:796]: PMIC RM Started...
Jan 01 00:00:00.068    5   160     5 pmic_service[pmic_rm_drv.c:675]: initializing /dev/pmic
Jan 01 00:00:00.069    5 16104     0 qcgpio[gpio_drv.c:509]: Starting /dev/gpio Driver
Jan 01 00:00:00.069    5 14310     1 qcgpio[gpio_int.c:459]:  0 direct connect gpio #11
Jan 01 00:00:00.069    5 14310     1 qcgpio[gpio_int.c:459]:  1 direct connect gpio #62
Jan 01 00:00:00.069    5 14310     1 qcgpio[gpio_int.c:459]:  2 direct connect gpio #104
Jan 01 00:00:00.071    5 10000     2 [qcgpio:qcgpiocfg_init] name=usb_oc_detect pin=0x26 cfg=0x0 cfg_msk=0x1 ctx=0x0
Jan 01 00:00:00.071    5 10000     2 [qcgpio:qcgpiocfg_init] name=usb_pwr_0 pin=0x28 cfg=0x0 cfg_msk=0x0 ctx=0x0
Jan 01 00:00:00.071    5 10000     2 [qcgpio:qcgpiocfg_init] name=usb_pwr_1 pin=0x10001C cfg=0x0 cfg_msk=0x0 ctx=0x0
Jan 01 00:00:00.071    5 10000     2 [qcgpio:qcgpiocfg_init] name=bt_wlan_pd pin=0x100006 cfg=0x530102 cfg_msk=0xCFFFFFFF ctx=0x0
Jan 01 00:00:00.071    5 10000     2 [qcgpio:qcgpiocfg_init] name=wlan_reset pin=0x100011 cfg=0x530102 cfg_msk=0xCFFFFFFF ctx=0x0
Jan 01 00:00:00.071    5 10000     2 [qcgpio:qcgpiocfg_init] name=lvds_ena1 pin=0x4B cfg=0x0 cfg_msk=0x0 ctx=0x0
Jan 01 00:00:00.072    5 10000     2 [qcgpio:qcgpiocfg_init] name=lvds_ena2 pin=0x10001D cfg=0x0 cfg_msk=0x0 ctx=0x0
Jan 01 00:00:00.072    5 10000     2 [qcgpio:qcgpiocfg_init] name=mmx_ioc_irq pin=0x100029 cfg=0x80510112 cfg_msk=0xCFFFFFFF ctx=0x0
Jan 01 00:00:00.072    5 10000     2 [qcgpio:qcgpiocfg_init] name=ioc_mmx_irq pin=0x110002 cfg=0x1C cfg_msk=0xFF ctx=0x0
Jan 01 00:00:00.072    5 10000     2 [qcgpio:qcgpiocfg_init] name=csi_lock pin=0x2 cfg=0x0 cfg_msk=0x1 ctx=0x0
Jan 01 00:00:00.072    5 10000     2 [qcgpio:qcgpiocfg_init] name=csi_pass pin=0x50 cfg=0x0 cfg_msk=0x1 ctx=0x0
Jan 01 00:00:00.072    5 10000     2 [qcgpio:qcgpiocfg_init] name=csi_enable pin=0x1A cfg=0x1 cfg_msk=0x1 ctx=0x0
Jan 01 00:00:00.072    5 10000     2 [qcgpio:qcgpiocfg_init] name=cvbs_reset pin=0x10001A cfg=0x510112 cfg_msk=0xCFFFFFFF ctx=0x0
Jan 01 00:00:00.072    5 10000     2 [qcgpio:qcgpiocfg_init] name=lcd_hdmi_en pin=0x48 cfg=0x1 cfg_msk=0x1 ctx=0x0
Jan 01 00:00:00.072    5 10000     2 [qcgpio:qcgpiocfg_init] name=lcd_hdmi_ena pin=0xF0000000 cfg=0x0 cfg_msk=0x0 ctx=0x0
Jan 01 00:00:00.072    5 10000     2 [qcgpio:qcgpiocfg_init] name=vd1_int_q pin=0x2A cfg=0x0 cfg_msk=0x1 ctx=0x0
Jan 01 00:00:00.072    5 10000     2 [qcgpio:qcgpiocfg_init] name=vd1_int pin=0xF0000000 cfg=0x0 cfg_msk=0x0 ctx=0x0
Jan 01 00:00:00.072    5 10000     2 [qcgpio:qcgpiocfg_init] name=nad_status pin=0x130000 cfg=0x0 cfg_msk=0x0 ctx=0x0
Jan 01 00:00:00.072    5 10000     2 [qcgpio:qcgpiocfg_init] name=nad_reset pin=0x130001 cfg=0x3C cfg_msk=0xFF ctx=0x0
Jan 01 00:00:00.072    5 10000     2 [qcgpio:qcgpiocfg_init] name=nad_on_off pin=0x130002 cfg=0x3C cfg_msk=0xFF ctx=0x0
Jan 01 00:00:00.072    5 10000     2 [qcgpio:qcgpiocfg_init] name=therm_in pin=0xF0000000 cfg=0x0 cfg_msk=0x0 ctx=0x0
Jan 01 00:00:00.072    5 10000     2 [qcgpio:qcgpiocfg_init] name=sd_cd1 pin=0x100016 cfg=0x0 cfg_msk=0x0 ctx=0x0
Jan 01 00:00:00.072    5 10000     2 [qcgpio:qcgpiocfg_init] name=sd_cd2 pin=0x100019 cfg=0x0 cfg_msk=0x0 ctx=0x0
Jan 01 00:00:00.072    5 10000     2 [qcgpio:qcgpiocfg_init] name=sd_ena1 pin=0x25 cfg=0x0 cfg_msk=0x0 ctx=0x0
Jan 01 00:00:00.072    5 10000     2 [qcgpio:qcgpiocfg_init] name=sd_ena2 pin=0x23 cfg=0x0 cfg_msk=0x0 ctx=0x0
Jan 01 00:00:00.072    5 10000     2 [qcgpio:qcgpiocfg_init] name=sd_wp1 pin=0x100012 cfg=0x0 cfg_msk=0x0 ctx=0x0
Jan 01 00:00:00.072    5 10000     2 [qcgpio:qcgpiocfg_init] name=sd_wp2 pin=0x100013 cfg=0x0 cfg_msk=0x0 ctx=0x0
Jan 01 00:00:00.072    5 10000     2 [qcgpio:qcgpiocfg_init] name=ipod_detect pin=0xF0000000 cfg=0x0 cfg_msk=0x0 ctx=0x0
Jan 01 00:00:00.074    4 10002    22 Version 2.2.1-RELEASE
Jan 01 00:00:00.075    4 10002    22 ESO common libs version 4.5.2
Jan 01 00:00:00.075    4 10002    24 Timer group thread started
Jan 01 00:00:00.075    4 10002    24 Timer thread started
Jan 01 00:00:00.077    5 16023   194 bmetrics_service[bmetric_service.c:194]: qcore: launching
Jan 01 00:00:00.077    5 16023   194 bmetrics_service[bmetric_service.c:194]: qcsku: launching
Jan 01 00:00:00.079    4 10002    23 fsm:sdis_wlan_start_thread
Jan 01 00:00:00.079    5 16013   1459 qcgpio[wait.c:43]: [Resource_BlockWait] /dev/pmic already available !
Jan 01 00:00:00.079    4 10002    23 fsm:run_pdd_callback state change <> (-1) = > (0) event (1) registered (0) allow request (0) Clamp15 (0) ClampS (0) mmi_state (0)
Jan 01 00:00:00.079    4 10002    23 fsm:run_pdd_callback inactive state update carwakeup (0)
Jan 01 00:00:00.080    4 10002     5 Looking for fwlibloader path /etc/eso/production/tracing.json
Jan 01 00:00:00.080    5 16023   194 bmetrics_service[bmetric_service.c:194]: i2c_service: launching
Jan 01 00:00:00.080    4 10002     0 ioc:Received Event UpdateCarWakeup 0
Jan 01 00:00:00.080    5 10000     2 [qcgpio:default_write] Setting gpio 0x100029 to Low..!
Jan 01 00:00:00.080    4 10002    15 Clear DelayBits requested: (0)
Jan 01 00:00:00.081    5 10000     2 [qcgpio:default_write] name=mmx_ioc_irq pin=0x100029 cfg=0x80510112 cfg_msk=0xCFFFFFFF ctx=0x0
Jan 01 00:00:00.081    4 10002    15 eval_delay_request:  phone: is 0, requests 0 | uota: is 0, requests 0 | online: is 0, requests 0 | rtc: is 0, requests 0 | phone_pdd: is 0, requests 0 | nav_pdd: is 0, requests 0 
Jan 01 00:00:00.086    5 16004   342 qcore[qcore_main.c:342]: main: Jun 20 2017 02:48:30
Jan 01 00:00:00.088    5 16004   257 qcore[qcore_main.c:257]: qcore option: --powerman
Jan 01 00:00:00.088    5 16004   257 qcore[qcore_main.c:257]: qcore option: --log_level=5
Jan 01 00:00:00.088    5 16004   309 qcore[qcore_main.c:309]: qcore: log level changed from level 5 to level 5
Jan 01 00:00:00.088    5   160   100 qcore[qcore_baseinit_A_Family.c:194]: pdbg_init
Jan 01 00:00:00.088    5   160   100 qcore[qcore_baseinit_A_Family.c:202]: DALSYS_InitMod 
Jan 01 00:00:00.089    5   160   100 qcore[qcore_baseinit_A_Family.c:206]: DALSYS_RegisterMod
Jan 01 00:00:00.089    5   160   100 qcore[qcore_baseinit_A_Family.c:221]: waiting for /dev/pmic
Jan 01 00:00:00.089    5 16013   1459 qcore[wait.c:43]: [Resource_BlockWait] /dev/pmic already available !
Jan 01 00:00:00.090    5   160   100 qcore[qcore_baseinit_A_Family.c:244]: npa_init
Jan 01 00:00:00.092    5 10000     2 [qcgpio:default_write] Setting gpio 0x100029 to High..!
Jan 01 00:00:00.092    5 16012   500 qcore[sysctrl_service.c:200]: sysctrl_start_service: start for /dev/ulog/qrs_rdv, CRM_ID: QC_CRM_BUILD_90115_2
Jan 01 00:00:00.092    5 10000     2 [qcgpio:default_write] name=mmx_ioc_irq pin=0x100029 cfg=0x80510112 cfg_msk=0xCFFFFFFF ctx=0x0
Jan 01 00:00:00.092    4 10002    19 toggleMmxIocGpio: toggle executed
Jan 01 00:00:00.093    4 10002     0 Clamp  S: on
Jan 01 00:00:00.093    4 10002     0 Clamp 15: on
Jan 01 00:00:00.093    4 10002     0 Clamp 50: off
Jan 01 00:00:00.094    4 10002     0 Clamp  X: off
Jan 01 00:00:00.094    4 10002     0 MMI state: MMI_STATE_ON
Jan 01 00:00:00.094    4 10002    15 eval_delay_request:  phone: is 0, requests 0 | uota: is 0, requests 0 | online: is 0, requests 0 | rtc: is 0, requests 0 | phone_pdd: is 0, requests 0 | nav_pdd: is 0, requests 0 
Jan 01 00:00:00.094    4 10002     0 Key state: KEY_STATE_NONE
Jan 01 00:00:00.094    4 10002    23 fsm:iocHandleClampStateChanged KL15(1) KLS(1)
Jan 01 00:00:00.094    4 10002     0 MMI state right: MMI_STATE_UNDEFINED
Jan 01 00:00:00.094    4 10002    23 fsm:updateTimInternalState for state current next [0 => 1]event: (0)
Jan 01 00:00:00.094    4 10002     0 Key state right: KEY_STATE_NONE
Jan 01 00:00:00.094    4 10002     0 RVC active: false
Jan 01 00:00:00.094    4 10002     0 RVC variant: FBAS
Jan 01 00:00:00.095    4 10002     0 Startup variant: 0x00
Jan 01 00:00:00.095    4 10002     0 Last on: 0x01
Jan 01 00:00:00.095    4 10002     0 IOC shutdown request: SHUTDOWN_REQUEST_NONE
Jan 01 00:00:00.095    4 10002     0 IOC final shutdown request: false
Jan 01 00:00:00.095    4 10002     0 Final Shutdown result processing
Jan 01 00:00:00.095    4 10002     0 IOC car lock signal: false
Jan 01 00:00:00.095    4 10002     0 IOC power on pin status: true
Jan 01 00:00:00.095    4 10002     0 Activate display main
Jan 01 00:00:00.096    5 16002     2 i2c_service[i2cservice_main.c:424]: main: Jun 20 2017 02:48:27
Jan 01 00:00:00.096    4 10002    23 fsm:iocHandleHandleUpdatePowerstateMain mmi state change: (0)->(1) keycode state change : (0)->(0) longpress state change detected: (0)
Jan 01 00:00:00.097    5 16012   500 qcore[sysctrl_service.c:200]: sysctrl_start_service: start for /dev/qrs/npa/qrs_rdv, CRM_ID: QC_CRM_BUILD_90115_2
Jan 01 00:00:00.098    5   160   100 i2c_service[i2cservice_main.c:205]: DALSYS_InitMod
Jan 01 00:00:00.099    5 16023   194 bmetrics_service[bmetric_service.c:194]: smmu_service: launching
Jan 01 00:00:00.101    5 10000     0 NPA Interprocess Request: the protocol has been initialized.
Jan 01 00:00:00.101    5   160   100 qcore[qcore_baseinit_A_Family.c:247]: rpm_init
Jan 01 00:00:00.101    5 16013   1459 i2c_service[wait.c:47]: [Resource_BlockWait] Waiting for /dev/qcore ..
Jan 01 00:00:00.104    5   160   100 qcore[qcore_baseinit_A_Family.c:252]: clk_regime_init
Jan 01 00:00:00.113    5 16007     0 smmu_service[smmu_service.c:184]: main Jun 20 2017 02:48:31
Jan 01 00:00:00.113    5   160   100 qcore[qcore_baseinit_A_Family.c:271]: icbarb_init
Jan 01 00:00:00.121    5   160   100 qcore[qcore_baseinit_A_Family.c:276]: CoreCpuInitialize
Jan 01 00:00:00.121    5   160   100 qcore[qcore_baseinit_A_Family.c:278]: call with max number so that CPUs will be started with maximum supported frequency
Jan 01 00:00:00.131    5   160   100 qcore[qcore_baseinit_A_Family.c:301]: [qcore_base_init_A_Family]: smem_init 
Jan 01 00:00:00.132    5   160   100 qcore[qcore_baseinit_A_Family.c:305]: Timer_DriverInit
Jan 01 00:00:00.132    5   160   100 qcore[qcore_baseinit_A_Family.c:309]: pmic_npa_framework_init
Jan 01 00:00:00.132    5 16023   194 bmetrics_service[bmetric_service.c:194]: display_bridgechip_server_start: launching
Jan 01 00:00:00.133    5   160   100 qcore[pm_npa.c:326]: ******Init PAM TABLE from NPA framework*****
Jan 01 00:00:00.145    5 16013   1459 qwaitfor[wait.c:47]: [Resource_BlockWait] Waiting for /dev/npa ..
Jan 01 00:00:00.145    5 16023   194 bmetrics_service[bmetric_service.c:194]: io_service: launching
Jan 01 00:00:00.158    5   160   100 qcore[qcore_baseinit_A_Family.c:325]: qcore_asicspecificinit
Jan 01 00:00:00.158    5 16013   1459 qcore[dll_utils.c:254]: DLEXEC: Try loading devcfg_i2c_asic_AF.so with global symbols
Jan 01 00:00:00.161    5 16013   1459 qcore[dll_utils.c:309]: DLEXEC: devcfg_i2c_asic_AF.so,  fcn:dll_init,  args:
Jan 01 00:00:00.164    5 16013   1459 qcore[dll_utils.c:254]: DLEXEC: Try loading devcfg_sd_asic_AF.so with global symbols
Jan 01 00:00:00.166    4 10512     0 [ResourceManager][65560:1][main:921]Initializing Bridge chip resource manager, version = 0x1
Jan 01 00:00:00.167    5 16013   1459 qcore[dll_utils.c:309]: DLEXEC: devcfg_sd_asic_AF.so,  fcn:dll_init,  args:
Jan 01 00:00:00.168    5 16013   1459 qcore[dll_utils.c:254]: DLEXEC: Try loading devcfg_spi_asic_AF.so with global symbols
Jan 01 00:00:00.168    5 16023   194 bmetrics_service[bmetric_service.c:194]: kgsl: launching
Jan 01 00:00:00.171    5 16013   1459 qcore[dll_utils.c:309]: DLEXEC: devcfg_spi_asic_AF.so,  fcn:dll_init,  args:
Jan 01 00:00:00.172    5 16023   194 bmetrics_service[bmetric_service.c:194]: screen: launching
Jan 01 00:00:00.177    5 16003     3 io_service[ioservice_main.c:371]: main: Jun 20 2017 02:48:27
Jan 01 00:00:00.179    5 16013   1459 io_service[wait.c:47]: [Resource_BlockWait] Waiting for /dev/qcore ..
Jan 01 00:00:00.180    5 16013   1459 qcore[wait.c:43]: [Resource_BlockWait] /dev/gpio already available !
Jan 01 00:00:00.180    5 16013   1459 qcore[wait.c:43]: [Resource_BlockWait] /dev/pmic already available !
Jan 01 00:00:00.187    5 16013   1459 qcore[wait.c:43]: [Resource_BlockWait] /dev/gpio already available !
Jan 01 00:00:00.187    5 16122    11 qcore[idleHookCb_main.c:318]: Initializing idleHookCb_register
Jan 01 00:00:00.190    5 14804     0 qcore[power_mgr_utils.c:199]: pwrMgrUtils: Size of wakeupCodeElementBuf_t = 0x120
Jan 01 00:00:00.190    5 14804     0 qcore[power_mgr_utils.c:201]: pwrMgrUtils: Total memory used for suspend-resume assembly code and structure  = 0x448(0x480)
Jan 01 00:00:00.190    6 35209     0 TZBSPLIB : qcore: tzbsp_context_create : Init_tzbsp shared object
Jan 01 00:00:00.191    6 35209     0 TZBSPLIB : qcore: init_tzbsp_shared_object : initializing tzbsplib shared memory object..
Jan 01 00:00:00.191    6 35209     0 TZBSPLIB : qcore: init_tzbsp_shared_object : initializing tzbsplib shared memory complete.
Jan 01 00:00:00.192    5 14804     0 qcore[power_mgr_utils.c:285]: pwrMgrUtils: Registered cpu 0 warmboot addr as 0x2A03FC20
Jan 01 00:00:00.192    5 14804     0 qcore[power_mgr_utils.c:305]: pwrMgrUtils: phys address of cpu0_trace_page 0xff96c000
Jan 01 00:00:00.192    5 14804     0 qcore[power_mgr_utils.c:285]: pwrMgrUtils: Registered cpu 1 warmboot addr as 0x2A03FC20
Jan 01 00:00:00.193    5 14804     0 qcore[power_mgr_utils.c:305]: pwrMgrUtils: phys address of cpu1_trace_page 0xff99c000
Jan 01 00:00:00.193    5 14804     0 qcore[power_mgr_utils.c:285]: pwrMgrUtils: Registered cpu 2 warmboot addr as 0x2A03FC20
Jan 01 00:00:00.194    5 14804     0 qcore[power_mgr_utils.c:305]: pwrMgrUtils: phys address of cpu2_trace_page 0xffa90000
Jan 01 00:00:00.194    5 14804     0 qcore[power_mgr_utils.c:285]: pwrMgrUtils: Registered cpu 3 warmboot addr as 0x2A03FC20
Jan 01 00:00:00.194    5 14804     0 qcore[power_mgr_utils.c:305]: pwrMgrUtils: phys address of cpu3_trace_page 0xffa85000
Jan 01 00:00:00.195    4 14804     0 qcore[power_mgr_utils.c:319]: pwrMgrUtils: Couldn't find SLEEP_POWER_MODE environment variable..
Jan 01 00:00:00.195    5 14804     0 qcore[power_mgr_utils.c:327]: pwrMgrUtils: sleep_power_mode variable is initialized as 999984
Jan 01 00:00:00.195    5 14804     0 qcore[power_mgr_utils.c:339]: pwrMgrUtils: syncSysTimeWithMpmTmr variable is initialized as 0
Jan 01 00:00:00.195    5 16013   1459 qwaitfor[wait.c:47]: [Resource_BlockWait] Waiting for /eso/bin/apps/displaymanager ..
Jan 01 00:00:00.195    5 14804     0 qcore[power_mgr_utils_pmic_io.c:268]: pwrMgrUtils: PMIC ID = 0x6 

Jan 01 00:00:00.196    5     8   300 screen: starting up...
Jan 01 00:00:00.219    5 16013   1459 qwaitfor[wait.c:65]: [Resource_BlockWait] /eso/bin/apps/displaymanager available !
Jan 01 00:00:00.239    5 16122    11 qcore[idleHookCb_main.c:345]: InterruptHookIdle2 Successful
Jan 01 00:00:00.239    5 16122    11 qcore[idleHookCb_main.c:354]: idlehook registration done
Jan 01 00:00:00.239    5 16013   1459 qwaitfor[wait.c:47]: [Resource_BlockWait] Waiting for /dev/qcore ..
Jan 01 00:00:00.241    5 16013   1459 qwaitfor[wait.c:47]: [Resource_BlockWait] Waiting for /dev/shmem/ifsloader.dma.done ..
Jan 01 00:00:00.243    5 16013   1459 qwaitfor[wait.c:47]: [Resource_BlockWait] Waiting for /dev/i2c_service ..
Jan 01 00:00:00.251    5 13301   600 KGSL (gsl_ldd.c:3118):(tid:1):(caller_pid:81943)(KGSL_PID:81943) KGSL/win_gpu_module_getfuncs: requesting interface cfc3c from process:kgsl
Jan 01 00:00:00.252    5 13301   600 KGSL (gsl_ldd.c:3069):(tid:1):(caller_pid:81943)(KGSL_PID:81943) Graphics Driver VU version: GFX_VU: 185.00 (2017/01/10) 
Jan 01 00:00:00.252    5 13301   600 KGSL (gsl_ldd.c:2946):(tid:3):(caller_pid:81943)(KGSL_PID:81943) KGSL (Driver thread): creating and registering dispatch context.
Jan 01 00:00:00.255    5 13301   600 KGSL (gsl_ldd.c:2602):(tid:4):(caller_pid:81943)(KGSL_PID:81943) KGSL (Driver thread): starting KGSL debug resource manager dispatch loop.
Jan 01 00:00:00.255    5 13301   600 KGSL (gsl_ldd.c:2850):(tid:3):(caller_pid:81943)(KGSL_PID:81943) KGSL (Driver thread): entering multi-threaded resource manager dispatch loop.
Jan 01 00:00:00.255    5 13301   600 KGSL (gsl_ldd.c:2983):(tid:1):(caller_pid:81943)(KGSL_PID:81943) KGSL (Main thread) resource manager initialized for Adreno3XX 
Jan 01 00:00:00.255    1 13001     0 qcore[mmpm2.c:1283]: [MMPM_LOG_LEVEL_CRITICALFAIL] MMPM [MMPM2_Init]: VU= VU_MULTIMEDIA2_POWER_MMPM_8064_QNX.00.00.34 REV = $Revision: #1 $ status = 0. 

Jan 01 00:00:00.256    5 13301   600 KGSL (gsl_ldd.c:3125):(tid:1):(caller_pid:81943)(KGSL_PID:81943) KGSL/win_gpu_module_getfuncs_ext: requesting interface cfc44
Jan 01 00:00:00.256    5   160   100 qcore[qcore_baseinit_A_Family.c:393]: sysctrl_init 
Jan 01 00:00:00.256    5 13301   600 KGSL (gsl_driver.c:263):(tid:1):(caller_pid:81943)(KGSL_PID:81943) calling kgsl_driver_init0 internally, flags=400000
Jan 01 00:00:00.257    5 16012   500 qcore[sysctrl_service.c:200]: sysctrl_start_service: start for /dev/qcore, CRM_ID: QC_CRM_BUILD_90115_2
Jan 01 00:00:00.259    5 16013   1459 io_service[wait.c:65]: [Resource_BlockWait] /dev/qcore available !
Jan 01 00:00:00.259    5 16013   1459 qwaitfor[wait.c:65]: [Resource_BlockWait] /dev/qcore available !
Jan 01 00:00:00.259    5 16013   1459 i2c_service[wait.c:65]: [Resource_BlockWait] /dev/qcore available !
Jan 01 00:00:00.259    5 16105     1 i2c_service[i2c_drv.c:1183]: I2C RM starting up

Jan 01 00:00:00.260    5 16305   316 i2c_service[dalcfg.c:316]: DalDeviceId 20000a0 not found
Jan 01 00:00:00.261    5 16013   1459 qwaitfor[wait.c:65]: [Resource_BlockWait] /dev/npa available !
Jan 01 00:00:00.261    5 16013   1459 kgsl[wait.c:43]: [Resource_BlockWait] /dev/mmpm already available !
Jan 01 00:00:00.263    5 16105     1 i2c_service[i2c_drv.c:1051]: initializing /dev/i2c2

Jan 01 00:00:00.264    5 16305   316 i2c_service[dalcfg.c:316]: DalDeviceId 20000a2 not found
Jan 01 00:00:00.265    5 16023   194 bmetrics_service[bmetric_service.c:194]: /dev/i2c2 ready
Jan 01 00:00:00.266    2 13301   600 KGSL (gsl_hal_common.c:4122):(tid:1):(caller_pid:81943)(KGSL_PID:81943) kgsl_hal_init_thermal_trace - KGSL thermal trace disabled
Jan 01 00:00:00.266    5 16105     1 i2c_service[i2c_drv.c:1051]: initializing /dev/i2c4

Jan 01 00:00:00.268    2 13301   600 KGSL (gsl_hal_common.c:2093):(tid:1):(caller_pid:81943)(KGSL_PID:81943) GFX HAL initialized. [1.1]
Jan 01 00:00:00.270    5 16305   316 i2c_service[dalcfg.c:316]: DalDeviceId 20000a4 not found
Jan 01 00:00:00.272    5 16023   194 bmetrics_service[bmetric_service.c:194]: /dev/i2c4 ready
Jan 01 00:00:00.272    5 16303     1 kgsl[smmu_lib.c:388]: Waiting for events from the Server
Jan 01 00:00:00.272    5 16305   316 i2c_service[dalcfg.c:316]: DalDeviceId 20000a5 not found
Jan 01 00:00:00.272    5 16305   316 i2c_service[dalcfg.c:316]: DalDeviceId 20000c0 not found
Jan 01 00:00:00.272    5 16305   316 i2c_service[dalcfg.c:316]: DalDeviceId 20000c1 not found
Jan 01 00:00:00.272    5 16305   316 i2c_service[dalcfg.c:316]: DalDeviceId 20000c2 not found
Jan 01 00:00:00.272    5 16305   316 i2c_service[dalcfg.c:316]: DalDeviceId 20000c3 not found
Jan 01 00:00:00.273    5 16305   316 i2c_service[dalcfg.c:316]: DalDeviceId 20000c4 not found
Jan 01 00:00:00.273    5 16305   316 i2c_service[dalcfg.c:316]: DalDeviceId 20000c5 not found
Jan 01 00:00:00.273    5 16012   500 i2c_service[sysctrl_service.c:200]: sysctrl_start_service: start for /dev/i2c_service, CRM_ID: QC_CRM_BUILD_90115_2
Jan 01 00:00:00.274    5 16013   1459 qwaitfor[wait.c:65]: [Resource_BlockWait] /dev/i2c_service available !
Jan 01 00:00:00.276    6 14304   1111 kgsl:[DalHWIOMap.c:156] - HWIO mapping: SMMU_GFX3D, physical address 0x07c00000, virtual address 0x28d00000
Jan 01 00:00:00.276    5 16104     0 pmic_service[gpio_drv.c:509]: Starting pmic_rm_usage Driver
Jan 01 00:00:00.277    5 14310     1 pmic_service[gpio_int.c:459]:  0 direct connect gpio #11
Jan 01 00:00:00.277    5 14310     1 pmic_service[gpio_int.c:459]:  1 direct connect gpio #62
Jan 01 00:00:00.277    5 14310     1 pmic_service[gpio_int.c:459]:  2 direct connect gpio #104
Jan 01 00:00:00.278    5 16104     0 pmic_service[gpio_drv.c:562]: GPIO Driver: completed initialization required for the pmic_rm_usage
Jan 01 00:00:00.278    6 14304   1111 kgsl:[DalHWIOMap.c:156] - HWIO mapping: SMMU_GFX3D1, physical address 0x07d00000, virtual address 0x28300000
Jan 01 00:00:00.283    2 13301   600 KGSL (gsl_dcvs.c:2050):(tid:1):(caller_pid:81943)(KGSL_PID:81943) kgsl_hal_dcvs_init: Perf levels disabled, default 400000000 Hz GPU clock
Jan 01 00:00:00.287    5   160   3818 io_service[adc_drv.c:371]: initializing /dev/adc

Jan 01 00:00:00.288    2 14814     0 io_service[thermalmgr_drv.c:398]: E/Thermal:[1:thermalmgr_init] Thermal Manager started. Version 2.0
Jan 01 00:00:00.294    2 14814     0 io_service[devices_actions.c:965]: E/Thermal:[1:vdd_rstr_init] vdd_rstr_init: VDD apps enabled

Jan 01 00:00:00.295    5 16013   1459 io_service[wait.c:43]: [Resource_BlockWait] /dev/mmpm already available !
Jan 01 00:00:00.297    2 16301     0 io_service[DALSysEvent.c:285]:  invalid handle = 0 _DALSYS_EventCtrl,285
Jan 01 00:00:00.307    2 14814     0 io_service[ss-data.c:85]: E/Thermal:[1:ss_init_data] In SS init
Jan 01 00:00:00.312    2 14814     0 io_service[thermal.c:104]: E/Thermal:[1:thermal_init] using default sensor list
Jan 01 00:00:00.312    2 14814     0 io_service[thermal_server.c:621]: E/Thermal:[1:thermal_server_init] Thermal-Server: Unable to create socket server for thermal clients
Jan 01 00:00:00.314    2 14814     0 io_service[thermal_monitor.c:210]: E/Thermal:[1:sensors_setup] Sensor PMIC_THERM disabled

Jan 01 00:00:00.315    2 14814     0 io_service[thermal_monitor.c:210]: E/Thermal:[1:sensors_setup] Sensor cpu3 disabled

Jan 01 00:00:00.315    2 14814     0 io_service[thermal_monitor.c:210]: E/Thermal:[1:sensors_setup] Sensor cpu2 disabled

Jan 01 00:00:00.315    2 14814     0 io_service[thermal_monitor.c:210]: E/Thermal:[1:sensors_setup] Sensor cpu1 disabled

Jan 01 00:00:00.317    2 14814     0 io_service[speaker_cal.c:385]: E/Thermal:[1:speaker_cal_init] No speaker_cal config
Jan 01 00:00:00.318    5 16012   500 io_service[sysctrl_service.c:200]: sysctrl_start_service: start for /dev/io_service, CRM_ID: QC_CRM_BUILD_90115_2
Jan 01 00:00:00.327    2 13301   600 KGSL: KGSL entry PASSED
Jan 01 00:00:00.342    1 10256     0 [DispPowerApp]: Current thread priority set to 5
Jan 01 00:00:00.356    4    17     0 qcpci8064: Step 1, enabling Vregs and GPIOs
Jan 01 00:00:00.357    4 10256    21 [81945:1][MDSS_DrvConfig_Init:2825]DISPLAY_CATALOG_PATH set, pParserCtx->pConfigFilePath=/proc/boot/qcdisplaycfg.xml
Jan 01 00:00:00.358    4 10256    21 [81945:1][MDSS_DrvConfig_XMLParse:2750]XML_Parse() SUCCESS, time taken=549us
Jan 01 00:00:00.358    4 10256    21 [81945:1][QDI_Platform_Init:389]startup debug log level=CRITICAL_INFO
Jan 01 00:00:00.359    5 16013   1459 screen[wait.c:43]: [Resource_BlockWait] /dev/mmpm already available !
Jan 01 00:00:00.359    5 16013   1459 pci_server[wait.c:43]: [Resource_BlockWait] /dev/gpio already available !
Jan 01 00:00:00.359    4    17     0 qcpci8064: Step 2, enabling external PCIe clock.  0.5s delay after has been removed
Jan 01 00:00:00.360    4 10256    21 [81945:1][QDI_Platform_Init:439]current (default) mode=SPLASHSCREEN_MODE_NONE
Jan 01 00:00:00.361    4    17     0 qcpci8064: Step 3a, asserting PARF reset
Jan 01 00:00:00.361    4    17     0 qcpci8064: Step 3b, enabling PCIe clocks
Jan 01 00:00:00.361    4    17     0 qcpci8064: Step 4, waiting for 3ms settling time
Jan 01 00:00:00.361    4 10256    21 [81945:1][QDI_Platform_SetProperty:813]SET boot skip mode=0 for ePhysConnect=1, overall boot skip mode=1
Jan 01 00:00:00.361    4 10256    21 [81945:1][QDI_Platform_SetProperty:813]SET boot skip mode=0 for ePhysConnect=2, overall boot skip mode=1
Jan 01 00:00:00.361    4 10256    21 [81945:1][QDI_Platform_SetProperty:813]SET boot skip mode=0 for ePhysConnect=3, overall boot skip mode=1
Jan 01 00:00:00.361    4 10256    21 [81945:1][QDI_Platform_SetProperty:813]SET boot skip mode=0 for ePhysConnect=4, overall boot skip mode=1
Jan 01 00:00:00.361    4 10256    21 [81945:1][QDI_Platform_SetProperty:813]SET boot skip mode=0 for ePhysConnect=5, overall boot skip mode=1
Jan 01 00:00:00.362    4 10256    21 [81945:1][QDI_Platform_SetProperty:813]SET boot skip mode=0 for ePhysConnect=6, overall boot skip mode=1
Jan 01 00:00:00.362    4 10256    21 [81945:1][QDI_Platform_SetProperty:813]SET boot skip mode=0 for ePhysConnect=7, overall boot skip mode=1
Jan 01 00:00:00.362    4 10256    21 [81945:1][QDI_Platform_SetProperty:813]SET boot skip mode=0 for ePhysConnect=8, overall boot skip mode=1
Jan 01 00:00:00.362    4 10256    21 [81945:1][QDI_Platform_SetProperty:813]SET boot skip mode=0 for ePhysConnect=9, overall boot skip mode=1
Jan 01 00:00:00.362    4 10256    21 [81945:1][QDI_Platform_SetProperty:813]SET boot skip mode=0 for ePhysConnect=10, overall boot skip mode=1
Jan 01 00:00:00.362    4 10256    21 [81945:1][QDI_Platform_SetProperty:813]SET boot skip mode=0 for ePhysConnect=11, overall boot skip mode=1
Jan 01 00:00:00.362    4 10256    21 [81945:1][QDI_Platform_SetProperty:813]SET boot skip mode=0 for ePhysConnect=12, overall boot skip mode=1
Jan 01 00:00:00.362    4 10256    21 [81945:1][QDI_Platform_SetProperty:813]SET boot skip mode=0 for ePhysConnect=13, overall boot skip mode=1
Jan 01 00:00:00.362    4 10256    21 [81945:1][QDI_Platform_SetProperty:813]SET boot skip mode=0 for ePhysConnect=14, overall boot skip mode=1
Jan 01 00:00:00.362    4 10256    21 [81945:1][QDI_Platform_SetProperty:813]SET boot skip mode=0 for ePhysConnect=15, overall boot skip mode=1
Jan 01 00:00:00.362    4 10256    21 [81945:1][QDI_Platform_SetProperty:813]SET boot skip mode=0 for ePhysConnect=16, overall boot skip mode=0
Jan 01 00:00:00.363    5 16013   1459 screen[wait.c:43]: [Resource_BlockWait] /dev/smmu/SMMU_MDP4_0/RD_YCbCr already available !
Jan 01 00:00:00.363    5 16013   1459 screen[wait.c:43]: [Resource_BlockWait] /dev/smmu/SMMU_MDP4_0/RDWR_RGB_Contig_YCbCr already available !
Jan 01 00:00:00.363    5 16013   1459 screen[wait.c:43]: [Resource_BlockWait] /dev/smmu/SMMU_MDP4_1/RD_YCbCr already available !
Jan 01 00:00:00.364    5 16013   1459 screen[wait.c:43]: [Resource_BlockWait] /dev/smmu/SMMU_MDP4_1/RDWR_RGB_Contig_YCbCr already available !
Jan 01 00:00:00.364    5 16013   1459 screen[wait.c:43]: [Resource_BlockWait] /dev/smmu/SMMU_ROTATOR/Reads already available !
Jan 01 00:00:00.364    5 16013   1459 screen[wait.c:43]: [Resource_BlockWait] /dev/smmu/SMMU_ROTATOR/Writes already available !
Jan 01 00:00:00.365    4    17     0 qcpci8064: Step 5, deasserting PARF reset
Jan 01 00:00:00.365    4    17     0 qcpci8064: Step 6, enabling PHY
Jan 01 00:00:00.365    4    17     0 qcpci8064: Step 7, PARF programming
Jan 01 00:00:00.365    4    17     0 qcpci8064: Step 8, enable ref clock ack
Jan 01 00:00:00.367    4    17     0 qcpci8064: Step 9, removing resets
Jan 01 00:00:00.367    4    17     0 qcpci8064: Step 10, waiting for phy clock ack
Jan 01 00:00:00.367    4 10256     9 [81945:1][QDI_Device_Open:234]Display VU Used: VU_MULTIMEDIA_DISPLAY_8064_QNX.00.72.00 ----
Jan 01 00:00:00.367    4 10256     9 [81945:1][QDI_Device_Open:235]QDI version is 0x02030026 ----
Jan 01 00:00:00.368    4 10256    23 [81945:1][wfd_GetHdmiPhyAvailability:191]HDMI PHY available

Jan 01 00:00:00.368    4 10256    23 [81945:1][wfd_GetHdmiAudioAvailability:238]HDMI audio available

Jan 01 00:00:00.368    4 10256    23 [81945:1][wfdCreateDevice:737]Disabling PPS
Jan 01 00:00:00.368    4 10256    23 [81945:1][wfd_create_rotator_device:1359]Rotator not required

Jan 01 00:00:00.368    4 10256    23 [81945:1][wfdCreateDevice:894]WriteBack Not supported
Jan 01 00:00:00.368    4 10256    23 [81945:1][wfdEnumeratePorts:430]WFD Port ID (0) -> QDI display (4), uPortIndex=0
Jan 01 00:00:00.369    4 10256    23 [81945:1][wfdEnumeratePorts:439]   WFD Pipeline ID (0) -> QDI layer (1), ZOrder (2)
Jan 01 00:00:00.369    4 10256    23 [81945:1][wfdEnumeratePorts:439]   WFD Pipeline ID (1) -> QDI layer (5), ZOrder (0)
Jan 01 00:00:00.369    5 10000     1 CAM M cam_capture_load.c(57): pid 143391 acquired exclusive camera resource
Jan 01 00:00:00.369    4 10256    23 [81945:1][wfdEnumeratePorts:439]   WFD Pipeline ID (2) -> QDI layer (6), ZOrder (1)
Jan 01 00:00:00.369    4 10256    23 [81945:1][wfdEnumeratePorts:430]WFD Port ID (1) -> QDI display (1), uPortIndex=1
Jan 01 00:00:00.369    4 10256    23 [81945:1][wfdEnumeratePorts:439]   WFD Pipeline ID (0) -> QDI layer (0), ZOrder (1)
Jan 01 00:00:00.369    5 10000     0 00:00:00.369 MMX BENCH_Startup DisplayManager: Created module manager
Jan 01 00:00:00.370    4 10256    10 [81945:1][OemLoadPanelFromConfig:251]eDisplayID=4, cPanelNamePath=/proc/boot/libHDMI_COMMON_QC.so
Jan 01 00:00:00.389    5 16013   1459 screen[wait.c:43]: [Resource_BlockWait] /dev/bridgechip already available !
Jan 01 00:00:00.389    2 16301     0 bridgechip_server[DALModEnv.c:156]: DALSYS_InitMod:Symbol DALHWIO_DriverInfo not found and will not be initialized
Jan 01 00:00:00.392    4    17     0 qcpci8064: Step 11, enable link traning state machine
Jan 01 00:00:00.392    4 10512     0 [DS90UH929Q_QC_0][65560:3][DS90UH929Q_QC_0_QueryBoardConfiguration:243]DS90UH929Q_QC_0_INTB_TYPE = 0
Jan 01 00:00:00.392    4 10512     0 [DS90UH929Q_QC_0][65560:3][DS90UH929Q_QC_0_QueryBoardConfiguration:253]DS90UH929Q_QC_0_INTB_NUM = 55
Jan 01 00:00:00.392    4 10512     0 [DS90UH929Q_QC_0][65560:3][DS90UH929Q_QC_0_QueryBoardConfiguration:263]DS90UH929Q_QC_0_PDB_TYPE = 0
Jan 01 00:00:00.392    4 10512     0 [DS90UH929Q_QC_0][65560:3][DS90UH929Q_QC_0_QueryBoardConfiguration:273]DS90UH929Q_QC_0_PDB_NUM = 75
Jan 01 00:00:00.392    4 10512     0 [DS90UH929Q_QC_0][65560:3][DS90UH929Q_QC_0_QueryBoardConfiguration:283]DS90UH929Q_QC_0_I2C_SLAVE_ID = 0x1a
Jan 01 00:00:00.392    4 10512     0 [DS90UH929Q_QC_0][65560:3][DS90UH929Q_QC_0_QueryBoardConfiguration:293]DS90UH929Q_QC_0_DESER_I2C_SLAVE_ID = 0x0
Jan 01 00:00:00.393    4 10512     0 [DS90UH929Q_QC_0][65560:3][DS90UH929Q_QC_0_QueryBoardConfiguration:303]DS90UH929Q_QC_0_SINK_ERR_INTR = 0x0
Jan 01 00:00:00.393    3 10512     0 [DS90UH929Q_QC_0][65560:3][DS90UH929Q_QC_0_QueryBoardConfiguration:321]BRIDGECHIP_WARNING DS90UH929Q_QC_0_ERR_STS_POLL_TIME in DAL is 0. Using default value.
Jan 01 00:00:00.393    4 10512     0 [DS90UH929Q_QC_0][65560:3][DS90UH929Q_QC_0_QueryBoardConfiguration:324]DS90UH929Q_QC_0_ERR_STS_POLL_TIME = 3000
Jan 01 00:00:00.393    4 10512     0 [DS90UH929Q_QC_0][65560:3][DS90UH929Q_QC_0_QueryBoardConfiguration:338]DS90UH929Q_QC_0_BKWD_COMPATIBILITY_MODE = 0x0
Jan 01 00:00:00.393    4 10512     0 [DS90UH929Q_QC_0][65560:3][DS90UH929Q_QC_0_QueryBoardConfiguration:348]DS90UH929Q_QC_0_I2C_RM_PATH = /dev/i2c4
Jan 01 00:00:00.393    4 10256    11 [81945:1][Panel_HDMI_COMMON_QC_BridgeChipInit:486]Using DS90UH929Q_QC_0 bridge chip for HDMI interface
Jan 01 00:00:00.394    4 10256     8 [81945:1][HDMI_Device_SetProperty:729]HDMI Custom mode operation enabled
Jan 01 00:00:00.394    4 10256     6 [81945:1][dsShared_panelCb:1141]Received callback for QDI_DEVICE_EVENT_HDMI_PLUGGED Event
Jan 01 00:00:00.394    4 10256    23 [81945:1][wfdCreatePort:853]port=0x782137b8, display_id=4, sDisplayInfo.uVisWidthPx=1024, sDisplayInfo.uVisHeightPx=480, uFramebufferWidth=1024, uFramebufferHeight=480, uRefreshRate=59
Jan 01 00:00:00.395    4 10256    10 [81945:1][OemLoadPanelFromConfig:251]eDisplayID=1, cPanelNamePath=/proc/boot/libLVDS_COMMON_QC.so
Jan 01 00:00:00.404    5 16013   1459 screen[wait.c:43]: [Resource_BlockWait] /dev/bridgechip already available !
Jan 01 00:00:00.404    4 10256     2 [81945:1][InitializeSerializer:308]Enumerated devices = 2
Jan 01 00:00:00.404    5 16013   1459 screen[wait.c:43]: [Resource_BlockWait] /dev/bridgechip already available !
Jan 01 00:00:00.406    4 10512     0 [DS90UH927Q_QC_0][65560:3][DS90UH927Q_QC_0_QueryBoardConfiguration:243]DS90UH927Q_QC_0_INTB_TYPE = 0
Jan 01 00:00:00.406    4 10512     0 [DS90UH927Q_QC_0][65560:3][DS90UH927Q_QC_0_QueryBoardConfiguration:253]DS90UH927Q_QC_0_INTB_NUM = 56
Jan 01 00:00:00.406    5 10000     2 [qcgpio:default_write] Setting gpio 0x10001a to High..!
Jan 01 00:00:00.406    4 10512     0 [DS90UH927Q_QC_0][65560:3][DS90UH927Q_QC_0_QueryBoardConfiguration:263]DS90UH927Q_QC_0_PDB_TYPE = 1
Jan 01 00:00:00.406    4 10512     0 [DS90UH927Q_QC_0][65560:3][DS90UH927Q_QC_0_QueryBoardConfiguration:273]DS90UH927Q_QC_0_PDB_NUM = 30
Jan 01 00:00:00.406    4 10512     0 [DS90UH927Q_QC_0][65560:3][DS90UH927Q_QC_0_QueryBoardConfiguration:283]DS90UH927Q_QC_0_I2C_SLAVE_ID = 0xc
Jan 01 00:00:00.406    5 10000     2 [qcgpio:default_write] name=cvbs_reset pin=0x10001A cfg=0x510112 cfg_msk=0xCFFFFFFF ctx=0x0
Jan 01 00:00:00.406    4 10512     0 [DS90UH927Q_QC_0][65560:3][DS90UH927Q_QC_0_QueryBoardConfiguration:293]DS90UH927Q_QC_0_DESER_I2C_SLAVE_ID = 0x0
Jan 01 00:00:00.407    4 10512     0 [DS90UH927Q_QC_0][65560:3][DS90UH927Q_QC_0_QueryBoardConfiguration:303]DS90UH927Q_QC_0_SINK_ERR_INTR = 0x0
Jan 01 00:00:00.407    3 10512     0 [DS90UH927Q_QC_0][65560:3][DS90UH927Q_QC_0_QueryBoardConfiguration:321]BRIDGECHIP_WARNING DS90UH927Q_QC_0_ERR_STS_POLL_TIME in DAL is 0. Using default value.
Jan 01 00:00:00.407    4 10512     0 [DS90UH927Q_QC_0][65560:3][DS90UH927Q_QC_0_QueryBoardConfiguration:324]DS90UH927Q_QC_0_ERR_STS_POLL_TIME = 3000
Jan 01 00:00:00.407    4 10512     0 [DS90UH927Q_QC_0][65560:3][DS90UH927Q_QC_0_QueryBoardConfiguration:343]DS90UH927Q_QC_0_BKWD_COMPATIBILITY_MODE = 0x1
Jan 01 00:00:00.407    4 10512     0 [DS90UH927Q_QC_0][65560:3][DS90UH927Q_QC_0_QueryBoardConfiguration:353]DS90UH927Q_QC_0_I2C_RM_PATH = /dev/i2c2
Jan 01 00:00:00.407    4 10256    23 [81945:1][wfdCreatePort:853]port=0x78212960, display_id=1, sDisplayInfo.uVisWidthPx=1440, sDisplayInfo.uVisHeightPx=542, uFramebufferWidth=1440, uFramebufferHeight=542, uRefreshRate=60
Jan 01 00:00:00.413    2 10256    23 [81945:1][wfdSetPortAttribiv:2251]DISPLAY_ERROR WFD_PORT_BACKGROUND_COLOR Not Supported; WFD_ERROR_NOT_SUPPORTED
Jan 01 00:00:00.413    4 10256    23 [81945:1][wfdSetPortMode:1574]display_id=4, mode=1
Jan 01 00:00:00.413    4 10256     6 [81945:1][ds_displaySetProperty:2682]Property=QDI_DISPLAY_PROPERTY_MODE_INDEX; uModeIndex=0; ePhyDisplayId=4
Jan 01 00:00:00.413    4 10256    23 [81945:1][wfdSetPortMode:1651]uPclk 32000
Jan 01 00:00:00.413    4 10256    23 [81945:1][wfdSetPortMode:1688]bAudioSupported 0
Jan 01 00:00:00.414    4 10256    23 [81945:1][wfd_AllocSurface:1228]QDI color format=0, WFD color format = 1 uWidthInPixel = 1, uHeightInPixel = 1
Jan 01 00:00:00.414    5 10000     1 CAM M cam_capture.c(154): capture_create_context: OnEnter
Jan 01 00:00:00.415    4 10256    23 [81945:1][wfd_AllocSurface:1275]pMem=0x2807b000, uSurfSize=0x00000400, pNativeImage=0x003282c0
Jan 01 00:00:00.415    5 10000     1 CAM M CameraPlatform.c(1605): mmap_device_io() mapped PA=0x04500000 to VA=0x28687000, len=2048
Jan 01 00:00:00.415    5 10000     1 CAM M CameraPlatform.c(1605): mmap_device_io() mapped PA=0x04800000 to VA=0x280ac000, len=4096
Jan 01 00:00:00.415    5 16013   1459 displaymanager[wait.c:47]: [Resource_BlockWait] Waiting for /dev/diag ..
Jan 01 00:00:00.415    5 10000     1 CAM M CameraPlatform.c(1605): mmap_device_io() mapped PA=0x04900000 to VA=0x28080000, len=4096
Jan 01 00:00:00.415    4 10256    23 [81945:1][wfdCreateWFDEGLImagesQNX:1843]CREATED count=1 nativeImages with width=1, height=1, format=1, usage=0x00000006, flags=0x2, size=0x00000400, strides=[32 0]
Jan 01 00:00:00.415    5 10000     1 CAM M CameraPlatform.c(1605): mmap_device_io() mapped PA=0x04000000 to VA=0x28020000, len=262144
Jan 01 00:00:00.416    5 10000     1 CAM M CameraPlatform.c(1605): mmap_device_io() mapped PA=0x04800000 to VA=0x28018000, len=8192
Jan 01 00:00:00.416    5 10000     1 CAM M CameraPlatform.c(1605): mmap_device_io() mapped PA=0x16300000 to VA=0x28006000, len=32
Jan 01 00:00:00.416    5 10000     1 CAM M CameraPlatform.c(1605): mmap_device_io() mapped PA=0x16380000 to VA=0x28001000, len=2048
Jan 01 00:00:00.416    5 10000     1 CAM M CameraPlatform.c(1605): mmap_device_io() mapped PA=0x00900000 to VA=0x28002000, len=16384
Jan 01 00:00:00.417    4 10256    23 [81945:1][wfdCreateWFDEGLImagesQNX:1843]CREATED count=1 nativeImages with width=1, height=1, format=2, usage=0x00000006, flags=0x2, size=0x00000800, strides=[64 0]
Jan 01 00:00:00.418    4 10256    23 [81945:1][wfdCreateWFDEGLImagesQNX:1843]CREATED count=1 nativeImages with width=1, height=1, format=3, usage=0x00000006, flags=0x2, size=0x00000800, strides=[64 0]
Jan 01 00:00:00.419    4 10256    23 [81945:1][wfdCreateWFDEGLImagesQNX:1843]CREATED count=1 nativeImages with width=1, height=1, format=4, usage=0x00000006, flags=0x2, size=0x00000800, strides=[64 0]
Jan 01 00:00:00.419    4 10256    23 [81945:1][wfdCreateWFDEGLImagesQNX:1843]CREATED count=1 nativeImages with width=1, height=1, format=5, usage=0x00000006, flags=0x2, size=0x00000800, strides=[64 0]
Jan 01 00:00:00.421    4 10256    23 [81945:1][wfdCreateWFDEGLImagesQNX:1843]CREATED count=1 nativeImages with width=1, height=1, format=6, usage=0x00000006, flags=0x2, size=0x00000800, strides=[64 0]
Jan 01 00:00:00.421    5 10000     1 CAM M CCameraEngine.cpp(197): CCameraEngine::CCameraEngine()
Jan 01 00:00:00.422    4 10256    23 [81945:1][wfdCreateWFDEGLImagesQNX:1843]CREATED count=1 nativeImages with width=1, height=1, format=7, usage=0x00000006, flags=0x2, size=0x00000c00, strides=[96 0]
Jan 01 00:00:00.423    4 10256    23 [81945:1][wfdCreateWFDEGLImagesQNX:1843]CREATED count=1 nativeImages with width=1, height=1, format=8, usage=0x00000006, flags=0x2, size=0x00001000, strides=[128 0]
Jan 01 00:00:00.424    4 10256    23 [81945:1][wfdCreateWFDEGLImagesQNX:1843]CREATED count=1 nativeImages with width=1, height=1, format=9, usage=0x00000006, flags=0x2, size=0x00001000, strides=[128 0]
Jan 01 00:00:00.424    2 10256    23 [81945:1][wfdCreateWFDEGLImagesQNX:1731]DISPLAY_ERROR format=10 AND usage=0x00000004 NOT SUPPORTED, width=1, height=1, count=1
Jan 01 00:00:00.425    4 10256    23 [81945:1][wfdCreateWFDEGLImagesQNX:1843]CREATED count=1 nativeImages with width=1, height=1, format=11, usage=0x00000006, flags=0x2, size=0x00000080, strides=[64 0]
Jan 01 00:00:00.425    4 10256    23 [81945:1][wfdCreateWFDEGLImagesQNX:1843]CREATED count=1 nativeImages with width=1, height=1, format=12, usage=0x00000006, flags=0x2, size=0x00000040, strides=[32 0]
Jan 01 00:00:00.426    4 10256    23 [81945:1][wfdCreateWFDEGLImagesQNX:1843]CREATED count=1 nativeImages with width=1, height=1, format=13, usage=0x00000006, flags=0x2, size=0x00000080, strides=[64 0]
Jan 01 00:00:00.426    4 10256    23 [81945:1][wfdCreateWFDEGLImagesQNX:1843]CREATED count=1 nativeImages with width=1, height=1, format=14, usage=0x00000006, flags=0x2, size=0x00000040, strides=[64 0]
Jan 01 00:00:00.427    4 10256    23 [81945:1][wfdCreateWFDEGLImagesQNX:1843]CREATED count=1 nativeImages with width=1, height=1, format=15, usage=0x00000006, flags=0x2, size=0x00000800, strides=[64 0]
Jan 01 00:00:00.427    4 10256    23 [81945:1][wfdCreateWFDEGLImagesQNX:1843]CREATED count=1 nativeImages with width=1, height=1, format=16, usage=0x00000006, flags=0x2, size=0x00000040, strides=[64 0]
Jan 01 00:00:00.428    2 10256    23 [81945:1][wfdCreateWFDEGLImagesQNX:1731]DISPLAY_ERROR format=17 AND usage=0x00000004 NOT SUPPORTED, width=1, height=1, count=1
Jan 01 00:00:00.428    2 10256    23 [81945:1][wfdCreateWFDEGLImagesQNX:1731]DISPLAY_ERROR format=18 AND usage=0x00000004 NOT SUPPORTED, width=1, height=1, count=1
Jan 01 00:00:00.428    4 10256    23 [81945:1][wfd_BindSourceToPipelineInternal:1194]ATTACHING A NULL SOURCE TO PIPELINE, layer_id=1, pipe->src_image=0x00000000, pPort=0x782137b8, pBoundPort=0x00000000
Jan 01 00:00:00.428    4 10256    23 [81945:1][wfd_BindSourceToPipelineInternal:1194]ATTACHING A NULL SOURCE TO PIPELINE, layer_id=5, pipe->src_image=0x00000000, pPort=0x782137b8, pBoundPort=0x00000000
Jan 01 00:00:00.428    4 10256    23 [81945:1][wfd_BindSourceToPipelineInternal:1194]ATTACHING A NULL SOURCE TO PIPELINE, layer_id=6, pipe->src_image=0x00000000, pPort=0x782137b8, pBoundPort=0x00000000
Jan 01 00:00:00.428    4 10256    23 [81945:1][wfdSetPortAttribiv:2356]WFD_PORT_CBABC_MODE_QNX, display_id=4, *value=0x7671
Jan 01 00:00:00.428    4 10256     8 [81945:1][HDMI_Device_SetProperty:691]HDMI_DEVICE_PROPERTY_DISP_MODE  Mode Index = 0 

Jan 01 00:00:00.428    2 10256    23 [81945:1][wfdSetPortAttribiv:2251]DISPLAY_ERROR WFD_PORT_BACKGROUND_COLOR Not Supported; WFD_ERROR_NOT_SUPPORTED
Jan 01 00:00:00.428    2 10256    23 [81945:1][wfdGetDisplayData:2719]DISPLAY_ERROR DISPLAY ID feature is NOT SUPPORTED on eDisplayId=1
Jan 01 00:00:00.428    5 16013   1459 displaymanager[wait.c:43]: [Resource_BlockWait] /dev/pmic already available !
Jan 01 00:00:00.429    5     8   300 screen: display_mode_set: selecting preferred mode 0 for display 1
Jan 01 00:00:00.429    4 10256    23 [81945:1][wfdSetPortMode:1574]display_id=1, mode=1
Jan 01 00:00:00.429    4 10256     6 [81945:1][ds_displaySetProperty:2682]Property=QDI_DISPLAY_PROPERTY_MODE_INDEX; uModeIndex=0; ePhyDisplayId=1
Jan 01 00:00:00.429    4 10256    23 [81945:1][wfd_AllocSurface:1228]QDI color format=0, WFD color format = 1 uWidthInPixel = 1, uHeightInPixel = 1
Jan 01 00:00:00.429    4 10256    23 [81945:1][wfd_AllocSurface:1275]pMem=0x2800c000, uSurfSize=0x00000400, pNativeImage=0x00328940
Jan 01 00:00:00.429    4 10256    23 [81945:1][wfdCreateWFDEGLImagesQNX:1843]CREATED count=1 nativeImages with width=1, height=1, format=1, usage=0x00000006, flags=0x2, size=0x00000400, strides=[32 0]
Jan 01 00:00:00.430    4 10256    23 [81945:1][wfdCreateWFDEGLImagesQNX:1843]CREATED count=1 nativeImages with width=1, height=1, format=2, usage=0x00000006, flags=0x2, size=0x00000800, strides=[64 0]
Jan 01 00:00:00.430    4 10256    23 [81945:1][wfdCreateWFDEGLImagesQNX:1843]CREATED count=1 nativeImages with width=1, height=1, format=3, usage=0x00000006, flags=0x2, size=0x00000800, strides=[64 0]
Jan 01 00:00:00.430    4 10256    23 [81945:1][wfdCreateWFDEGLImagesQNX:1843]CREATED count=1 nativeImages with width=1, height=1, format=4, usage=0x00000006, flags=0x2, size=0x00000800, strides=[64 0]
Jan 01 00:00:00.431    4 10256    23 [81945:1][wfdCreateWFDEGLImagesQNX:1843]CREATED count=1 nativeImages with width=1, height=1, format=5, usage=0x00000006, flags=0x2, size=0x00000800, strides=[64 0]
Jan 01 00:00:00.431    4 10256    23 [81945:1][wfdCreateWFDEGLImagesQNX:1843]CREATED count=1 nativeImages with width=1, height=1, format=6, usage=0x00000006, flags=0x2, size=0x00000800, strides=[64 0]
Jan 01 00:00:00.431    4 10256    23 [81945:1][wfdCreateWFDEGLImagesQNX:1843]CREATED count=1 nativeImages with width=1, height=1, format=7, usage=0x00000006, flags=0x2, size=0x00000c00, strides=[96 0]
Jan 01 00:00:00.432    4 10256    23 [81945:1][wfdCreateWFDEGLImagesQNX:1843]CREATED count=1 nativeImages with width=1, height=1, format=8, usage=0x00000006, flags=0x2, size=0x00001000, strides=[128 0]
Jan 01 00:00:00.432    4 10256    23 [81945:1][wfdCreateWFDEGLImagesQNX:1843]CREATED count=1 nativeImages with width=1, height=1, format=9, usage=0x00000006, flags=0x2, size=0x00001000, strides=[128 0]
Jan 01 00:00:00.432    2 10256    23 [81945:1][wfdCreateWFDEGLImagesQNX:1731]DISPLAY_ERROR format=10 AND usage=0x00000004 NOT SUPPORTED, width=1, height=1, count=1
Jan 01 00:00:00.432    4 10256    23 [81945:1][wfdCreateWFDEGLImagesQNX:1843]CREATED count=1 nativeImages with width=1, height=1, format=11, usage=0x00000006, flags=0x2, size=0x00000080, strides=[64 0]
Jan 01 00:00:00.433    4 10256    23 [81945:1][wfdCreateWFDEGLImagesQNX:1843]CREATED count=1 nativeImages with width=1, height=1, format=12, usage=0x00000006, flags=0x2, size=0x00000040, strides=[32 0]
Jan 01 00:00:00.433    4 10256    23 [81945:1][wfdCreateWFDEGLImagesQNX:1843]CREATED count=1 nativeImages with width=1, height=1, format=13, usage=0x00000006, flags=0x2, size=0x00000080, strides=[64 0]
Jan 01 00:00:00.434    4 10256    23 [81945:1][wfdCreateWFDEGLImagesQNX:1843]CREATED count=1 nativeImages with width=1, height=1, format=14, usage=0x00000006, flags=0x2, size=0x00000040, strides=[64 0]
Jan 01 00:00:00.434    4 10256    23 [81945:1][wfdCreateWFDEGLImagesQNX:1843]CREATED count=1 nativeImages with width=1, height=1, format=15, usage=0x00000006, flags=0x2, size=0x00000800, strides=[64 0]
Jan 01 00:00:00.434    4 10256    23 [81945:1][wfdCreateWFDEGLImagesQNX:1843]CREATED count=1 nativeImages with width=1, height=1, format=16, usage=0x00000006, flags=0x2, size=0x00000040, strides=[64 0]
Jan 01 00:00:00.434    2 10256    23 [81945:1][wfdCreateWFDEGLImagesQNX:1731]DISPLAY_ERROR format=17 AND usage=0x00000004 NOT SUPPORTED, width=1, height=1, count=1
Jan 01 00:00:00.434    2 10256    23 [81945:1][wfdCreateWFDEGLImagesQNX:1731]DISPLAY_ERROR format=18 AND usage=0x00000004 NOT SUPPORTED, width=1, height=1, count=1
Jan 01 00:00:00.435    4 10256    23 [81945:1][wfd_BindSourceToPipelineInternal:1194]ATTACHING A NULL SOURCE TO PIPELINE, layer_id=0, pipe->src_image=0x00000000, pPort=0x78212960, pBoundPort=0x00000000
Jan 01 00:00:00.435    4 10256    23 [81945:1][wfdSetPortAttribiv:2356]WFD_PORT_CBABC_MODE_QNX, display_id=1, *value=0x7671
Jan 01 00:00:00.437    1 10256     0 [DispPowerApp]: Number of Display ports present = 2

Jan 01 00:00:00.439    1 10256     0 [DispPowerApp]: Setting Display = 0 Power State to: ON

Jan 01 00:00:00.439    4 10256    23 [81945:25][wfdSetPortAttribiv:2342]WFD_PORT_POWER_MODE, LIMITED_USE/ON, display_id=4, ePowerMode=0x7683
Jan 01 00:00:00.439    4 10256    23 [81945:25][wfdDeviceCommit:2194]display_id=4, bNewPowerSettings=1, bConnected=1
Jan 01 00:00:00.439    4 10256     6 [81945:25][dsMdpTools_setPower:503]TURNING power=1 to display=4
Jan 01 00:00:00.449    4 10256    11 [81945:25][Panel_HDMI_COMMON_QC_BridgeChipPower:568]bPowerOn=1, uFlags=0x0
Jan 01 00:00:00.449    5 16013   1459 bridgechip_server[wait.c:43]: [Resource_BlockWait] /dev/gpio already available !
Jan 01 00:00:00.450    5 10000     1 CAM M ADV7282Proxy.c(992): ADV7282 Powered On 
Jan 01 00:00:00.450    5 10000     1 CAM M ADV7282Proxy.c(1139): ADV7282_Init
Jan 01 00:00:00.450    5 16013   1459 displaymanager[wait.c:43]: [Resource_BlockWait] /dev/gpio already available !
Jan 01 00:00:00.458    5 16013   1459 qwaitfor[wait.c:65]: [Resource_BlockWait] /dev/shmem/ifsloader.dma.done available !
Jan 01 00:00:00.459    5 16023   194 bmetrics_service[bmetric_service.c:194]: start_mmc: launching
Jan 01 00:00:00.473    5 10000     1 CAM M CCameraEngine.cpp(295): CoreProfile:Core Initialize Starts
Jan 01 00:00:00.473    5 16013   1459 displaymanager[wait.c:43]: [Resource_BlockWait] /dev/mmpm already available !
Jan 01 00:00:00.475    4 10512     0 [DS90UH929Q_QC_0][65560:3][DS90UH929Q_QC_0_Power:826]RX LOCKED, uCnt=5, uSTSRegVal=0x28 bIsRxDetected=1
Jan 01 00:00:00.475    4 10512     0 [DS90UH929Q_QC_0][65560:3][DS90UH929Q_QC_0_Power:845]Device succesfully powered ON
Jan 01 00:00:00.475    4 10512     0 [DS90UH929Q_QC_0][65560:7][DS90UH929Q_QC_0_ErrorPolling:1132]ErrorPolling Thread successfully created.
Jan 01 00:00:00.476    4 10256     6 [81945:25][dsTools_startDisplay:845]TURNING ON engine for eDisplayId=4, sDisplayAttr.ePhysConnect=7
Jan 01 00:00:00.476    1 10256     0 [DispPowerApp]: Setting Display = 1 Power State to: ON

Jan 01 00:00:00.477    4 10256    23 [81945:25][wfdSetPortAttribiv:2342]WFD_PORT_POWER_MODE, LIMITED_USE/ON, display_id=1, ePowerMode=0x7683
Jan 01 00:00:00.477    4 10256    23 [81945:25][wfdDeviceCommit:2194]display_id=1, bNewPowerSettings=1, bConnected=1
Jan 01 00:00:00.477    4 10256     6 [81945:25][dsMdpTools_setPower:503]TURNING power=1 to display=1
Jan 01 00:00:00.477    4 10256    24 [81945:25][LVDS_Device_SetProperty:191]New PowerStatus = 1
Jan 01 00:00:00.477    4 10512     0 [DS90UH929Q_QC_0][65560:6][DS90UH929Q_QC_0_ConfigureInterrupts:687]Interrupts successfully configured, ISR=0x61
Jan 01 00:00:00.477    4 10512     0 [DS90UH929Q_QC_0][65560:6][DS90UH929Q_QC_0_ISRHandler:1341]ISR successfully created
Jan 01 00:00:00.480    4 10256    24 [81945:25][LVDS_ClkPwr_ConfigPixelClock:305]uDesiredBitClkInHz=370993952, uSupportedPixelClkInHz=52897956, LVDS bBootSkipMode=0
Jan 01 00:00:00.480    5    19   1800 devb-sdmmc-rim-msmsdcc 1.00A (Jun 20 2017 02:48:54)
Jan 01 00:00:00.481    4 10256     2 [81945:25][Panel_LVDS_COMMON_QC_PowerLCD:903]uPixelClkFreqInKHz=52897
Jan 01 00:00:00.481    4 10256     2 [81945:25][PowerOnSerializer:397]bPowerOn=1, uFlags=0x0
Jan 01 00:00:00.483    2     5     0 libcam.so (Oct  7 2015 10:55:52) bver 6050003
Jan 01 00:00:00.487    5 10000     1 CAM M ADV7282Proxy.c(960): ADV7282_PowerOn already powered on
Jan 01 00:00:00.487    5 10000     1 CAM M ADV7282Proxy.c(1139): ADV7282_Init
Jan 01 00:00:00.489    5 10000     1 CAM M ADV7282Proxy.c(960): ADV7282_PowerOn already powered on
Jan 01 00:00:00.489    5 10000     1 CAM M ADV7282Proxy.c(1139): ADV7282_Init
Jan 01 00:00:00.492    4 10512     0 [DS90UH927Q_QC_0][65560:3][DS90UH927Q_QC_0_Power:761]Setting backward compatibility mode
Jan 01 00:00:00.493    3 10512     0 [DS90UH927Q_QC_0][65560:3][DS90UH927Q_QC_0_Power:781]BRIDGECHIP_WARNING RX NOT detected, uSTSRegVal=0x0
Jan 01 00:00:00.493    4 10512     0 [DS90UH927Q_QC_0][65560:3][DS90UH927Q_QC_0_Power:838]Device succesfully powered ON
Jan 01 00:00:00.493    4 10512     0 [DS90UH927Q_QC_0][65560:8][DS90UH927Q_QC_0_ErrorPolling:1139]ErrorPolling Thread successfully created.
Jan 01 00:00:00.494    4 10256     6 [81945:25][dsTools_startDisplay:845]TURNING ON engine for eDisplayId=1, sDisplayAttr.ePhysConnect=12
Jan 01 00:00:00.497    5    17     0 reserve_resource: Start 8100000 - End fefffff - Name pcimemory/Bus0
Jan 01 00:00:00.498    5 16023   194 bmetrics_service[bmetric_service.c:194]: screen ready
Jan 01 00:00:00.499    7    19   1800 mmcsd_bsp_init: SDC BSP initialized for slot ID 1

Jan 01 00:00:00.499    7    19   1800 _sdmmc_config_gpio: Setup gpio
Jan 01 00:00:00.499    7    19   1800 _sdmmc_config_gpio: power off device state 

Jan 01 00:00:00.499    5    17     0 reserve_resource: Start 8000000 - End 80fffff - Name io/Bus0
Jan 01 00:00:00.500    5    17     0 scan_device: Bus 0 - Device 0 - Function 0 - SecBus 0
Jan 01 00:00:00.500    5    17     0 Vendor 17cb Device 101 Index 0 ClassCode ff0000
Jan 01 00:00:00.500    5 10000     1 CAM M CCameraEngine.cpp(559): CoreProfile:Core Initialize Ends
Jan 01 00:00:00.500    6    17     0 scan_device exiting
Jan 01 00:00:00.501    5    17     0 No. Host bridges 1 - Class ff0000
Jan 01 00:00:00.501    7    19   1800 _sdmmc_detect: SD card only
Jan 01 00:00:00.502    5    17     0 scan_device: Bus 0 - Device 0 - Function 0 - SecBus 0
Jan 01 00:00:00.502    3    19   1800 sdio_cd:  insertion path 0, cd state 0x1
Jan 01 00:00:00.502    5    17     0 Vendor 17cb Device 101 Index 1 ClassCode ff0000
Jan 01 00:00:00.502    5    19   1800 sdio_pwr:  vdd 0.0 (0x0)
Jan 01 00:00:00.502    5 10000     1 CAM M cam_capture.c(154): capture_create_context: OnEnter
Jan 01 00:00:00.502    6    17     0 scan_device exiting
Jan 01 00:00:00.503    5    17     0 scan_device: Bus 0 - Device 1 - Function 0 - SecBus 0
Jan 01 00:00:00.503    5    17     0 Vendor 104c Device b800 Index 0 ClassCode 78000
Jan 01 00:00:00.503    3    17     0 Range check failed (MEM) - Dev b800 - Vend 104c - Class 78000 - Addr 0 - Size 1000
Jan 01 00:00:00.503    5    17     0 MEM 0 1000 
Jan 01 00:00:00.503    3    17     0 Range check failed (MEM) - Dev b800 - Vend 104c - Class 78000 - Addr 0 - Size 4000
Jan 01 00:00:00.503    5    17     0 MEM 0 4000 pref
Jan 01 00:00:00.503    3    17     0 Range check failed (MEM) - Dev b800 - Vend 104c - Class 78000 - Addr 0 - Size 4000
Jan 01 00:00:00.503    5    17     0 MEM 0 4000 pref
Jan 01 00:00:00.503    3    17     0 Range check failed (MEM) - Dev b800 - Vend 104c - Class 78000 - Addr 0 - Size 4000
Jan 01 00:00:00.503    5    17     0 MEM 0 4000 pref
Jan 01 00:00:00.503    3    17     0 Range check failed (MEM) - Dev b800 - Vend 104c - Class 78000 - Addr 0 - Size 4000
Jan 01 00:00:00.503    5    17     0 MEM 0 4000 pref
Jan 01 00:00:00.504    5    17     0 scan_device: Bus 0 - Device 2 - Function 0 - SecBus 0
Jan 01 00:00:00.504    5    17     0 Vendor fa5c Device d Index 0 ClassCode dfa
Jan 01 00:00:00.504    3    17     0 Range check failed (IO) - Dev d - Vend fa5c - Class dfa - Addr ab3c - Size 100
Jan 01 00:00:00.504    5    17     0 IO ab3c 100
Jan 01 00:00:00.504    3    17     0 Range check failed (IO) - Dev d - Vend fa5c - Class dfa - Addr 0 - Size 100
Jan 01 00:00:00.504    5    17     0 IO 0 100
Jan 01 00:00:00.504    3    17     0 Range check failed (IO) - Dev d - Vend fa5c - Class dfa - Addr 0 - Size 100
Jan 01 00:00:00.504    5    17     0 IO 0 100
Jan 01 00:00:00.504    3    17     0 Range check failed (IO) - Dev d - Vend fa5c - Class dfa - Addr 0 - Size 100
Jan 01 00:00:00.504    5    17     0 IO 0 100
Jan 01 00:00:00.504    3    17     0 Range check failed (IO) - Dev d - Vend fa5c - Class dfa - Addr 0 - Size 100
Jan 01 00:00:00.504    5    17     0 IO 0 100
Jan 01 00:00:00.504    3    17     0 Range check failed (IO) - Dev d - Vend fa5c - Class dfa - Addr 0 - Size 100
Jan 01 00:00:00.504    5    17     0 IO 0 100
Jan 01 00:00:00.504    3    17     0 Range check failed (ROM) - Dev d - Vend fa5c - Class dfa - Addr 0 - Size 100
Jan 01 00:00:00.504    5    17     0 ROM 0 - 100
Jan 01 00:00:00.504    5    17     0 scan_device: Bus 0 - Device 2 - Function 1 - SecBus 0
Jan 01 00:00:00.504    5    17     0 Vendor fa5c Device d Index 1 ClassCode dfa
Jan 01 00:00:00.504    3    17     0 Range check failed (IO) - Dev d - Vend fa5c - Class dfa - Addr ab3c - Size 100
Jan 01 00:00:00.504    5    17     0 IO ab3c 100
Jan 01 00:00:00.504    3    17     0 Range check failed (IO) - Dev d - Vend fa5c - Class dfa - Addr 0 - Size 100
Jan 01 00:00:00.504    5    17     0 IO 0 100
Jan 01 00:00:00.504    3    17     0 Range check failed (IO) - Dev d - Vend fa5c - Class dfa - Addr 0 - Size 100
Jan 01 00:00:00.505    5    17     0 IO 0 100
Jan 01 00:00:00.505    3    17     0 Range check failed (IO) - Dev d - Vend fa5c - Class dfa - Addr 0 - Size 100
Jan 01 00:00:00.505    5    17     0 IO 0 100
Jan 01 00:00:00.505    3    17     0 Range check failed (IO) - Dev d - Vend fa5c - Class dfa - Addr 0 - Size 100
Jan 01 00:00:00.505    5    17     0 IO 0 100
Jan 01 00:00:00.505    3    17     0 Range check failed (IO) - Dev d - Vend fa5c - Class dfa - Addr 0 - Size 100
Jan 01 00:00:00.505    5    17     0 IO 0 100
Jan 01 00:00:00.505    3    17     0 Range check failed (ROM) - Dev d - Vend fa5c - Class dfa - Addr 0 - Size 100
Jan 01 00:00:00.505    5    17     0 ROM 0 - 100
Jan 01 00:00:00.505    6    17     0 PCI Bridge Bus 0 - DevFn 0 - Sec 0 - Sub 0
Jan 01 00:00:00.505    5    17     0 Map 89b050 - Next 0 - Prev 0 - Peer 0
Jan 01 00:00:00.505    5    17     0 Prim 0 - Sec 0 - Sub 0
Jan 01 00:00:00.508    5    19   1800 sdio_pwr:  vdd 1.7-1.9 (0x80)
Jan 01 00:00:00.508    5    19   1800 sdio_clock:  clk 400000
Jan 01 00:00:00.508    5 16023   194 bmetrics_service[bmetric_service.c:194]: /dev/pci ready
Jan 01 00:00:00.508    5    17     0 io_open for id = 3
Jan 01 00:00:00.509    5    17     0 io_close_ocb
Jan 01 00:00:00.510    5    19   1800 sdio_bus_width:  width 1
Jan 01 00:00:00.511    5    19   1800 sdio_timing:  timing LS
Jan 01 00:00:00.511    5    19   1800 sdio_bus_mode:  mode open drain
Jan 01 00:00:00.511    5    19   1800 sdio_signal_voltage:  3.3V
Jan 01 00:00:00.513    5 10000     0 00:00:00.513 MMX BENCH_Startup DisplayManager: Capture module loaded
Jan 01 00:00:00.513    5 10000     0 00:00:00.513 MMX BENCH_Startup DisplayManager: Created Screen context
Jan 01 00:00:00.519    4 10002     3 Initialized OOC > Display Manager connection.
Jan 01 00:00:00.524    5    14     0 tcpip starting
Jan 01 00:00:00.525    5    17     0 io_open for id = 3
Jan 01 00:00:00.525    5    17     0 io_close_ocb
Jan 01 00:00:00.530    5    17     0 io_open for id = 10003
Jan 01 00:00:00.535    5    14     0 initializing IPsec... done
Jan 01 00:00:00.535    3    14     0 Falling back on pseudo random generator: errno: 11
Jan 01 00:00:00.536    5    14     0 IPsec: Initialized Security Association Processing.
Jan 01 00:00:00.553    5    17     0 io_open for id = 4
Jan 01 00:00:00.553    5    17     0 Reg 1 - Size 4000
Jan 01 00:00:00.553    5    17     0 Reg 2 - Size 4000
Jan 01 00:00:00.553    5    17     0 Reg 3 - Size 4000
Jan 01 00:00:00.553    5    17     0 Reg 4 - Size 4000
Jan 01 00:00:00.553    5    17     0 Reg 0 - Size 1000
Jan 01 00:00:00.573    5    14     0 mmx0
Jan 01 00:00:00.591    7    15     0 qnet(L4): qnet_birth(): qnet_init() - calling

Jan 01 00:00:00.594    7    15     0 qnet(L4): try_ifp(): new interface: mmx0: index 0 mac addr 00:05:04:03:02:01

Jan 01 00:00:00.594    7    15     0 qnet(QOS): nd_change_notify(): Node Up:   nd 0 mmx.mibhigh.net

Jan 01 00:00:00.595    7    15     0 qnet(QOS): nd_change_notify(): Node Up:   nd 1 rcc.mibhigh.net

Jan 01 00:00:00.595    7    15     0 qnet(L4): qnet_birth(): qnet_init() - complete

Jan 01 00:00:01.133    5    19   1800 sdio_pwr:  vdd 1.7-1.9 (0x80)
Jan 01 00:00:01.134    7    15     0 qnet(kif): server_lookup(): invalid scoid 38, 0

Jan 01 00:00:01.145    5    19   1800 sdio_bus_mode:  mode push pull
Jan 01 00:00:01.163    5    19   1800 sdio_signal_voltage:  1.8V
Jan 01 00:00:01.165    5    19   1800 sdio_bus_width:  width 8
Jan 01 00:00:01.168    5    19   1800 sdio_timing:  timing HS200
Jan 01 00:00:01.168    5    19   1800 sdio_clock:  clk 200000000
Jan 01 00:00:01.178    7    19   1800 msmsdcc_get_tuning_block:  
Jan 01 00:00:01.179    7    19   1800 msmsdcc_tune: Tuning point 0 - good
Jan 01 00:00:01.179    7    19   1800 msmsdcc_get_tuning_block:  
Jan 01 00:00:01.179    7    19   1800 msmsdcc_tune: Tuning point 1 - good
Jan 01 00:00:01.180    7    19   1800 msmsdcc_get_tuning_block:  
Jan 01 00:00:01.180    7    19   1800 msmsdcc_tune: Tuning point 2 - good
Jan 01 00:00:01.180    7    19   1800 msmsdcc_get_tuning_block:  
Jan 01 00:00:01.180    3    19   1800 msmsdcc_intr_event:699: PWR 01, CLK 01011f00, ARG 00000000, CMD 00000455, rCMD 00 RSP 100:f5903ff:ffffffef:864000ac
Jan 01 00:00:01.180    3    19   1800 DTIMER 17d78400, DLEN 00000080, DCTL 00000803, DCNT 00000000, STAT 00000003, MASK 48081ff:0, FIFO CNT 00000000, RSP MSK 0
Jan 01 00:00:01.181    3    19   1800 DLL CFG 07256100, DLL STAT 00000014, STAT2 0, GNRCS 410024d TEST 3fe
Jan 01 00:00:01.181    2    19   1800 sdio_cmd_cmplt: CMD 21, flgs 0x558, arg 0x0, blks 1, blksz 128, status CMD CRC ERR (6)
Jan 01 00:00:01.183    7    19   1800 msmsdcc_tune: Tuning point 3 - bad
Jan 01 00:00:01.183    7    19   1800 msmsdcc_get_tuning_block:  
Jan 01 00:00:01.183    3    19   1800 msmsdcc_intr_event:699: PWR 01, CLK 01011f00, ARG 00000000, CMD 00000455, rCMD 15 RSP 900:f5903ff:ffffffef:864000ac
Jan 01 00:00:01.183    3    19   1800 DTIMER 17d78400, DLEN 00000080, DCTL 00000803, DCNT 00000000, STAT 00000042, MASK 48081ff:0, FIFO CNT 00000000, RSP MSK 0
Jan 01 00:00:01.183    3    19   1800 DLL CFG 07656100, DLL STAT 00000034, STAT2 0, GNRCS 410024d TEST 3fe
Jan 01 00:00:01.183    2    19   1800 sdio_cmd_cmplt: CMD 21, flgs 0x558, arg 0x0, blks 1, blksz 128, status DATA CRC ERR (9)
Jan 01 00:00:01.183    7    19   1800 msmsdcc_tune: Tuning point 4 - bad
Jan 01 00:00:01.184    7    19   1800 msmsdcc_get_tuning_block:  
Jan 01 00:00:01.184    7    19   1800 msmsdcc_tune: Tuning point 5 - good
Jan 01 00:00:01.185    7    19   1800 msmsdcc_get_tuning_block:  
Jan 01 00:00:01.185    7    19   1800 msmsdcc_tune: Tuning point 6 - good
Jan 01 00:00:01.186    7    19   1800 msmsdcc_get_tuning_block:  
Jan 01 00:00:01.188    7    19   1800 msmsdcc_tune: Tuning point 7 - good
Jan 01 00:00:01.188    7    19   1800 msmsdcc_get_tuning_block:  
Jan 01 00:00:01.188    7    19   1800 msmsdcc_tune: Tuning point 8 - good
Jan 01 00:00:01.188    7    19   1800 msmsdcc_get_tuning_block:  
Jan 01 00:00:01.189    7    19   1800 msmsdcc_tune: Tuning point 9 - good
Jan 01 00:00:01.189    7    19   1800 msmsdcc_get_tuning_block:  
Jan 01 00:00:01.189    7    19   1800 msmsdcc_tune: Tuning point 10 - good
Jan 01 00:00:01.189    7    19   1800 msmsdcc_get_tuning_block:  
Jan 01 00:00:01.190    7    19   1800 msmsdcc_tune: Tuning point 11 - good
Jan 01 00:00:01.190    7    19   1800 msmsdcc_get_tuning_block:  
Jan 01 00:00:01.190    7    19   1800 msmsdcc_tune: Tuning point 12 - good
Jan 01 00:00:01.190    7    19   1800 msmsdcc_get_tuning_block:  
Jan 01 00:00:01.190    7    19   1800 msmsdcc_tune: Tuning point 13 - good
Jan 01 00:00:01.191    7    19   1800 msmsdcc_get_tuning_block:  
Jan 01 00:00:01.191    7    19   1800 msmsdcc_tune: Tuning point 14 - good
Jan 01 00:00:01.191    7    19   1800 msmsdcc_get_tuning_block:  
Jan 01 00:00:01.191    7    19   1800 msmsdcc_tune: Tuning point 15 - good
Jan 01 00:00:01.191    5    19   1800 MMC CID:
Jan 01 00:00:01.192    5    19   1800   MID 0x13, OID 0x4e, PNM R1J58E
Jan 01 00:00:01.192    5    19   1800   PRV 0x10, PSN 0xa95dfa10, MDT 11-2018
Jan 01 00:00:01.192    5    19   1800 MMC CSD:
Jan 01 00:00:01.193    5    19   1800   CSD_STRUCTURE 3, SPEC_VERS 4, CCC 0xf5
Jan 01 00:00:01.193    5    19   1800   TAAC 127, NSAC 1, TRAN_SPEED 50
Jan 01 00:00:01.193    5    19   1800   C_SIZE 4095, C_SIZE_MULT 7
Jan 01 00:00:01.193    5    19   1800   READ_BL_LEN 9, WRITE_BL_LEN 9
Jan 01 00:00:01.193    5    19   1800   ERASE GRP_SIZE 31, GRP_MULT 31, SIZE 0
Jan 01 00:00:01.194    5    19   1800   blksz 512, sectors 2097152, dtr 25000000
Jan 01 00:00:01.194    5    19   1800 MMC EXT CSD:
Jan 01 00:00:01.195    5    19   1800   DEVICE_TYPE 0x17, EXT_CSD_REV 7
Jan 01 00:00:01.195    7    15     0 qnet(QOS): tx_xmit_init_conn_pkt(): to nd 1 on L4 0

Jan 01 00:00:01.196    5    19   1800   SEC_COUNT 124321792, dtr 200000000
Jan 01 00:00:01.196    5    19   1800   HC_ERASE_GRP_SIZE 1, HC_WP_GRP_SIZE 32
Jan 01 00:00:01.196    5    19   1800 CFG:  Timing HS200, DTR 200000000, Bus Width 8 bit

Jan 01 00:00:01.197    2    19   1800   part uda, config 38, slba 0, nlba 124321792, elba 124321791
Jan 01 00:00:01.197    2    19   1800   part boot, config 39, slba 0, nlba 16384, elba 16383
Jan 01 00:00:01.197    2    19   1800   part boot, config 3a, slba 0, nlba 16384, elba 16383
Jan 01 00:00:01.197    5    19   1800 sdio_set_pon_flag:  PON dev flags 0x901
Jan 01 00:00:01.199    5    19   1800 sdmmc_pwroff_notify:
Jan 01 00:00:01.199    5    19   1800 sdmmc_driver_thread:	temperature timer_created
Jan 01 00:00:01.227    2     5   100 cam-disk.so (Oct  7 2015 10:56:05)
Jan 01 00:00:01.387    5 11473     0 [fsmounter] 0000001386 mounted 0 in 9ms
Jan 01 00:00:01.398    5 11473     0 [fsmounter] 0000001398 mounted 1 in 11ms
Jan 01 00:00:01.409    5 11473     0 [fsmounter] 0000001409 mounted 2 in 11ms
Jan 01 00:00:01.423    5 11473     0 [fsmounter] 0000001423 mounted 3 in 14ms
Jan 01 00:00:01.440    5 11473     0 [fsmounter] 0000001440 mounted 4 in 17ms
Jan 01 00:00:01.445    5 11473     0 [fsmounter] 0000001445 mounted 5 in 5ms
Jan 01 00:00:01.450    5 11473     0 [fsmounter] 0000001450 mounted 6 in 5ms
Jan 01 00:00:01.456    5 11473     0 [fsmounter] 0000001456 mounted 7 in 6ms
Jan 01 00:00:01.461    5 11473     0 [fsmounter] 0000001461 mounted 8 in 5ms
Jan 01 00:00:01.465    5 11473     0 [fsmounter] 0000001465 mounted 9 in 4ms
Jan 01 00:00:01.470    5 11473     0 [fsmounter] 0000001470 mounted 10 in 4ms
Jan 01 00:00:01.476    5 11473     0 [fsmounter] 0000001476 mounted 11 in 6ms
Jan 01 00:00:01.482    5 11473     0 [fsmounter] 0000001482 mounted 12 in 5ms
Jan 01 00:00:01.487    5 11473     0 [fsmounter] 0000001487 mounted 13 in 5ms
Jan 01 00:00:01.498    5 11473     0 [fsmounter] 0000001498 mounted 14 in 11ms
Jan 01 00:00:01.498    5 11473     0 [fsmounter] 0000001498 mounted 15 of 15 filesystems in 121ms
Jan 01 00:00:01.568    5 10000     0 00:00:01.568 MMX BENCH_Startup DisplayManager: Framework module loaded
Jan 01 00:00:01.582    5 10000     0 00:00:01.582 MMX BENCH_Startup DisplayManager: Startup animation module loaded
Jan 01 00:00:01.593    5    17     0 io_open for id = 5
Jan 01 00:00:01.593    5    17     0 io_close_ocb
Jan 01 00:00:01.595    7    15     0 qnet(QOS): tx_xmit_init_conn_pkt(): to nd 1 on L4 0 retry 1

Jan 01 00:00:01.654    5 10000     0 00:00:01.654 MMX BENCH_Startup DisplayManager: starting main module
Jan 01 00:00:01.682    5     8   100 (name:displaymanager)(pid:143391)(tid:1) I/Adreno-EGL: <qeglDrvAPI_eglInitialize:379>: EGL 1.4 QUALCOMM Build: 3929146
Jan 01 00:00:01.701    5     8   100 (name:displaymanager)(pid:143391)(tid:1) E/Adreno-ES20: <rb_context_create:936>: using num_swaps_before_free = 200
Jan 01 00:00:01.701    5     8   100 (name:displaymanager)(pid:143391)(tid:1) E/Adreno-ES20: <rb_context_create:943>: using aging_ts_threshold = 20
Jan 01 00:00:01.702    5     8   100 (name:displaymanager)(pid:143391)(tid:28) E/Adreno-ES20: <rb_mem_pool_cleanup_thread:985>: mem_pool thread created 
Jan 01 00:00:01.702    5     8   100 (name:displaymanager)(pid:143391)(tid:25) I/Adreno-EGL: <qeglDrvAPI_eglInitialize:379>: EGL 1.4 QUALCOMM Build: 3929146
Jan 01 00:00:01.703    5 10000     0 00:00:01.703 MMX BENCH_Startup DisplayManager: Swap interval for Startup Animation is: 3
Jan 01 00:00:01.709    4 10256    23 [81945:28][wfdCreateWFDEGLImagesQNX:1843]CREATED count=2 nativeImages with width=1024, height=480, format=8, usage=0x0000002e, flags=0x2, size=0x001e0000, strides=[4096 0]
Jan 01 00:00:01.709    5     8   300 screen: loading blit module c2d...
Jan 01 00:00:01.711    4 10256    23 [81945:25][wfdCreateWFDEGLImagesQNX:1843]CREATED count=2 nativeImages with width=1024, height=480, format=8, usage=0x00000426, flags=0x2, size=0x001e0000, strides=[4096 0]
Jan 01 00:00:01.720    5 16023   194 bmetrics_service[bmetric_service.c:194]: filesystem ready
Jan 01 00:00:01.730    5     8   100 (name:screen)(pid:81945)(tid:28) E/Adreno-C2D: <c2d_lock:265>: c2dUpdateMappedSurfaceIT is called when C2D Driver Not Initialized : error = 3
Jan 01 00:00:01.731    5     8   317 screen-c2d [c2d_init:223]: Resource manager initialized successfully
Jan 01 00:00:01.737    5     8   100 (name:screen)(pid:81945)(tid:28) E/Adreno-C2D: <c2d_init_res_mgr:222>: Resource Manager Init - w/ Thread Pool

Jan 01 00:00:01.766    4 10256    23 [81945:28][wfdCreateWFDEGLImagesQNX:1843]CREATED count=2 nativeImages with width=1440, height=542, format=8, usage=0x0000002e, flags=0x2, size=0x002fd000, strides=[5760 0]
Jan 01 00:00:01.772    4 10256    23 [81945:28][wfd_BindSourceToPipelineInternal:1194]ATTACHING A NULL SOURCE TO PIPELINE, layer_id=1, pipe->src_image=0x00000000, pPort=0x782137b8, pBoundPort=0x00000000
Jan 01 00:00:01.772    4 10256    23 [81945:28][wfd_BindSourceToPipelineInternal:1194]ATTACHING A NULL SOURCE TO PIPELINE, layer_id=5, pipe->src_image=0x00000000, pPort=0x782137b8, pBoundPort=0x00000000
Jan 01 00:00:01.772    4 10256    23 [81945:28][wfd_BindSourceToPipelineInternal:1194]ATTACHING A NULL SOURCE TO PIPELINE, layer_id=6, pipe->src_image=0x00000000, pPort=0x782137b8, pBoundPort=0x00000000
Jan 01 00:00:01.788    5     8   100 (name:displaymanager)(pid:143391)(tid:25) E/Adreno-ES20: <rb_context_create:936>: using num_swaps_before_free = 200
Jan 01 00:00:01.789    5     8   100 (name:displaymanager)(pid:143391)(tid:25) E/Adreno-ES20: <rb_context_create:943>: using aging_ts_threshold = 20
Jan 01 00:00:01.789    5     8   100 (name:displaymanager)(pid:143391)(tid:34) E/Adreno-ES20: <rb_mem_pool_cleanup_thread:985>: mem_pool thread created 
Jan 01 00:00:01.798    5     8   100 (name:displaymanager)(pid:143391)(tid:25) E/Adreno-ES20: <api_profiler_control_open:1134>: API TRACE PROFILER: checking control
Jan 01 00:00:01.847    5 10000     0 00:00:01.847 MMX BENCH_Startup DisplayManager: ipc-initialization done
Jan 01 00:00:01.847    5 10000     0 00:00:01.847 MMX BENCH_Startup DisplayManager: Event dispatch thread started
Jan 01 00:00:01.848    5 10000     0 00:00:01.848 MMX BENCH_Startup DisplayManager: Main module loaded
Jan 01 00:00:01.861    5     8   100 (name:displaymanager)(pid:143391)(tid:27) E/Adreno-ES20: <api_profiler_control_open:1134>: API TRACE PROFILER: checking control
Jan 01 00:00:01.866    5     8   100 (name:displaymanager)(pid:143391)(tid:27) W/Adreno-ES20: <__load_uniform_int:319>: GL_INVALID_OPERATION
Jan 01 00:00:01.869    5 10000     0 00:00:01.869 MMX BENCH_Startup DisplayManager: screen-initialization done
Jan 01 00:00:01.873    4 10256    23 [81945:28][wfdCreateSourceFromImage:2273]CREATED source=0x001aa898, nativeImage=0x001ad0b8 [width=1024, height=480, format=8, usage=0x0000002f, size=0x001e0000, paddr=0xfd900000, strides=[4096 0], vaddr=0x28400000, planar_offsets=[0x00000000 0x00000000 0x00000000]], pipe->layer_id=1, ePixelFormat=6
Jan 01 00:00:01.873    4 10256    23 [81945:28][wfdCreateSourceFromImage:2273]CREATED source=0x001aa8c0, nativeImage=0x001ad188 [width=1024, height=480, format=8, usage=0x0000002f, size=0x001e0000, paddr=0xfca00000, strides=[4096 0], vaddr=0x28d00000, planar_offsets=[0x00000000 0x00000000 0x00000000]], pipe->layer_id=1, ePixelFormat=6
Jan 01 00:00:01.875    4 10256    23 [81945:28][wfd_CheckAndTranslateNativeImage:1601]TRANSLATED pNativeImage=0x001ad0b8 [width=1024, height=480, format=8, usage=0x0000002f, size=0x001e0000, paddr=0xfd900000, strides=[4096 0], vaddr=0x28400000, planar_offsets=[0x00000000 0x00000000 0x00000000]], devaddr=0x00200000
Jan 01 00:00:01.875    4 10256    23 [81945:28][wfdSetPipelineAttribiv:3015]SOURCE_RECTANGLE (x=0 y=0 w=1024 h=480), layer_id=1
Jan 01 00:00:01.875    4 10256    23 [81945:28][wfdSetPipelineAttribiv:3193]DESTINATION_RECTANGLE (x=0 y=0 w=1024 h=480), layer_id=1
Jan 01 00:00:01.875    4 10256    23 [81945:28][wfd_BindSourceToPipelineInternal:1194]ATTACHING A NULL SOURCE TO PIPELINE, layer_id=5, pipe->src_image=0x00000000, pPort=0x782137b8, pBoundPort=0x00000000
Jan 01 00:00:01.875    4 10256    23 [81945:28][wfd_BindSourceToPipelineInternal:1194]ATTACHING A NULL SOURCE TO PIPELINE, layer_id=6, pipe->src_image=0x00000000, pPort=0x782137b8, pBoundPort=0x00000000
Jan 01 00:00:01.875    4 10256    23 [81945:28][wfdDeviceCommit:1552]wfd_qdi_DetachLayer (pPortsForSplashTransition) pipe->layer_id=5, port->display_id=4
Jan 01 00:00:01.875    3 10256     6 [81945:28][ds_displayDetachLayer:2295]DISPLAY_WARNING ePhyLayerId=2 NOT attached to any display
Jan 01 00:00:01.875    4 10256    23 [81945:28][wfdDeviceCommit:1552]wfd_qdi_DetachLayer (pPortsForSplashTransition) pipe->layer_id=6, port->display_id=4
Jan 01 00:00:01.875    3 10256     6 [81945:28][ds_displayDetachLayer:2295]DISPLAY_WARNING ePhyLayerId=3 NOT attached to any display
Jan 01 00:00:01.875    4 10256    23 [81945:28][wfdDeviceCommit:1974]wfd_qdi_AttachLayer pipe->layer_id=1 to pipe->port=0x782137b8, src_image=0x001aa898
Jan 01 00:00:01.875    4 10256     6 [81945:28][ds_displayAttachLayer:2202]ePhyLayerId=1, ePhyDisplayId=4
Jan 01 00:00:01.876    4 10256    23 [81945:28][wfd_qdi_AttachLayer:3777]QDI_Display_AttachLayer 1

Jan 01 00:00:01.876    4 10256     6 [81945:28][ds_layerSetProperty:4713]CROPPING_RECTANGLE, ePhyLayerId=1, SRC (x=0 y=0 w=1024 h=480), DST (x=0 y=0 w=1024 h=480)
Jan 01 00:00:01.883    4 10256    23 [81945:28][wfdDeviceCommit:2872]SUCCESSFUL splash transition for pPortsForSplashTransition[0]->display_id=4, uNumOfPortsForSplashTransition=1
Jan 01 00:00:01.883    4 10256    23 [81945:28][wfdDeviceCommit:2884]SUCCESSFUL splash transition for device
Jan 01 00:00:01.920    7    15     0 qnet(kif): server_lookup(): invalid scoid 42, 39

Jan 01 00:00:01.927    7    15     0 qnet(kif): server_lookup(): invalid scoid 43, 43

Jan 01 00:00:01.949    5 16023   194 bmetrics_service[bmetric_service.c:194]: /net/rcc ready
Jan 01 00:00:02.008    5 10000     0 Starting /etc/boot/startup.sh ...: launching
Jan 01 00:00:02.193    5 16023   194 bmetrics_service[bmetric_service.c:194]: mode normal: launching
Jan 01 00:00:02.224    5 16023   194 bmetrics_service[bmetric_service.c:194]: early drivers: launching
Jan 01 00:00:02.237    5 16023   194 bmetrics_service[bmetric_service.c:194]: check_filesystems: launching
Jan 01 00:00:02.360    5 16013   1459 devc-sermsm8x60[wait.c:43]: [Resource_BlockWait] /dev/gpio already available !
Jan 01 00:00:02.360    5 16013   1459 devc-sermsm8x60[wait.c:43]: [Resource_BlockWait] /dev/gpio already available !
Jan 01 00:00:02.366    5     6     0  irq corresponding to gpio 11 is 36
Jan 01 00:00:02.366    5     6     0  irq corresponding to gpio 7 is 2055
Jan 01 00:00:02.367    5     6     0 Wakeup setup successfully completed
Jan 01 00:00:02.367    5     6     0 Wakeup setup successfully completed
Jan 01 00:00:02.454    5 16023   194 bmetrics_service[bmetric_service.c:194]: ramdisk(s): launching
Jan 01 00:00:02.487    5 10000     0 Creating a 20 MB ramdisk (sysramdisk) mounted at /ramdisk: launching
Jan 01 00:00:02.502    5 10000     0 Creating a 10 MB ramdisk (organizer) mounted at /organizerdisk: launching
Jan 01 00:00:02.612    5    19   1800 devb-sdmmc-rim-msmsdcc 1.00A (Jun 20 2017 02:48:54)
Jan 01 00:00:02.702    2     5     0 libcam.so (Oct  7 2015 10:55:52) bver 6050003
Jan 01 00:00:02.716    2     5     0 libcam.so (Oct  7 2015 10:55:52) bver 6050003
Jan 01 00:00:02.747    2     5     0 libcam.so (Oct  7 2015 10:55:52) bver 6050003
Jan 01 00:00:02.749    5    19   1800 devb-sdmmc-rim-msmsdcc 1.00A (Jun 20 2017 02:48:54)
Jan 01 00:00:02.830    2    19   1800 bs_parse_options: option value 20
Jan 01 00:00:02.850    2     5     0 libcam.so (Oct  7 2015 10:55:52) bver 6050003
Jan 01 00:00:02.857    5     8   100 (name:displaymanager)(pid:143391)(tid:25) W/Adreno-ES20: <__load_uniform_float:857>: GL_INVALID_OPERATION
Jan 01 00:00:02.858    5 16013   1459 qcore[dll_utils.c:254]: DLEXEC: Try loading devcfg_usb_asic_AF.so with global symbols
Jan 01 00:00:02.862    5 10000     0 00:00:02.862 MMX BENCH_Startup DisplayManager: animated splashscreen 1st frame
Jan 01 00:00:02.862    4 10256    23 [81945:27][wfdCreateSourceFromImage:2273]CREATED source=0x001aa8e8, nativeImage=0x001ad050 [width=1024, height=480, format=8, usage=0x00000427, size=0x001e0000, paddr=0xfcb00000, strides=[4096 0], vaddr=0x2811e000, planar_offsets=[0x00000000 0x00000000 0x00000000]], pipe->layer_id=5, ePixelFormat=6
Jan 01 00:00:02.863    4 10256    23 [81945:27][wfdCreateSourceFromImage:2273]CREATED source=0x001aa910, nativeImage=0x001ad120 [width=1024, height=480, format=8, usage=0x00000427, size=0x001e0000, paddr=0xfd800000, strides=[4096 0], vaddr=0x28a00000, planar_offsets=[0x00000000 0x00000000 0x00000000]], pipe->layer_id=5, ePixelFormat=6
Jan 01 00:00:02.864    4 10256    23 [81945:27][wfd_CheckAndTranslateNativeImage:1601]TRANSLATED pNativeImage=0x001ad050 [width=1024, height=480, format=8, usage=0x00000427, size=0x001e0000, paddr=0xfcb00000, strides=[4096 0], vaddr=0x2811e000, planar_offsets=[0x00000000 0x00000000 0x00000000]], devaddr=0x00400000
Jan 01 00:00:02.864    4 10256    23 [81945:27][wfdSetPipelineAttribiv:3015]SOURCE_RECTANGLE (x=0 y=0 w=1024 h=480), layer_id=5
Jan 01 00:00:02.864    4 10256    23 [81945:27][wfdSetPipelineAttribiv:3193]DESTINATION_RECTANGLE (x=0 y=0 w=1024 h=480), layer_id=5
Jan 01 00:00:02.864    4 10256    23 [81945:27][wfd_BindSourceToPipelineInternal:1194]ATTACHING A NULL SOURCE TO PIPELINE, layer_id=6, pipe->src_image=0x00000000, pPort=0x782137b8, pBoundPort=0x00000000
Jan 01 00:00:02.864    5 10000     0 00:00:02.864 MMX BENCH_Startup DisplayManager: new window available -123
Jan 01 00:00:02.864    4 10256    23 [81945:27][wfdDeviceCommit:1974]wfd_qdi_AttachLayer pipe->layer_id=5 to pipe->port=0x782137b8, src_image=0x001aa8e8
Jan 01 00:00:02.864    4 10256     6 [81945:27][ds_displayAttachLayer:2202]ePhyLayerId=2, ePhyDisplayId=4
Jan 01 00:00:02.864    4 10256    23 [81945:27][wfd_qdi_AttachLayer:3777]QDI_Display_AttachLayer 5

Jan 01 00:00:02.864    4 10256     6 [81945:27][ds_layerSetProperty:4713]CROPPING_RECTANGLE, ePhyLayerId=2, SRC (x=0 y=0 w=1024 h=480), DST (x=0 y=0 w=1024 h=480)
Jan 01 00:00:02.870    4 10256    23 [81945:28][wfd_CheckAndTranslateNativeImage:1601]TRANSLATED pNativeImage=0x001ad188 [width=1024, height=480, format=8, usage=0x0000002f, size=0x001e0000, paddr=0xfca00000, strides=[4096 0], vaddr=0x28d00000, planar_offsets=[0x00000000 0x00000000 0x00000000]], devaddr=0x00600000
Jan 01 00:00:02.911    2     5   100 cam-disk.so (Oct  7 2015 10:56:05)
Jan 01 00:00:02.918    7    19   1800 _pm_gpio_init: _pm_gpio_init finished for ID 2.
Jan 01 00:00:02.919    2     5   100 cam-disk.so (Oct  7 2015 10:56:05)
Jan 01 00:00:02.929    2    19   1800 bs_parse_options: option value 19
Jan 01 00:00:02.930    7    19   1800 _pm_interrupt_config: card inserted
Jan 01 00:00:02.930    6 16309     0 devb-sdmmc-rim-msmsdcc[pmic_client.c:531]: Created new channel ID 7 for interrupt 6913
Jan 01 00:00:02.932    5 16013   1459 qcore[dll_utils.c:309]: DLEXEC: devcfg_usb_asic_AF.so,  fcn:dll_init,  args:
Jan 01 00:00:02.934    4    12     0 devcfg_usb: device /devcfg/usbpwr/1 node added to system (usb_pwr_fcn:1146)
Jan 01 00:00:02.936    4    12     0 devcfg_usb: device /devcfg/usbpwr/3 node added to system (usb_pwr_fcn:1146)
Jan 01 00:00:02.955    4 10256    23 [81945:28][wfd_CheckAndTranslateNativeImage:1601]TRANSLATED pNativeImage=0x001ad120 [width=1024, height=480, format=8, usage=0x00000427, size=0x001e0000, paddr=0xfd800000, strides=[4096 0], vaddr=0x28a00000, planar_offsets=[0x00000000 0x00000000 0x00000000]], devaddr=0x00800000
Jan 01 00:00:02.976    7    19   1800 _pm_gpio_init: _pm_gpio_init finished for ID 3.
Jan 01 00:00:02.986    7    19   1800 _pm_interrupt_config: card not inserted
Jan 01 00:00:02.987    6 16309     0 devb-sdmmc-rim-msmsdcc[pmic_client.c:531]: Created new channel ID 7 for interrupt 6662
Jan 01 00:00:03.025    5 16013   1459 devb-sdmmc-rim-msmsdcc[wait.c:43]: [Resource_BlockWait] /dev/gpio already available !
Jan 01 00:00:03.032    5 16020     1 audio_service[main.c:138]: main: Jun 20 2017 02:48:24
Jan 01 00:00:03.035    5 16020     1 audio_service[main.c:121]: audio_service_base_init
Jan 01 00:00:03.036    5 16020     1 audio_service[coreinit.c:122]: DALSYS_InitMod
Jan 01 00:00:03.039    5 16305   316 audio_service[dalcfg.c:316]: DalDeviceId 200013d not found
Jan 01 00:00:03.039    5 16020     1 audio_service[coreinit.c:171]: init_daldir_by_names
Jan 01 00:00:03.040    5 16020     1 audio_service[coreinit.c:181]: DALSYS_RegisterMod
Jan 01 00:00:03.041    5 16020     1 audio_service[coreinit.c:205]: ssrestart_init
Jan 01 00:00:03.041    5 16020     1 audio_service[coreinit.c:260]: Diag_LSM_Init (Waiting for /dev/diag)
Jan 01 00:00:03.043    5 16013   1459 audio_service[wait.c:47]: [Resource_BlockWait] Waiting for /dev/diag ..
Jan 01 00:00:03.043    5 16020     1 audio_service[coreinit.c:213]: smdl_qnx_init
Jan 01 00:00:03.044    5 16304   345 audio_service[ssr_rapi.c:345]: ssrestart_register_cb
Jan 01 00:00:03.044    5 16304   100 audio_service[ssr_rapi.c:100]: [allocate_dev_num] Client Count: 0
Jan 01 00:00:03.044    5 16304   381 audio_service[ssr_rapi.c:381]: Callback Store Complete.
Jan 01 00:00:03.044    5 16304   394 audio_service[ssr_rapi.c:394]: create_ssr_drv
Jan 01 00:00:03.046    5 16113   388 audio_service[ssr_rm_drv.c:388]: running RM /dev/ssrestart/ssr_audio_service_1
Jan 01 00:00:03.046    5 16113   604 audio_service[ssr_rm_drv.c:604]: rapi_dev->devname: /dev/ssrestart/ssr_audio_service_1, dev->devname: /dev/ssrestart/ssr_audio_service_1
Jan 01 00:00:03.047    5 16304   418 audio_service[ssr_rapi.c:418]: ssrestart_register_cb (rapi): ss_id_mask 0x301, event mask 0x84, data 0x0
Jan 01 00:00:03.047    5 14201   777 SMDL: Initialization completed. 
Jan 01 00:00:03.047    5 16020     1 audio_service[coreinit.c:221]: CSD_IPC_Server_Start
Jan 01 00:00:03.049    5 16020     1 audio_service[coreinit.c:225]: RTPD_IPC_Server_Start
Jan 01 00:00:03.052    5 16020     1 audio_service[coreinit.c:229]: csd_oem driver Start
Jan 01 00:00:03.070    5 16013   1459 devb-sdmmc-rim-msmsdcc[wait.c:43]: [Resource_BlockWait] /dev/gpio already available !
Jan 01 00:00:03.105    5 16023   194 bmetrics_service[bmetric_service.c:194]: network: launching
Jan 01 00:00:03.108    4    12     0 devcfg_usb: state for /devcfg/usb/1 changed from None to On-Host new speed = 0 (usb_driver_fcn:1052)
Jan 01 00:00:03.109    5 16020     1 audio_service[coreinit.c:235]: smem_init
Jan 01 00:00:03.109    5 16020     1 audio_service[coreinit.c:239]: smsm_qnx_init
Jan 01 00:00:03.114    5 14203   677 SMSM: Registering for SSR
Jan 01 00:00:03.114    5 16304   345 audio_service[ssr_rapi.c:345]: ssrestart_register_cb
Jan 01 00:00:03.115    5 16304   100 audio_service[ssr_rapi.c:100]: [allocate_dev_num] Client Count: 1
Jan 01 00:00:03.115    5 16304   381 audio_service[ssr_rapi.c:381]: Callback Store Complete.
Jan 01 00:00:03.116    5 16304   394 audio_service[ssr_rapi.c:394]: create_ssr_drv
Jan 01 00:00:03.118    5 16113   388 audio_service[ssr_rm_drv.c:388]: running RM /dev/ssrestart/ssr_audio_service_2
Jan 01 00:00:03.119    5 16113   604 audio_service[ssr_rm_drv.c:604]: rapi_dev->devname: /dev/ssrestart/ssr_audio_service_2, dev->devname: /dev/ssrestart/ssr_audio_service_2
Jan 01 00:00:03.119    5 16304   418 audio_service[ssr_rapi.c:418]: ssrestart_register_cb (rapi): ss_id_mask 0x301, event mask 0x84, data 0x0
Jan 01 00:00:03.120    5 14203   677 SMSM: Initialization completed. 
Jan 01 00:00:03.120    5 16020     1 audio_service[coreinit.c:247]: lpass_start
Jan 01 00:00:03.121    5 16118   100 audio_service[lpass_drv.c:863]: Lpass drv: lpass_init begin..
Jan 01 00:00:03.121    5    12     0 EHCI - ehci_arc_chip_init_callout() cache_bit option is enabled
Jan 01 00:00:03.121    6 35209     0 TZBSPLIB : audio_service: tzbsp_context_create : Init_tzbsp shared object
Jan 01 00:00:03.123    6 35209     0 TZBSPLIB : audio_service: init_tzbsp_shared_object : tzbsplib shared memory already initialized.
Jan 01 00:00:03.126    4 10002    23 sdis:Registered Sdis service interface with ID 1
Jan 01 00:00:03.132    5 16118   100 audio_service[lpass_drv.c:901]: Lpass drv: lpass_info.Lpass_image_path = /armle/images/lpass.signed.mbn
Jan 01 00:00:03.132    5 16118   100 audio_service[lpass_drv.c:912]: Lpass drv: lpass_info.Lpass_mdt_image_path = /armle/images/lpass.signed.mdt
Jan 01 00:00:03.133    3 16118   100 audio_service[lpass_drv.c:927]: Invalid input for DEBUG MODE! Value ignored..
Jan 01 00:00:03.133    5 16118   100 audio_service[lpass_drv.c:932]: Lpass Debug Mode Set to 0. (1 = ON. 0 = OFF)
Jan 01 00:00:03.137    5 16118   200 audio_service[lpass_ssr.c:597]: Lpass drv: Fault Monitoring ENABLED for LPASS.
Jan 01 00:00:03.138    5 16304   345 audio_service[ssr_rapi.c:345]: ssrestart_register_cb
Jan 01 00:00:03.138    5 16304   100 audio_service[ssr_rapi.c:100]: [allocate_dev_num] Client Count: 2
Jan 01 00:00:03.139    5 16304   381 audio_service[ssr_rapi.c:381]: Callback Store Complete.
Jan 01 00:00:03.139    5 16304   394 audio_service[ssr_rapi.c:394]: create_ssr_drv
Jan 01 00:00:03.142    5 16113   388 audio_service[ssr_rm_drv.c:388]: running RM /dev/ssrestart/ssr_audio_service_3
Jan 01 00:00:03.142    7    19   1800 mmcsd_bsp_init: SDC BSP initialized for slot ID 2

Jan 01 00:00:03.142    5 16113   604 audio_service[ssr_rm_drv.c:604]: rapi_dev->devname: /dev/ssrestart/ssr_audio_service_3, dev->devname: /dev/ssrestart/ssr_audio_service_3
Jan 01 00:00:03.143    7    19   1800 _sdmmc_config_gpio: Setup gpio
Jan 01 00:00:03.143    5 16304   418 audio_service[ssr_rapi.c:418]: ssrestart_register_cb (rapi): ss_id_mask 0x3, event mask 0x4685, data 0xd15ea5e
Jan 01 00:00:03.143    7    19   1800 _sdmmc_config_gpio: power off device state 

Jan 01 00:00:03.144    5 16118   200 audio_service[lpass_ssr.c:789]: Lpass drv: [lpass_ssr_enable] SSR is enabled for LPASS.
Jan 01 00:00:03.144    5 16118   100 audio_service[lpass_drv.c:959]: Lpass drv: lpass_init end
Jan 01 00:00:03.145    5 16118   100 audio_service[lpass_drv.c:1123]: Lpass drv: lpass preload.. enable lpass clocks
Jan 01 00:00:03.149    5 16118   100 audio_service[lpass_drv.c:1017]: Configuring S7...
Jan 01 00:00:03.149    4 10002    23 sdis:handleSdisStateChangedCb (0)
Jan 01 00:00:03.150    3    19   1800 sdio_cd:  insertion path 0, cd state 0x101
Jan 01 00:00:03.150    5    19   1800 sdio_pwr:  vdd 0.0 (0x0)
Jan 01 00:00:03.151    4 10002     5 Successfully loaded fw library.
Jan 01 00:00:03.151    4 10002     1 updateRvcActive(): 0
Jan 01 00:00:03.152    4 10002     2 Startup mode: 1
Jan 01 00:00:03.153    4 10002     8 00:00:03.152 ooc BENCH_Startup 2 -1 offset IOC - MMX time: 1236 ms
Jan 01 00:00:03.159    5 16118   100 audio_service[lpass_drv.c:1130]: Lpass drv: 8064 powering up LPASS ...
Jan 01 00:00:03.161    5    19   1800 sdio_pwr:  vdd 3.0 (0x40000)
Jan 01 00:00:03.174    5 16118   100 audio_service[lpass_drv.c:1159]: Lpass drv: auth_init_lpass_image success
Jan 01 00:00:03.174    5 16118   100 audio_service[lpass_drv.c:1191]: Lpass drv: lpass_load
Jan 01 00:00:03.174    5 16102   100 audio_service[ssloader.c:157]: SSLoader_load: /armle/images/lpass.signed.mbn, phy start address 0x8da00000, size 0x1800000
Jan 01 00:00:03.196    2 16102   200 audio_service[ssloader_elf.c:247]: SSLoader segment: skipping loading of segment
Jan 01 00:00:03.205    7    19   1800 mmcsd_bsp_init: SDC BSP initialized for slot ID 3

Jan 01 00:00:03.206    7    19   1800 _sdmmc_config_gpio: Setup gpio
Jan 01 00:00:03.206    7    19   1800 _sdmmc_config_gpio: power off device state 

Jan 01 00:00:03.221    5 16024   113 watchdog[main.c:113]: kick=20, bark=600, bite=610 buildinfo_path=/base s_lowpriowd_priority=9 u_lowpriowdkick=5
Jan 01 00:00:03.237    5 16023   194 bmetrics_service[bmetric_service.c:194]: framework: launching
Jan 01 00:00:03.256    5 16023   194 bmetrics_service[bmetric_service.c:194]: hmi: launching
Jan 01 00:00:03.263    5    19   1800 sdio_clock:  clk 400000
Jan 01 00:00:03.264    5    19   1800 sdio_bus_width:  width 1
Jan 01 00:00:03.265    5    19   1800 sdio_timing:  timing LS
Jan 01 00:00:03.265    5    19   1800 sdio_bus_mode:  mode open drain
Jan 01 00:00:03.265    5    19   1800 sdio_signal_voltage:  3.3V
Jan 01 00:00:03.327    4    12     0 devcfg_usb: state for /devcfg/usb/3 changed from None to On-Host new speed = 0 (usb_driver_fcn:1052)
Jan 01 00:00:03.340    5    12     0 EHCI - ehci_arc_chip_init_callout() cache_bit option is enabled
Jan 01 00:00:03.373    5 16102   100 audio_service[ssloader.c:183]: SSLoader_load: /armle/images/lpass.signed.mbn, completed in 198 ms
Jan 01 00:00:03.380    5    19   1800 sdio_pwr:  vdd 2.9 (0x20000)
Jan 01 00:00:03.430    5 10000     0 Running runHMI.sh
Jan 01 00:00:03.518    3    50     0 Enabled polling for CMD52 completion (with interrupt fallback)
Jan 01 00:00:03.520    5    50     0 sdio_power_on: Powering on mv8787 using bt_wlan_pd gpio...
Jan 01 00:00:03.521    5 10000     2 [qcgpio:default_write] Setting gpio 0x100006 to High..!
Jan 01 00:00:03.522    5 10000     2 [qcgpio:default_write] name=bt_wlan_pd pin=0x100006 cfg=0x530102 cfg_msk=0xCFFFFFFF ctx=0x0
Jan 01 00:00:03.534    5 11473     0 00:00:03.533 starting j9 ....
Jan 01 00:00:03.535    5 16118   100 audio_service[lpass_drv.c:484]: Waiting for LPASS ack (10 seconds)..
Jan 01 00:00:03.551    5    19   1800 sdio_bus_mode:  mode push pull
Jan 01 00:00:03.555    5 16118   200 audio_service[lpass_ssr.c:159]: Lpass drv: lpass assert SMSM_INIT
Jan 01 00:00:03.555    5 16118   100 audio_service[lpass_drv.c:190]: lpass_drv_smsm_cb received SMSM_INIT bit
Jan 01 00:00:03.556    5 16118   200 audio_service[lpass_ssr.c:859]: [lpass_system_monitoring_enable] starting sys_mon
Jan 01 00:00:03.557    5 16118   200 audio_service[lpass_ssr.c:875]: [lpass_system_monitoring_enable] Started sys_mon
Jan 01 00:00:03.557    5 16020     1 audio_service[main.c:127]: audio_service_base_init done
Jan 01 00:00:03.557    5 16012   500 audio_service[sysctrl_service.c:200]: sysctrl_start_service: start for /dev/audio_service, CRM_ID: QC_CRM_BUILD_90115_2
Jan 01 00:00:03.567    5    19   1800 sdio_bus_width:  width 4
Jan 01 00:00:03.567    5    19   1800 sdio_timing:  timing HS
Jan 01 00:00:03.567    5    19   1800 sdio_clock:  clk 50000000
Jan 01 00:00:03.567    5    19   1800 SD CID:
Jan 01 00:00:03.567    5    19   1800   MID 0x3, OID 0x5344, PNM SL16G
Jan 01 00:00:03.568    5    19   1800   PRV 0x91, PSN 0x18915cc0, MDT 3-2015
Jan 01 00:00:03.568    5    19   1800 SD CSD:
Jan 01 00:00:03.568    5    19   1800   CSD_STRUCTURE 1, SPEC_VERS 0, CCC 0x5b5
Jan 01 00:00:03.568    5    19   1800   TAAC 14, NSAC 0, TRAN_SPEED 50
Jan 01 00:00:03.568    5    19   1800   C_SIZE 30397, C_SIZE_MULT 0
Jan 01 00:00:03.568    5    19   1800   READ_BL_LEN 9, WRITE_BL_LEN 9
Jan 01 00:00:03.568    5    19   1800   ERASE GRP_SIZE 0, GRP_MULT 0, SIZE 127
Jan 01 00:00:03.568    5 16023   194 bmetrics_service[bmetric_service.c:194]: pps: launching
Jan 01 00:00:03.568    5    19   1800   blksz 512, sectors 31127552, dtr 25000000
Jan 01 00:00:03.568    5    19   1800 SD SW CAPS:
Jan 01 00:00:03.568    5    19   1800   bus mode 0x3, cmd sys 0x1
Jan 01 00:00:03.568    5    19   1800   drv type 0x1, curr limit 0x1
Jan 01 00:00:03.568    5    19   1800   dtr 50000000
Jan 01 00:00:03.568    5    19   1800 CFG:  Timing HS, DTR 50000000, Bus Width 4 bit

Jan 01 00:00:03.568    5    19   1800 sdio_set_pon_flag:  PON dev flags 0x10081
Jan 01 00:00:03.580    2     5   100 cam-disk.so (Oct  7 2015 10:56:05)
Jan 01 00:00:03.728    5    50     0 sdio_power_on: Release mv8787 using wlan_reset gpio...
Jan 01 00:00:03.729    5 10000     2 [qcgpio:default_write] Setting gpio 0x100011 to High..!
Jan 01 00:00:03.730    5 10000     2 [qcgpio:default_write] name=wlan_reset pin=0x100011 cfg=0x530102 cfg_msk=0xCFFFFFFF ctx=0x0
Jan 01 00:00:03.762    4    29     0 pps: NOTICE: PPS initializing
Jan 01 00:00:03.768    4    29     0 pps: NOTICE: PPS attaching /ramdisk/pps
Jan 01 00:00:03.776    4    29     0 pps: NOTICE: PPS attached /ramdisk/pps major 2 minor 29
Jan 01 00:00:03.789    4    29     0 pps: NOTICE: PPS starting
Jan 01 00:00:03.831    2 13103     0 io-audio[deva_main.c:92]: DEVA: Loading deva-ctrl-qc version 0.84.0 on [Jun 20 2017]...
Jan 01 00:00:03.835    2 13103     0 io-audio[deva_main.c:95]: DEVA: ctrl_init: ENTER
Jan 01 00:00:03.836    2 13103     0 io-audio[deva_main.c:875]: DEVA: deva_parse_commandline_parameters: ENTER
Jan 01 00:00:03.837    2 13103     0 io-audio[deva_main.c:1000]: DEVA: deva_parse_commandline_parameters: skip_device_disable = 0x0
Jan 01 00:00:03.838    2 13103     0 io-audio[deva_main.c:678]: DEVA: deva_get_bmetrics_level: ENTER
Jan 01 00:00:03.838    2 13103     0 io-audio[deva_main.c:701]: DEVA: deva_get_bmetrics_level: LEAVE
Jan 01 00:00:03.839    2 13103     0 io-audio[deva_main.c:982]: DEVA: deva_parse_commandline_parameters: bmetrics_level = 2
Jan 01 00:00:03.839    2 13103     0 io-audio[deva_main.c:642]: DEVA: deva_get_log_level: ENTER
Jan 01 00:00:03.839    2 13103     0 io-audio[deva_main.c:669]: DEVA: deva_get_log_level: LEAVE
Jan 01 00:00:03.840    2 13103     0 io-audio[deva_main.c:1006]: DEVA: deva_parse_commandline_parameters: default_enable_csd_dev_tx = 11
Jan 01 00:00:03.840    2 13103     0 io-audio[deva_main.c:1012]: DEVA: deva_parse_commandline_parameters: default_enable_csd_dev_rx = 14
Jan 01 00:00:03.841    2 13103     0 io-audio[deva_main.c:794]: DEVA: deva_get_platform_id: ENTER
Jan 01 00:00:03.841    2 13103     0 io-audio[deva_main.c:837]: DEVA: deva_get_platform_id: LEAVE
Jan 01 00:00:03.842    2 13103     0 io-audio[deva_main.c:1018]: DEVA: deva_parse_commandline_parameters: platform_id = 2
Jan 01 00:00:03.843    2 13103     0 io-audio[deva_main.c:1024]: DEVA: deva_parse_commandline_parameters: cgms = 0
Jan 01 00:00:03.844    2 13103     0 io-audio[deva_main.c:1050]: DEVA: deva_parse_commandline_parameters: intr_thread_prio = 21
Jan 01 00:00:03.844    2 13103     0 io-audio[deva_main.c:1066]: DEVA: deva_parse_commandline_parameters: log_level = 2 (0=none, 1=error-default, 2=high, 3=medium, 4=low)
Jan 01 00:00:03.845    2 13103     0 io-audio[deva_main.c:1068]: DEVA: deva_parse_commandline_parameters: LEAVE
Jan 01 00:00:03.846    2 13103     0 io-audio[deva_main.c:124]: DEVA: ctrl_init (Waiting for /dev/audio_service)
Jan 01 00:00:03.848    5 16013   1459 io-audio[wait.c:43]: [Resource_BlockWait] /dev/audio_service already available !
Jan 01 00:00:03.849    2 13103     0 io-audio[deva_main.c:127]: DEVA: ctrl_init (Done waiting for /dev/audio_service)
Jan 01 00:00:03.850    2 13103     0 io-audio[deva_srf_platform.c:252]: DEVA: deva_init_platform_mib: ENTER
Jan 01 00:00:03.851    2 13103     0 io-audio[deva_srf_platform.c:382]: DEVA: deva_context_init_platform_mib: ENTER
Jan 01 00:00:03.853    2 13103     0 io-audio[deva_srf_session.c:3429]: DEVA: deva_read_env_variables: ENTER
Jan 01 00:00:03.853    2 13103     0 io-audio[deva_srf_session.c:3441]: DEVA: deva_read_env_variables: dtcp_flag = 2
Jan 01 00:00:03.854    2 13103     0 io-audio[deva_srf_session.c:3458]: DEVA: deva_read_env_variables: NV_ENV_AUDIO_DTCP_CONFIG_FILE = /etc/emi.cfg
Jan 01 00:00:03.854    2 13103     0 io-audio[deva_srf_session.c:3127]: DEVA: deva_parse_emi_cfg_file: ENTER
Jan 01 00:00:03.864    2 13103     0 io-audio[deva_srf_session.c:3142]: DEVA: deva_parse_emi_cfg_file: Buffer = -ca_method CSS AACS NONE @end

Jan 01 00:00:03.864    2 13103     0 io-audio[deva_srf_session.c:3142]: DEVA: deva_parse_emi_cfg_file: Buffer = -source_sample_rate -min 8000 @end

Jan 01 00:00:03.865    2 13103     0 io-audio[deva_srf_session.c:3142]: DEVA: deva_parse_emi_cfg_file: Buffer = -source_sample_width -min 8 @end

Jan 01 00:00:03.866    2 13103     0 io-audio[deva_srf_session.c:3142]: DEVA: deva_parse_emi_cfg_file: Buffer = -destination_sample_width -min 16 @end
Jan 01 00:00:03.868    2 13103     0 io-audio[deva_srf_session.c:3420]: DEVA: deva_parse_emi_cfg_file: LEAVE
Jan 01 00:00:03.869    2 13103     0 io-audio[deva_srf_session.c:3467]: DEVA: deva_read_env_variables: LEAVE (rc=0x0)
Jan 01 00:00:03.870    2 13103     0 io-audio[deva_srf_platform.c:1306]: DEVA: deva_context_init_platform_mib: LEAVE
Jan 01 00:00:03.925    6 13102     0 io-audio[csd_proxy.c:686]: CSD_IPC_client: mq library loaded successfully!
Jan 01 00:00:03.938    5    50     0 sdio_bs_init: Resetting mv8787 using wlan_reset gpio...
Jan 01 00:00:03.939    5 10000     2 [qcgpio:default_write] Setting gpio 0x100011 to Low..!
Jan 01 00:00:03.939    5 10000     0 MMX BENCH_Startup IMG_VER #CLU8P_MMX2QC_AU_CN_G22_019PROD 423: launching
Jan 01 00:00:03.941    5 10000     2 [qcgpio:default_write] name=wlan_reset pin=0x100011 cfg=0x530102 cfg_msk=0xCFFFFFFF ctx=0x0
Jan 01 00:00:03.971    5 10113     1 Running with following arguments: -p11 -h10 -s5 -P200 -%5 -l80 -n4
Jan 01 00:00:04.004    5 13102     0 [ACDB Command]->SW Minor/Major/Revision version info for //etc//acdb//mmx2_8064//Bluetooth_cal.acdb

Jan 01 00:00:04.005    5 13102     0 [ACDB Command]->ACDB Sw Major = 1, ACDB Sw Minor = 0, ACDB Sw Revision = 7

Jan 01 00:00:04.006    5 13102     0 [ACDB Command]->ACDB File Major = 4, ACDB File Minor = 5, ACDB File Revision = 3

Jan 01 00:00:04.016    5 13102     0 [ACDB Command]->SW Minor/Major/Revision version info for //etc//acdb//mmx2_8064//Codec_cal.acdb

Jan 01 00:00:04.017    5 13102     0 [ACDB Command]->ACDB Sw Major = 1, ACDB Sw Minor = 0, ACDB Sw Revision = 7

Jan 01 00:00:04.017    5 13102     0 [ACDB Command]->ACDB File Major = 4, ACDB File Minor = 5, ACDB File Revision = 3

Jan 01 00:00:04.026    5 13102     0 [ACDB Command]->SW Minor/Major/Revision version info for //etc//acdb//mmx2_8064//General_cal.acdb

Jan 01 00:00:04.026    5 13102     0 [ACDB Command]->ACDB Sw Major = 1, ACDB Sw Minor = 0, ACDB Sw Revision = 7

Jan 01 00:00:04.026    5 13102     0 [ACDB Command]->ACDB File Major = 4, ACDB File Minor = 5, ACDB File Revision = 3

Jan 01 00:00:04.033    5 13102     0 [ACDB Command]->SW Minor/Major/Revision version info for //etc//acdb//mmx2_8064//Global_cal.acdb

Jan 01 00:00:04.034    5 13102     0 [ACDB Command]->ACDB Sw Major = 1, ACDB Sw Minor = 0, ACDB Sw Revision = 7

Jan 01 00:00:04.034    5 13102     0 [ACDB Command]->ACDB File Major = 4, ACDB File Minor = 5, ACDB File Revision = 3

Jan 01 00:00:04.042    5 13102     0 [ACDB Command]->SW Minor/Major/Revision version info for //etc//acdb//mmx2_8064//Handset_cal.acdb

Jan 01 00:00:04.042    5 13102     0 [ACDB Command]->ACDB Sw Major = 1, ACDB Sw Minor = 0, ACDB Sw Revision = 7

Jan 01 00:00:04.042    5 13102     0 [ACDB Command]->ACDB File Major = 4, ACDB File Minor = 5, ACDB File Revision = 3

Jan 01 00:00:04.051    5 13102     0 [ACDB Command]->SW Minor/Major/Revision version info for //etc//acdb//mmx2_8064//Hdmi_cal.acdb

Jan 01 00:00:04.051    5 13102     0 [ACDB Command]->ACDB Sw Major = 1, ACDB Sw Minor = 0, ACDB Sw Revision = 7

Jan 01 00:00:04.052    5 13102     0 [ACDB Command]->ACDB File Major = 4, ACDB File Minor = 5, ACDB File Revision = 3

Jan 01 00:00:04.058    5 13102     0 [ACDB Command]->SW Minor/Major/Revision version info for //etc//acdb//mmx2_8064//Headset_cal.acdb

Jan 01 00:00:04.058    5 13102     0 [ACDB Command]->ACDB Sw Major = 1, ACDB Sw Minor = 0, ACDB Sw Revision = 7

Jan 01 00:00:04.058    5 13102     0 [ACDB Command]->ACDB File Major = 4, ACDB File Minor = 5, ACDB File Revision = 3

Jan 01 00:00:04.067    5 13102     0 [ACDB Command]->SW Minor/Major/Revision version info for //etc//acdb//mmx2_8064//Speaker_cal.acdb

Jan 01 00:00:04.068    5 13102     0 [ACDB Command]->ACDB Sw Major = 1, ACDB Sw Minor = 0, ACDB Sw Revision = 7

Jan 01 00:00:04.068    5 13102     0 [ACDB Command]->ACDB File Major = 4, ACDB File Minor = 5, ACDB File Revision = 3

Jan 01 00:00:04.070    2 16301     0 audio_service[DALSysEvent.c:276]:  DALSYSCMN_EVENT_ATTR_EVENT_MASK is not set in pEventObj->dwObjInfo _DALSYS_EventCtrl,276
Jan 01 00:00:04.071    5 16013   1459 audio_service[wait.c:47]: [Resource_BlockWait] Waiting for /dev/diag ..
Jan 01 00:00:04.072    5 16013   1459 audio_service[wait.c:43]: [Resource_BlockWait] /dev/mmpm already available !
Jan 01 00:00:04.075    5 16304   345 audio_service[ssr_rapi.c:345]: ssrestart_register_cb
Jan 01 00:00:04.075    5 16304   100 audio_service[ssr_rapi.c:100]: [allocate_dev_num] Client Count: 3
Jan 01 00:00:04.075    5 16304   381 audio_service[ssr_rapi.c:381]: Callback Store Complete.
Jan 01 00:00:04.075    5 16304   394 audio_service[ssr_rapi.c:394]: create_ssr_drv
Jan 01 00:00:04.078    5 16113   388 audio_service[ssr_rm_drv.c:388]: running RM /dev/ssrestart/ssr_audio_service_4
Jan 01 00:00:04.079    5 16113   604 audio_service[ssr_rm_drv.c:604]: rapi_dev->devname: /dev/ssrestart/ssr_audio_service_4, dev->devname: /dev/ssrestart/ssr_audio_service_4
Jan 01 00:00:04.079    5 16304   418 audio_service[ssr_rapi.c:418]: ssrestart_register_cb (rapi): ss_id_mask 0x1, event mask 0x5, data 0x11111111
Jan 01 00:00:04.090    6 13102     0 io-audio[csd_proxy.c:772]: CSD_IPC_Client: csd_init(): Successful!!  InitCount=[0x1]

Jan 01 00:00:04.091    2 13103     0 io-audio[deva_srf_platform.c:266]: DEVA: deva_init_platform_mib: csd_init() SUCCEEDED
Jan 01 00:00:04.092    2 13102     0 audio_service[csd_core.c:80]: ADSP VERSION: BuildID=0x18003000, nServices=10

Jan 01 00:00:04.092    2 13102     0 audio_service[csd.c:530]: DRIVER VERSION: 0x1150000

Jan 01 00:00:04.093    2 13103     0 io-audio[deva_csd_priv.c:1775]: DEVA: csd_query_driver_version(): DRIVER VERSION: 0x1150000
Jan 01 00:00:04.094    2 13103     0 io-audio[deva_csd_priv.c:48]: DEVA: openDevice : SUCCEEDED 87040
Jan 01 00:00:04.095    2 13102     0 audio_service[csd_dev_tgt_tlmm.c:151]: CSD:TLMM => Enabling GPIO [28]
Jan 01 00:00:04.096    5 16013   1459 audio_service[wait.c:43]: [Resource_BlockWait] /dev/gpio already available !
Jan 01 00:00:04.099    2 13102     0 audio_service[csd_dev_tgt_tlmm.c:151]: CSD:TLMM => Enabling GPIO [27]
Jan 01 00:00:04.100    2 13102     0 audio_service[csd_dev_tgt_tlmm.c:151]: CSD:TLMM => Enabling GPIO [32]
Jan 01 00:00:04.110    4 10002     0 Watchdog enabled: true
Jan 01 00:00:04.112    2 13103     0 io-audio[deva_csd_priv.c:230]: DEVA: enableDevice: SUCCEEDED (dev_id=11) with rc=0x0
Jan 01 00:00:04.112    2 13103     0 io-audio[deva_srf_platform.c:292]: DEVA: deva_init_platform_mib: enableDevice(dev_id=11) succeeded.
Jan 01 00:00:04.113    2 13103     0 io-audio[deva_csd_priv.c:711]: DEVA: CSD CLOSE device: SUCCEEDED! 
Jan 01 00:00:04.113    2 13103     0 io-audio[deva_csd_priv.c:48]: DEVA: openDevice : SUCCEEDED 87040
Jan 01 00:00:04.114    2 13102     0 audio_service[csd_dev_tgt_acdb.c:1128]: csd_acdb_set_dev_info_tdm_sad: TDM SAD Header Info: Version=0x1, StartOffset=0x0, HeaderWidth=0x2, NumFrameRepeat=0x8, HeaderType=0x1
Jan 01 00:00:04.114    2 13102     0 audio_service[csd_dev_tgt_acdb.c:1138]: csd_acdb_set_dev_info_tdm_sad: TDM SAD Header Payload: 0x3c01, 0xb210, 0x6000, 0xc0, 0x7, 0x0, 0x6, 0x0
Jan 01 00:00:04.116    2 13102     0 audio_service[csd_dev_tgt_tlmm.c:151]: CSD:TLMM => Enabling GPIO [30]
Jan 01 00:00:04.128    2 13103     0 io-audio[deva_csd_priv.c:230]: DEVA: enableDevice: SUCCEEDED (dev_id=14) with rc=0x0
Jan 01 00:00:04.128    2 13103     0 io-audio[deva_srf_platform.c:314]: DEVA: deva_init_platform_mib: enableDevice(dev_id=14) succeeded.
Jan 01 00:00:04.130    2 13103     0 io-audio[deva_csd_priv.c:711]: DEVA: CSD CLOSE device: SUCCEEDED! 
Jan 01 00:00:04.131    2 13103     0 io-audio[deva_srf_platform.c:1449]: DEVA: deva_pcm_and_mixer_device_init_platform_mib: ENTER
Jan 01 00:00:04.131    2 13103     0 io-audio[deva_srf_platform.c:2204]: DEVA: deva_get_session_handles_from_platform_id: ENTER
Jan 01 00:00:04.131    2 13103     0 io-audio[deva_srf_platform.c:2275]: DEVA: deva_get_session_handles_from_platform_id: LEAVE
Jan 01 00:00:04.132    2 13103     0 io-audio[deva_srf_platform.c:1463]: DEVA: deva_pcm_and_mixer_device_init_platform_mib: platform_id=2, list_size=31
Jan 01 00:00:04.132    2 13103     0 io-audio[deva_srf_platform.c:1515]: DEVA: deva_pcm_and_mixer_device_init_platform_mib: ado_pcm_create() succeeded for <mpl1_int_ent> device
Jan 01 00:00:04.133    2 13103     0 io-audio[deva_srf_platform.c:1515]: DEVA: deva_pcm_and_mixer_device_init_platform_mib: ado_pcm_create() succeeded for <mpl3_mirror_lnk> device
Jan 01 00:00:04.135    2 13103     0 io-audio[deva_srf_platform.c:1515]: DEVA: deva_pcm_and_mixer_device_init_platform_mib: ado_pcm_create() succeeded for <mpl4_sdis_a2ls> device
Jan 01 00:00:04.136    2 13103     0 io-audio[deva_srf_platform.c:1515]: DEVA: deva_pcm_and_mixer_device_init_platform_mib: ado_pcm_create() succeeded for <mpl5_dio_ent> device
Jan 01 00:00:04.138    2 13103     0 io-audio[deva_srf_platform.c:1515]: DEVA: deva_pcm_and_mixer_device_init_platform_mib: ado_pcm_create() succeeded for <mpl6_gal_ent> device
Jan 01 00:00:04.140    2 13103     0 io-audio[deva_srf_platform.c:1515]: DEVA: deva_pcm_and_mixer_device_init_platform_mib: ado_pcm_create() succeeded for <mpl7_bcl_ent> device
Jan 01 00:00:04.142    2 13103     0 io-audio[deva_srf_platform.c:1515]: DEVA: deva_pcm_and_mixer_device_init_platform_mib: ado_pcm_create() succeeded for <ann1_int_nav> device
Jan 01 00:00:04.143    5 10000     2 [qcgpio:default_write] Setting gpio 0x100011 to High..!
Jan 01 00:00:04.144    2 13103     0 io-audio[deva_srf_platform.c:1515]: DEVA: deva_pcm_and_mixer_device_init_platform_mib: ado_pcm_create() succeeded for <ann2_int_sds> device
Jan 01 00:00:04.144    5 10000     2 [qcgpio:default_write] name=wlan_reset pin=0x100011 cfg=0x530102 cfg_msk=0xCFFFFFFF ctx=0x0
Jan 01 00:00:04.146    2 13103     0 io-audio[deva_srf_platform.c:1515]: DEVA: deva_pcm_and_mixer_device_init_platform_mib: ado_pcm_create() succeeded for <ann3_dio_ann> device
Jan 01 00:00:04.147    2 13103     0 io-audio[deva_mixer.c:996]: DEVA: deva_setup_mixer: ENTER
Jan 01 00:00:04.149    2 13103     0 io-audio[deva_mixer.c:544]: DEVA: build_playback_mixer: ENTER
Jan 01 00:00:04.149    2 13103     0 io-audio[deva_mixer.c:619]: DEVA: build_playback_mixer: building simple mixer
Jan 01 00:00:04.150    2 13103     0 io-audio[deva_mixer.c:672]: DEVA: build_playback_mixer: LEAVE
Jan 01 00:00:04.150    2 13103     0 io-audio[deva_srf_platform.c:1661]: DEVA: deva_capabilities: ENTER
Jan 01 00:00:04.150    2 13103     0 io-audio[deva_srf_platform.c:1679]: DEVA: deva_capabilities: info => formats=16, rates=8, min_rate=16000, max_rate=16000, min_voices=1, max_voices=1, min_fragsize=512, max_fragsize=512
Jan 01 00:00:04.151    2 13103     0 io-audio[deva_srf_platform.c:2204]: DEVA: deva_get_session_handles_from_platform_id: ENTER
Jan 01 00:00:04.151    2 13103     0 io-audio[deva_srf_platform.c:2275]: DEVA: deva_get_session_handles_from_platform_id: LEAVE
Jan 01 00:00:04.151    2 13103     0 io-audio[deva_srf_platform.c:1698]: DEVA: deva_capabilities: ado_pcm_t found at device_id = 9 <ann3_dio_ann>
Jan 01 00:00:04.152    2 13103     0 io-audio[deva_srf_platform.c:1736]: DEVA: deva_capabilities: LEAVE (chn_avail=1)
Jan 01 00:00:04.152    2 13103     0 io-audio[deva_srf_platform.c:1756]: DEVA: deva_aquire: ENTER
Jan 01 00:00:04.152    2 13103     0 io-audio[deva_srf_platform.c:2204]: DEVA: deva_get_session_handles_from_platform_id: ENTER
Jan 01 00:00:04.153    2 13103     0 io-audio[deva_srf_platform.c:2275]: DEVA: deva_get_session_handles_from_platform_id: LEAVE
Jan 01 00:00:04.153    2 13103     0 io-audio[deva_srf_platform.c:1778]: DEVA: deva_aquire: ado_pcm_t found at device_id = 9 <ann3_dio_ann>, stream_type=1
Jan 01 00:00:04.154    2 13103     0 io-audio[deva_srf_platform.c:1799]: DEVA: deva_aquire: Skipping first aquire!
Jan 01 00:00:04.154    2 13103     0 io-audio[deva_srf_platform.c:1826]: DEVA: deva_aquire: LEAVE (rc=0x0)
Jan 01 00:00:04.155    2 13103     0 io-audio[deva_srf_platform.c:1841]: DEVA: deva_release: ENTER (pc=1ef148)
Jan 01 00:00:04.155    2 13103     0 io-audio[deva_srf_platform.c:1850]: DEVA: deva_release: device_id = 9 <deva_timer_play_ann3_dio_ann>, stream_type=1
Jan 01 00:00:04.155    2 13103     0 io-audio[deva_srf_platform.c:2204]: DEVA: deva_get_session_handles_from_platform_id: ENTER
Jan 01 00:00:04.156    2 13103     0 io-audio[deva_srf_platform.c:2275]: DEVA: deva_get_session_handles_from_platform_id: LEAVE
Jan 01 00:00:04.156    2 13103     0 io-audio[deva_srf_platform.c:1870]: DEVA: deva_release: Skipping first release!
Jan 01 00:00:04.156    2 13103     0 io-audio[deva_srf_platform.c:1894]: DEVA: deva_release: LEAVE (rc=0x0)
Jan 01 00:00:04.158    2 13103     0 io-audio[deva_mixer.c:1045]: DEVA: deva_setup_mixer: LEAVE (retval=0x0)
Jan 01 00:00:04.160    2 13103     0 io-audio[deva_srf_platform.c:1515]: DEVA: deva_pcm_and_mixer_device_init_platform_mib: ado_pcm_create() succeeded for <ann4_dio_voice> device
Jan 01 00:00:04.167    2 13103     0 io-audio[deva_srf_platform.c:1515]: DEVA: deva_pcm_and_mixer_device_init_platform_mib: ado_pcm_create() succeeded for <ann7_gal_voice> device
Jan 01 00:00:04.168    2 13103     0 io-audio[deva_srf_platform.c:1515]: DEVA: deva_pcm_and_mixer_device_init_platform_mib: ado_pcm_create() succeeded for <ann8_mirror_lnk> device
Jan 01 00:00:04.169    2 13103     0 io-audio[deva_srf_platform.c:1515]: DEVA: deva_pcm_and_mixer_device_init_platform_mib: ado_pcm_create() succeeded for <ann9_mirror_lnk> device
Jan 01 00:00:04.171    2 13103     0 io-audio[deva_srf_platform.c:1515]: DEVA: deva_pcm_and_mixer_device_init_platform_mib: ado_pcm_create() succeeded for <ann10_bcl_voice> device
Jan 01 00:00:04.176    2 13103     0 io-audio[deva_srf_platform.c:1515]: DEVA: deva_pcm_and_mixer_device_init_platform_mib: ado_pcm_create() succeeded for <tel1> device
Jan 01 00:00:04.178    2 13103     0 io-audio[deva_srf_platform.c:1515]: DEVA: deva_pcm_and_mixer_device_init_platform_mib: ado_pcm_create() succeeded for <tel2_dio_phone> device
Jan 01 00:00:04.179    2 13103     0 io-audio[deva_srf_platform.c:1515]: DEVA: deva_pcm_and_mixer_device_init_platform_mib: ado_pcm_create() succeeded for <tel3_gal_phone> device
Jan 01 00:00:04.180    2 13103     0 io-audio[deva_srf_platform.c:1515]: DEVA: deva_pcm_and_mixer_device_init_platform_mib: ado_pcm_create() succeeded for <tel4_mirror_lnk> device
Jan 01 00:00:04.181    2 13103     0 io-audio[deva_srf_platform.c:1515]: DEVA: deva_pcm_and_mixer_device_init_platform_mib: ado_pcm_create() succeeded for <tel5_bcl> device
Jan 01 00:00:04.182    2 13103     0 io-audio[deva_srf_platform.c:1515]: DEVA: deva_pcm_and_mixer_device_init_platform_mib: ado_pcm_create() succeeded for <sse> device
Jan 01 00:00:04.183    2 13103     0 io-audio[deva_srf_platform.c:1515]: DEVA: deva_pcm_and_mixer_device_init_platform_mib: ado_pcm_create() succeeded for <ent1> device
Jan 01 00:00:04.184    2 13103     0 io-audio[deva_srf_platform.c:1515]: DEVA: deva_pcm_and_mixer_device_init_platform_mib: ado_pcm_create() succeeded for <mic1> device
Jan 01 00:00:04.185    2 13103     0 io-audio[deva_srf_platform.c:1515]: DEVA: deva_pcm_and_mixer_device_init_platform_mib: ado_pcm_create() succeeded for <mic2_dio> device
Jan 01 00:00:04.186    2 13103     0 io-audio[deva_srf_platform.c:1515]: DEVA: deva_pcm_and_mixer_device_init_platform_mib: ado_pcm_create() succeeded for <mic3_gal> device
Jan 01 00:00:04.187    2 13103     0 io-audio[deva_srf_platform.c:1515]: DEVA: deva_pcm_and_mixer_device_init_platform_mib: ado_pcm_create() succeeded for <mic4_mirror_lnk> device
Jan 01 00:00:04.188    2 13103     0 io-audio[deva_srf_platform.c:1515]: DEVA: deva_pcm_and_mixer_device_init_platform_mib: ado_pcm_create() succeeded for <mic5_bcl> device
Jan 01 00:00:04.189    2 13103     0 io-audio[deva_srf_platform.c:1515]: DEVA: deva_pcm_and_mixer_device_init_platform_mib: ado_pcm_create() succeeded for <sse_bundle_1> device
Jan 01 00:00:04.192    2 13103     0 io-audio[deva_srf_platform.c:1576]: DEVA: deva_pcm_and_mixer_device_init_platform_mib: LEAVE
Jan 01 00:00:04.192    2 13103     0 io-audio[deva_srf_mixer_router.c:631]: DEVA: deva_mixer_router_init: ENTER
Jan 01 00:00:04.192    2 13103     0 io-audio[deva_srf_mixer_router.c:658]: DEVA: deva_mixer_router_init: Routing for PCM_PLAY_MPL_1 -> TDM_OUT_MPL ---------------------------------------
Jan 01 00:00:04.193    2 13103     0 io-audio[deva_srf_mixer_router.c:852]: DEVA: deva_mixer_router_set_switch_routing: ENTER
Jan 01 00:00:04.193    2 13103     0 io-audio[deva_srf_mixer_router.c:869]: DEVA: deva_mixer_router_set_switch_routing: Routing Type: 1
Jan 01 00:00:04.193    2 13103     0 io-audio[deva_srf_session.c:851]: DEVA: session_csd_setup: ENTER
Jan 01 00:00:04.194    2 13103     0 io-audio[deva_srf_session.c:880]: DEVA: session_csd_setup: Setting up session while DEVICE_ID = <1> is being attached, update session info
Jan 01 00:00:04.194    2 13103     0 io-audio[deva_srf_platform.c:2284]: DEVA: deva_update_session_info_from_list: ENTER
Jan 01 00:00:04.194    2 13103     0 io-audio[deva_srf_platform.c:2204]: DEVA: deva_get_session_handles_from_platform_id: ENTER
Jan 01 00:00:04.194    2 13103     0 io-audio[deva_srf_platform.c:2275]: DEVA: deva_get_session_handles_from_platform_id: LEAVE
Jan 01 00:00:04.195    2 13103     0 io-audio[deva_srf_platform.c:2312]: DEVA: deva_update_session_info_from_list: LEAVE
Jan 01 00:00:04.195    2 13103     0 io-audio[deva_srf_session.c:900]: DEVA: session_csd_setup: pcm format => sample_rate=48000, channels=6, bit_per_sample=24, sign=1, interleave=1
Jan 01 00:00:04.195    2 13103     0 io-audio[deva_srf_session.c:1386]: DEVA: session_csd_setup_playback: ENTER
Jan 01 00:00:04.196    2 13103     0 io-audio[deva_csd_priv.c:48]: DEVA: openDevice : SUCCEEDED 87040
Jan 01 00:00:04.198    5 10000     0 00:00:04.174 traceserver BENCH_Startup 2 997 traceserver entered main(): 00:00:03.481
Jan 01 00:00:04.199    2 13103     0 io-audio[deva_csd_priv.c:155]: DEVA: openAudioStreamV2 : SUCCEEDED 246786
Jan 01 00:00:04.200    2 13103     0 io-audio[deva_csd_priv.c:401]: DEVA: setStreamFormatPcmMultichannel: channel_type = <0>, sample_rate = <48000>, num_ch = <6>, bits_per_sample = <24>, sign = <1>, interleaved = <1>, ch_map = <ef0e0>
Jan 01 00:00:04.201    2 13103     0 io-audio[deva_csd_priv.c:439]: DEVA: setStreamFormatPcmMultichannel: SUCCEEDED 
Jan 01 00:00:04.205    2 13103     0 io-audio[deva_csd_priv.c:506]: DEVA: setStreamMultichannel: CSD_AS_CMD_CONFIG_DECODER_MULTI_CHANNEL succeeded 
Jan 01 00:00:04.207    6 13102     0 io-audio[csd_proxy.c:1999]: CSD_IPC_Client: Set CSD IPC callback thread priority to 25!
Jan 01 00:00:04.210    6 13102     0 io-audio[csd_proxy.c:402]: CSD_IPC_Client: mmiCbHandler:: => csd-ipc_msg_queue name=[/csdIpcAQ-995393-4], mq_des=[0x716d0001]

Jan 01 00:00:04.211    6 13102     0 io-audio[csd_proxy.c:504]: CSD_IPC_Client mmiCbHandler:: => mq_unlink Successful in audio session! 

Jan 01 00:00:04.211    6 13102     0 io-audio[csd_proxy.c:507]: ****CSD_IPC_Client: mmiCbHandler waiting for queue=[/csdIpcAQ-995393-4], mq_des=[0x716d0001]
***
Jan 01 00:00:04.212    6 13102     0 io-audio[csd_proxy.c:2033]: CSD_IPC_Client :csd_register_callback => Received Server Status [0x0] on RegisterCallback for Handle[0x3c402] !!!
Jan 01 00:00:04.212    2 13103     0 io-audio[deva_csd_priv.c:733]: DEVA: registerCallBack: SUCCEEDED!
Jan 01 00:00:04.213    2 13103     0 io-audio[deva_csd_priv.c:1335]: DEVA: allocateCsdBufferPool: ENTER (buffer_count=7, buffer_size=18432)
Jan 01 00:00:04.216    5    50     0 _sdio_enable_iofunc: _sdio_set_ioreg to enable func1, setting 0x2 in fn0 reg 0x2 (IO_ENABLE)
Jan 01 00:00:04.217    5    50     0 _sdio_enable_iofunc: enable func1 IO_READY(0x3) = 0x0
Jan 01 00:00:04.217    5    50     0 _sdio_enable_iofunc: enable func1 IO_ENABLE(0x2) = 0x0
Jan 01 00:00:04.217    3    51   359 mvload: mv8688uap_probe(): line 359: device class code replied by chip is 0x0, expected is 0x07. Continuing.
Jan 01 00:00:04.222    2    51   227 mvload: test_component(): line 227: firmware '/eso/bin/PhoneCustomer/sd8787_uapsta.bin' not found. error(2)=No such file or directory. Exiting!
Jan 01 00:00:04.242    2 13103     0 io-audio[deva_csd_priv.c:1386]: DEVA: allocateCsdBufferPool: LEAVE (rc=0x0)
Jan 01 00:00:04.242    2 13103     0 io-audio[deva_csd_priv.c:208]: DEVA: openAudioContextV2 : SUCCEEDED (dev_id=78)
Jan 01 00:00:04.243    2 13103     0 io-audio[deva_csd_priv.c:530]: DEVA: setContextMultichannel: CSD_AC_CMD_CONFIG_MULTI_CHANNEL succeeded 
Jan 01 00:00:04.243    5 13102     0 ACDBFILE_MGR:Read the devices count as zero, please check the acdb file

Jan 01 00:00:04.243    5 13102     0 ACDBFILE_MGR:Read the devices count as zero, please check the acdb file

Jan 01 00:00:04.244    5 13102     0 ACDBFILE_MGR:Read the devices count as zero, please check the acdb file

Jan 01 00:00:04.244    5 13102     0 Failed to fetch the lookup information of the appid 00011130 devID 0000004E 

Jan 01 00:00:04.246    2 13103     0 io-audio[deva_csd_priv.c:253]: DEVA: streamAttach: SUCCEEDED
Jan 01 00:00:04.253    5 13102     0 ACDBFILE_MGR:Read the devices count as zero, please check the acdb file

Jan 01 00:00:04.253    5 13102     0 ACDBFILE_MGR:Read the devices count as zero, please check the acdb file

Jan 01 00:00:04.253    5 13102     0 ACDBFILE_MGR:Read the devices count as zero, please check the acdb file

Jan 01 00:00:04.255    2 13103     0 io-audio[deva_csd_priv.c:271]: DEVA: enableContext: SUCCEEDED
Jan 01 00:00:04.255    2 13103     0 io-audio[deva_srf_session.c:1529]: DEVA: session_csd_setup_playback: LEAVE (rc=0x0)
Jan 01 00:00:04.256    2 13103     0 io-audio[deva_srf_session.c:907]: DEVA: session_csd_setup: session_csd_setup_playback() SUCCEEDED
Jan 01 00:00:04.256    2 13103     0 io-audio[deva_srf_session.c:934]: DEVA: session_csd_setup: LEAVE (rc=0x0)
Jan 01 00:00:04.256    2 13103     0 io-audio[deva_srf_session.c:1245]: DEVA: session_csd_attach_device: ENTER
Jan 01 00:00:04.257    2 13103     0 io-audio[deva_srf_session.c:1266]: DEVA: session_csd_attach_device: csd_session = <csd_playback_mpl>, deva_timer_session = <deva_timer_play_mpl1_int_ent>
Jan 01 00:00:04.257    2 13103     0 io-audio[deva_srf_session.c:410]: DEVA: session_deva_timer_attach_stream: ENTER
Jan 01 00:00:04.257    2 13103     0 io-audio[deva_srf_session.c:427]: DEVA: session_deva_timer_attach_stream: deva_timer_session = <deva_timer_play_mpl1_int_ent>
Jan 01 00:00:04.257    2 13103     0 io-audio[deva_srf_session.c:477]: DEVA: session_deva_timer_attach_stream: LEAVE (rc=0x0)
Jan 01 00:00:04.258    2 13103     0 io-audio[deva_srf_session.c:1279]: DEVA: session_csd_attach_device: LEAVE (rc=0x0)
Jan 01 00:00:04.258    2 13103     0 io-audio[deva_srf_mixer_router.c:1061]: DEVA: deva_mixer_router_set_switch_routing: New Routing [0]: Input=1 Output=128 CONNECTED
Jan 01 00:00:04.258    2 13103     0 io-audio[deva_srf_mixer_router.c:1094]: DEVA: deva_mixer_router_set_switch_routing: LEAVE
Jan 01 00:00:04.258    2 13103     0 io-audio[deva_srf_mixer_router.c:664]: DEVA: deva_mixer_router_init: Routing for PCM_PLAY_ANN_2 -> TDM_OUT_ANN_2 ---------------------------------------
Jan 01 00:00:04.258    2 13103     0 io-audio[deva_srf_mixer_router.c:852]: DEVA: deva_mixer_router_set_switch_routing: ENTER
Jan 01 00:00:04.259    2 13103     0 io-audio[deva_srf_mixer_router.c:869]: DEVA: deva_mixer_router_set_switch_routing: Routing Type: 2
Jan 01 00:00:04.259    2 13103     0 io-audio[deva_srf_session.c:851]: DEVA: session_csd_setup: ENTER
Jan 01 00:00:04.259    2 13103     0 io-audio[deva_srf_session.c:880]: DEVA: session_csd_setup: Setting up session while DEVICE_ID = <8> is being attached, update session info
Jan 01 00:00:04.259    2 13103     0 io-audio[deva_srf_platform.c:2284]: DEVA: deva_update_session_info_from_list: ENTER
Jan 01 00:00:04.259    2 13103     0 io-audio[deva_srf_platform.c:2204]: DEVA: deva_get_session_handles_from_platform_id: ENTER
Jan 01 00:00:04.259    2 13103     0 io-audio[deva_srf_platform.c:2275]: DEVA: deva_get_session_handles_from_platform_id: LEAVE
Jan 01 00:00:04.260    2 13103     0 io-audio[deva_srf_platform.c:2312]: DEVA: deva_update_session_info_from_list: LEAVE
Jan 01 00:00:04.260    2 13103     0 io-audio[deva_srf_session.c:900]: DEVA: session_csd_setup: pcm format => sample_rate=24000, channels=1, bit_per_sample=16, sign=1, interleave=1
Jan 01 00:00:04.260    2 13103     0 io-audio[deva_srf_session.c:1386]: DEVA: session_csd_setup_playback: ENTER
Jan 01 00:00:04.260    2 13103     0 io-audio[deva_csd_priv.c:48]: DEVA: openDevice : SUCCEEDED 87040
Jan 01 00:00:04.261    2 13102     0 audio_service[csd_dev_tgt_acdb.c:1128]: csd_acdb_set_dev_info_tdm_sad: TDM SAD Header Info: Version=0x1, StartOffset=0x0, HeaderWidth=0x2, NumFrameRepeat=0x8, HeaderType=0x1
Jan 01 00:00:04.261    2 13102     0 audio_service[csd_dev_tgt_acdb.c:1138]: csd_acdb_set_dev_info_tdm_sad: TDM SAD Header Payload: 0x3c01, 0xb210, 0x6000, 0xc0, 0x7, 0x0, 0x6, 0x0
Jan 01 00:00:04.265    2 13103     0 io-audio[deva_csd_priv.c:230]: DEVA: enableDevice: SUCCEEDED (dev_id=66) with rc=0x0
Jan 01 00:00:04.268    2 13103     0 io-audio[deva_csd_priv.c:155]: DEVA: openAudioStreamV2 : SUCCEEDED 377860
Jan 01 00:00:04.269    2 13103     0 io-audio[deva_csd_priv.c:375]: DEVA: setStreamFormat2: SUCCEEDED 
Jan 01 00:00:04.269    6 13102     0 io-audio[csd_proxy.c:1999]: CSD_IPC_Client: Set CSD IPC callback thread priority to 25!
Jan 01 00:00:04.271    6 13102     0 io-audio[csd_proxy.c:402]: CSD_IPC_Client: mmiCbHandler:: => csd-ipc_msg_queue name=[/csdIpcAQ-995393-5], mq_des=[0x716d0002]

Jan 01 00:00:04.271    6 13102     0 io-audio[csd_proxy.c:504]: CSD_IPC_Client mmiCbHandler:: => mq_unlink Successful in audio session! 

Jan 01 00:00:04.271    6 13102     0 io-audio[csd_proxy.c:507]: ****CSD_IPC_Client: mmiCbHandler waiting for queue=[/csdIpcAQ-995393-5], mq_des=[0x716d0002]
***
Jan 01 00:00:04.272    6 13102     0 io-audio[csd_proxy.c:2033]: CSD_IPC_Client :csd_register_callback => Received Server Status [0x0] on RegisterCallback for Handle[0x5c404] !!!
Jan 01 00:00:04.272    2 13103     0 io-audio[deva_csd_priv.c:733]: DEVA: registerCallBack: SUCCEEDED!
Jan 01 00:00:04.272    2 13103     0 io-audio[deva_csd_priv.c:1335]: DEVA: allocateCsdBufferPool: ENTER (buffer_count=7, buffer_size=768)
Jan 01 00:00:04.288    2 13103     0 io-audio[deva_csd_priv.c:1386]: DEVA: allocateCsdBufferPool: LEAVE (rc=0x0)
Jan 01 00:00:04.288    2 13103     0 io-audio[deva_csd_priv.c:208]: DEVA: openAudioContextV2 : SUCCEEDED (dev_id=66)
Jan 01 00:00:04.289    5 13102     0 ACDBFILE_MGR:Read the devices count as zero, please check the acdb file

Jan 01 00:00:04.289    5 13102     0 ACDBFILE_MGR:Read the devices count as zero, please check the acdb file

Jan 01 00:00:04.289    5 13102     0 ACDBFILE_MGR:Read the devices count as zero, please check the acdb file

Jan 01 00:00:04.290    5 13102     0 Failed to fetch the lookup information of the appid 00011130 devID 00000042 

Jan 01 00:00:04.291    2 13103     0 io-audio[deva_csd_priv.c:253]: DEVA: streamAttach: SUCCEEDED
Jan 01 00:00:04.295    5 13102     0 ACDBFILE_MGR:Read the devices count as zero, please check the acdb file

Jan 01 00:00:04.295    5 13102     0 ACDBFILE_MGR:Read the devices count as zero, please check the acdb file

Jan 01 00:00:04.295    5 13102     0 ACDBFILE_MGR:Read the devices count as zero, please check the acdb file

Jan 01 00:00:04.296    5 13102     0 Failed to fetch the lookup information of the device 00000042 app id 00011130 sample rate 0000BB80

Jan 01 00:00:04.297    2 13103     0 io-audio[deva_csd_priv.c:271]: DEVA: enableContext: SUCCEEDED
Jan 01 00:00:04.297    2 13103     0 io-audio[deva_srf_session.c:1529]: DEVA: session_csd_setup_playback: LEAVE (rc=0x0)
Jan 01 00:00:04.297    2 13103     0 io-audio[deva_srf_session.c:907]: DEVA: session_csd_setup: session_csd_setup_playback() SUCCEEDED
Jan 01 00:00:04.298    2 13103     0 io-audio[deva_srf_session.c:934]: DEVA: session_csd_setup: LEAVE (rc=0x0)
Jan 01 00:00:04.298    2 13103     0 io-audio[deva_srf_session.c:1245]: DEVA: session_csd_attach_device: ENTER
Jan 01 00:00:04.298    2 13103     0 io-audio[deva_srf_session.c:1266]: DEVA: session_csd_attach_device: csd_session = <csd_playback_ann2>, deva_timer_session = <deva_timer_play_ann2_int_sds>
Jan 01 00:00:04.298    2 13103     0 io-audio[deva_srf_session.c:410]: DEVA: session_deva_timer_attach_stream: ENTER
Jan 01 00:00:04.298    2 13103     0 io-audio[deva_srf_session.c:427]: DEVA: session_deva_timer_attach_stream: deva_timer_session = <deva_timer_play_ann2_int_sds>
Jan 01 00:00:04.299    2 13103     0 io-audio[deva_srf_session.c:477]: DEVA: session_deva_timer_attach_stream: LEAVE (rc=0x0)
Jan 01 00:00:04.299    2 13103     0 io-audio[deva_srf_session.c:1279]: DEVA: session_csd_attach_device: LEAVE (rc=0x0)
Jan 01 00:00:04.299    2 13103     0 io-audio[deva_srf_mixer_router.c:1061]: DEVA: deva_mixer_router_set_switch_routing: New Routing [0]: Input=9 Output=131 CONNECTED
Jan 01 00:00:04.299    2 13103     0 io-audio[deva_srf_mixer_router.c:1094]: DEVA: deva_mixer_router_set_switch_routing: LEAVE
Jan 01 00:00:04.299    2 13103     0 io-audio[deva_srf_mixer_router.c:670]: DEVA: deva_mixer_router_init: Routing for PCM_PLAY_TEL_1 -> TDM_OUT_TEL ---------------------------------------
Jan 01 00:00:04.300    2 13103     0 io-audio[deva_srf_mixer_router.c:852]: DEVA: deva_mixer_router_set_switch_routing: ENTER
Jan 01 00:00:04.300    2 13103     0 io-audio[deva_srf_mixer_router.c:869]: DEVA: deva_mixer_router_set_switch_routing: Routing Type: 3
Jan 01 00:00:04.300    2 13103     0 io-audio[deva_srf_session.c:851]: DEVA: session_csd_setup: ENTER
Jan 01 00:00:04.300    2 13103     0 io-audio[deva_srf_session.c:880]: DEVA: session_csd_setup: Setting up session while DEVICE_ID = <18> is being attached, update session info
Jan 01 00:00:04.301    2 13103     0 io-audio[deva_srf_platform.c:2284]: DEVA: deva_update_session_info_from_list: ENTER
Jan 01 00:00:04.301    2 13103     0 io-audio[deva_srf_platform.c:2204]: DEVA: deva_get_session_handles_from_platform_id: ENTER
Jan 01 00:00:04.301    2 13103     0 io-audio[deva_srf_platform.c:2275]: DEVA: deva_get_session_handles_from_platform_id: LEAVE
Jan 01 00:00:04.301    2 13103     0 io-audio[deva_srf_platform.c:2312]: DEVA: deva_update_session_info_from_list: LEAVE
Jan 01 00:00:04.302    2 13103     0 io-audio[deva_srf_session.c:900]: DEVA: session_csd_setup: pcm format => sample_rate=48000, channels=1, bit_per_sample=16, sign=1, interleave=1
Jan 01 00:00:04.302    2 13103     0 io-audio[deva_srf_session.c:1386]: DEVA: session_csd_setup_playback: ENTER
Jan 01 00:00:04.302    2 13103     0 io-audio[deva_csd_priv.c:48]: DEVA: openDevice : SUCCEEDED 87040
Jan 01 00:00:04.303    2 13102     0 audio_service[csd_dev_tgt_acdb.c:1128]: csd_acdb_set_dev_info_tdm_sad: TDM SAD Header Info: Version=0x1, StartOffset=0x0, HeaderWidth=0x2, NumFrameRepeat=0x8, HeaderType=0x1
Jan 01 00:00:04.303    2 13102     0 audio_service[csd_dev_tgt_acdb.c:1138]: csd_acdb_set_dev_info_tdm_sad: TDM SAD Header Payload: 0x3c01, 0xb210, 0x6000, 0xc0, 0x7, 0x0, 0x6, 0x0
Jan 01 00:00:04.308    2 13103     0 io-audio[deva_csd_priv.c:230]: DEVA: enableDevice: SUCCEEDED (dev_id=9) with rc=0x0
Jan 01 00:00:04.310    2 13103     0 io-audio[deva_csd_priv.c:155]: DEVA: openAudioStreamV2 : SUCCEEDED 508934
Jan 01 00:00:04.311    2 13103     0 io-audio[deva_csd_priv.c:375]: DEVA: setStreamFormat2: SUCCEEDED 
Jan 01 00:00:04.311    6 13102     0 io-audio[csd_proxy.c:1999]: CSD_IPC_Client: Set CSD IPC callback thread priority to 25!
Jan 01 00:00:04.312    6 13102     0 io-audio[csd_proxy.c:402]: CSD_IPC_Client: mmiCbHandler:: => csd-ipc_msg_queue name=[/csdIpcAQ-995393-6], mq_des=[0x716d0003]

Jan 01 00:00:04.312    6 13102     0 io-audio[csd_proxy.c:504]: CSD_IPC_Client mmiCbHandler:: => mq_unlink Successful in audio session! 

Jan 01 00:00:04.312    6 13102     0 io-audio[csd_proxy.c:507]: ****CSD_IPC_Client: mmiCbHandler waiting for queue=[/csdIpcAQ-995393-6], mq_des=[0x716d0003]
***
Jan 01 00:00:04.312    6 13102     0 io-audio[csd_proxy.c:2033]: CSD_IPC_Client :csd_register_callback => Received Server Status [0x0] on RegisterCallback for Handle[0x7c406] !!!
Jan 01 00:00:04.312    2 13103     0 io-audio[deva_csd_priv.c:733]: DEVA: registerCallBack: SUCCEEDED!
Jan 01 00:00:04.313    2 13103     0 io-audio[deva_csd_priv.c:1335]: DEVA: allocateCsdBufferPool: ENTER (buffer_count=7, buffer_size=1536)
Jan 01 00:00:04.327    2 13103     0 io-audio[deva_csd_priv.c:1386]: DEVA: allocateCsdBufferPool: LEAVE (rc=0x0)
Jan 01 00:00:04.327    2 13103     0 io-audio[deva_csd_priv.c:208]: DEVA: openAudioContextV2 : SUCCEEDED (dev_id=9)
Jan 01 00:00:04.328    5 13102     0 ACDBFILE_MGR:Read the devices count as zero, please check the acdb file

Jan 01 00:00:04.328    5 13102     0 ACDBFILE_MGR:Read the devices count as zero, please check the acdb file

Jan 01 00:00:04.330    5 13102     0 ACDBFILE_MGR:Read the devices count as zero, please check the acdb file

Jan 01 00:00:04.331    5 13102     0 Failed to fetch the lookup information of the appid 00011130 devID 00000009 

Jan 01 00:00:04.333    2 13103     0 io-audio[deva_csd_priv.c:253]: DEVA: streamAttach: SUCCEEDED
Jan 01 00:00:04.338    5 13102     0 ACDBFILE_MGR:Read the devices count as zero, please check the acdb file

Jan 01 00:00:04.339    5 13102     0 ACDBFILE_MGR:Read the devices count as zero, please check the acdb file

Jan 01 00:00:04.339    5 13102     0 ACDBFILE_MGR:Read the devices count as zero, please check the acdb file

Jan 01 00:00:04.340    5 13102     0 Failed to fetch the lookup information of the device 00000009 app id 00011130 sample rate 0000BB80

Jan 01 00:00:04.343    2 13103     0 io-audio[deva_csd_priv.c:271]: DEVA: enableContext: SUCCEEDED
Jan 01 00:00:04.347    2 13103     0 io-audio[deva_srf_session.c:1529]: DEVA: session_csd_setup_playback: LEAVE (rc=0x0)
Jan 01 00:00:04.347    2 13103     0 io-audio[deva_srf_session.c:907]: DEVA: session_csd_setup: session_csd_setup_playback() SUCCEEDED
Jan 01 00:00:04.348    2 13103     0 io-audio[deva_srf_session.c:934]: DEVA: session_csd_setup: LEAVE (rc=0x0)
Jan 01 00:00:04.349    2 13103     0 io-audio[deva_srf_session.c:1245]: DEVA: session_csd_attach_device: ENTER
Jan 01 00:00:04.351    2 13103     0 io-audio[deva_srf_session.c:1266]: DEVA: session_csd_attach_device: csd_session = <csd_playback_tel>, deva_timer_session = <deva_timer_play_tel1>
Jan 01 00:00:04.352    2 13103     0 io-audio[deva_srf_session.c:410]: DEVA: session_deva_timer_attach_stream: ENTER
Jan 01 00:00:04.352    5    17     0 io_open for id = 5
Jan 01 00:00:04.353    2 13103     0 io-audio[deva_srf_session.c:427]: DEVA: session_deva_timer_attach_stream: deva_timer_session = <deva_timer_play_tel1>
Jan 01 00:00:04.353    5    17     0 io_close_ocb
Jan 01 00:00:04.353    2 13103     0 io-audio[deva_srf_session.c:477]: DEVA: session_deva_timer_attach_stream: LEAVE (rc=0x0)
Jan 01 00:00:04.353    5    17     0 io_open for id = 6
Jan 01 00:00:04.354    2 13103     0 io-audio[deva_srf_session.c:1279]: DEVA: session_csd_attach_device: LEAVE (rc=0x0)
Jan 01 00:00:04.354    5    17     0 io_close_ocb
Jan 01 00:00:04.356    2 13103     0 io-audio[deva_srf_mixer_router.c:1061]: DEVA: deva_mixer_router_set_switch_routing: New Routing [0]: Input=19 Output=132 CONNECTED
Jan 01 00:00:04.357    2 13103     0 io-audio[deva_srf_mixer_router.c:1094]: DEVA: deva_mixer_router_set_switch_routing: LEAVE
Jan 01 00:00:04.358    2 13103     0 io-audio[deva_srf_mixer_router.c:676]: DEVA: deva_mixer_router_init: Routing for PCM_PLAY_SSE -> PCM_CAP_MIC_1 ---------------------------------------
Jan 01 00:00:04.359    2 13103     0 io-audio[deva_srf_mixer_router.c:852]: DEVA: deva_mixer_router_set_switch_routing: ENTER
Jan 01 00:00:04.360    2 13103     0 io-audio[deva_srf_mixer_router.c:869]: DEVA: deva_mixer_router_set_switch_routing: Routing Type: 4
Jan 01 00:00:04.362    2 13103     0 io-audio[deva_srf_session.c:2266]: DEVA: session_loopback_deva_setup: ENTER
Jan 01 00:00:04.362    2 13103     0 io-audio[deva_srf_session.c:2301]: DEVA: session_loopback_deva_setup: LEAVE (rc=0x0)
Jan 01 00:00:04.363    2 13103     0 io-audio[deva_srf_session.c:2469]: DEVA: session_loopback_deva_attach_device: ENTER
Jan 01 00:00:04.365    2 13103     0 io-audio[deva_srf_session.c:410]: DEVA: session_deva_timer_attach_stream: ENTER
Jan 01 00:00:04.365    2 13103     0 io-audio[deva_srf_session.c:427]: DEVA: session_deva_timer_attach_stream: deva_timer_session = <deva_timer_play_sse>
Jan 01 00:00:04.365    2 13103     0 io-audio[deva_srf_session.c:477]: DEVA: session_deva_timer_attach_stream: LEAVE (rc=0x0)
Jan 01 00:00:04.366    2 13103     0 io-audio[deva_srf_session.c:410]: DEVA: session_deva_timer_attach_stream: ENTER
Jan 01 00:00:04.366    2 13103     0 io-audio[deva_srf_session.c:427]: DEVA: session_deva_timer_attach_stream: deva_timer_session = <deva_timer_cap_mic1>
Jan 01 00:00:04.366    2 13103     0 io-audio[deva_srf_session.c:477]: DEVA: session_deva_timer_attach_stream: LEAVE (rc=0x0)
Jan 01 00:00:04.366    2 13103     0 io-audio[deva_srf_session.c:2521]: DEVA: session_loopback_deva_attach_device: LEAVE (rc=0x0)
Jan 01 00:00:04.366    2 13103     0 io-audio[deva_srf_mixer_router.c:1061]: DEVA: deva_mixer_router_set_switch_routing: New Routing [0]: Input=24 Output=3 CONNECTED
Jan 01 00:00:04.367    2 13103     0 io-audio[deva_srf_mixer_router.c:1094]: DEVA: deva_mixer_router_set_switch_routing: LEAVE
Jan 01 00:00:04.367    2 13103     0 io-audio[deva_srf_mixer_router.c:682]: DEVA: deva_mixer_router_init: Routing for PCM_PLAY_ANN_9 -> TDM_OUT_ANN_1_48KHZ---------------------------------------
Jan 01 00:00:04.368    2 13103     0 io-audio[deva_srf_session.c:851]: DEVA: session_csd_setup: ENTER
Jan 01 00:00:04.368    2 13103     0 io-audio[deva_srf_session.c:880]: DEVA: session_csd_setup: Setting up session while DEVICE_ID = <15> is being attached, update session info
Jan 01 00:00:04.368    2 13103     0 io-audio[deva_srf_platform.c:2284]: DEVA: deva_update_session_info_from_list: ENTER
Jan 01 00:00:04.369    2 13103     0 io-audio[deva_srf_platform.c:2204]: DEVA: deva_get_session_handles_from_platform_id: ENTER
Jan 01 00:00:04.369    2 13103     0 io-audio[deva_srf_platform.c:2275]: DEVA: deva_get_session_handles_from_platform_id: LEAVE
Jan 01 00:00:04.369    2 13103     0 io-audio[deva_srf_platform.c:2312]: DEVA: deva_update_session_info_from_list: LEAVE
Jan 01 00:00:04.370    2 13103     0 io-audio[deva_srf_session.c:900]: DEVA: session_csd_setup: pcm format => sample_rate=48000, channels=1, bit_per_sample=16, sign=1, interleave=1
Jan 01 00:00:04.370    2 13103     0 io-audio[deva_srf_session.c:1386]: DEVA: session_csd_setup_playback: ENTER
Jan 01 00:00:04.371    2 13103     0 io-audio[deva_csd_priv.c:48]: DEVA: openDevice : SUCCEEDED 87040
Jan 01 00:00:04.372    2 13103     0 io-audio[deva_csd_priv.c:230]: DEVA: enableDevice: SUCCEEDED (dev_id=14) with rc=0x1231b
Jan 01 00:00:04.375    2 13103     0 io-audio[deva_csd_priv.c:155]: DEVA: openAudioStreamV2 : SUCCEEDED 640008
Jan 01 00:00:04.376    2 13103     0 io-audio[deva_csd_priv.c:375]: DEVA: setStreamFormat2: SUCCEEDED 
Jan 01 00:00:04.377    6 13102     0 io-audio[csd_proxy.c:1999]: CSD_IPC_Client: Set CSD IPC callback thread priority to 25!
Jan 01 00:00:04.379    6 13102     0 io-audio[csd_proxy.c:402]: CSD_IPC_Client: mmiCbHandler:: => csd-ipc_msg_queue name=[/csdIpcAQ-995393-7], mq_des=[0x716d0004]

Jan 01 00:00:04.379    6 13102     0 io-audio[csd_proxy.c:504]: CSD_IPC_Client mmiCbHandler:: => mq_unlink Successful in audio session! 

Jan 01 00:00:04.379    6 13102     0 io-audio[csd_proxy.c:507]: ****CSD_IPC_Client: mmiCbHandler waiting for queue=[/csdIpcAQ-995393-7], mq_des=[0x716d0004]
***
Jan 01 00:00:04.379    6 13102     0 io-audio[csd_proxy.c:2033]: CSD_IPC_Client :csd_register_callback => Received Server Status [0x0] on RegisterCallback for Handle[0x9c408] !!!
Jan 01 00:00:04.380    2 13103     0 io-audio[deva_csd_priv.c:733]: DEVA: registerCallBack: SUCCEEDED!
Jan 01 00:00:04.380    2 13103     0 io-audio[deva_csd_priv.c:1335]: DEVA: allocateCsdBufferPool: ENTER (buffer_count=7, buffer_size=1536)
Jan 01 00:00:04.408    5 10000     0 13:35:38.719 MIBRoot BENCH_Startup 2 1200 eso agent 400 started : 00:00:04.713
Jan 01 00:00:04.414    2 13103     0 io-audio[deva_csd_priv.c:1386]: DEVA: allocateCsdBufferPool: LEAVE (rc=0x0)
Jan 01 00:00:04.415    2 13103     0 io-audio[deva_csd_priv.c:208]: DEVA: openAudioContextV2 : SUCCEEDED (dev_id=14)
Jan 01 00:00:04.417    5 13102     0 ACDBFILE_MGR:Read the devices count as zero, please check the acdb file

Jan 01 00:00:04.417    5 13102     0 ACDBFILE_MGR:Read the devices count as zero, please check the acdb file

Jan 01 00:00:04.417    5 13102     0 ACDBFILE_MGR:Read the devices count as zero, please check the acdb file

Jan 01 00:00:04.418    5 13102     0 Failed to fetch the lookup information of the appid 00011130 devID 0000000E 

Jan 01 00:00:04.420    2 13103     0 io-audio[deva_csd_priv.c:253]: DEVA: streamAttach: SUCCEEDED
Jan 01 00:00:04.423    5 13102     0 ACDBFILE_MGR:Read the devices count as zero, please check the acdb file

Jan 01 00:00:04.424    5 13102     0 ACDBFILE_MGR:Read the devices count as zero, please check the acdb file

Jan 01 00:00:04.424    5 13102     0 ACDBFILE_MGR:Read the devices count as zero, please check the acdb file

Jan 01 00:00:04.425    5 13102     0 Failed to fetch the lookup information of the device 0000000E app id 00011130 sample rate 0000BB80

Jan 01 00:00:04.428    2 13103     0 io-audio[deva_csd_priv.c:271]: DEVA: enableContext: SUCCEEDED
Jan 01 00:00:04.429    2 13103     0 io-audio[deva_srf_session.c:1529]: DEVA: session_csd_setup_playback: LEAVE (rc=0x0)
Jan 01 00:00:04.430    2 13103     0 io-audio[deva_srf_session.c:907]: DEVA: session_csd_setup: session_csd_setup_playback() SUCCEEDED
Jan 01 00:00:04.430    2 13103     0 io-audio[deva_srf_session.c:934]: DEVA: session_csd_setup: LEAVE (rc=0x0)
Jan 01 00:00:04.431    2 13103     0 io-audio[deva_srf_session.c:1245]: DEVA: session_csd_attach_device: ENTER
Jan 01 00:00:04.431    2 13103     0 io-audio[deva_srf_session.c:1266]: DEVA: session_csd_attach_device: csd_session = <csd_playback_ann1_48khz>, deva_timer_session = <deva_timer_play_ann9_mirror_lnk>
Jan 01 00:00:04.432    2 13103     0 io-audio[deva_srf_session.c:410]: DEVA: session_deva_timer_attach_stream: ENTER
Jan 01 00:00:04.433    2 13103     0 io-audio[deva_srf_session.c:427]: DEVA: session_deva_timer_attach_stream: deva_timer_session = <deva_timer_play_ann9_mirror_lnk>
Jan 01 00:00:04.433    2 13103     0 io-audio[deva_srf_session.c:477]: DEVA: session_deva_timer_attach_stream: LEAVE (rc=0x0)
Jan 01 00:00:04.433    2    19     0 devb-eide-mmx 1.00A (Mar  3 2016 09:49:01)
Jan 01 00:00:04.434    2 13103     0 io-audio[deva_srf_session.c:1279]: DEVA: session_csd_attach_device: LEAVE (rc=0x0)
Jan 01 00:00:04.434    2 13103     0 io-audio[deva_srf_mixer_router.c:686]: DEVA: deva_mixer_router_init: Routing for PCM_PLAY_ANN_3 -> TDM_OUT_ANN_1_16KHZ---------------------------------------
Jan 01 00:00:04.435    2 13103     0 io-audio[deva_srf_session.c:950]: DEVA: session_csd_mixer_setup: ENTER
Jan 01 00:00:04.435    2 13103     0 io-audio[deva_srf_session.c:985]: DEVA: session_csd_mixer_setup: Setting up session while DEVICE_ID = <9> is being attached, update session info
Jan 01 00:00:04.436    2 13103     0 io-audio[deva_srf_platform.c:2284]: DEVA: deva_update_session_info_from_list: ENTER
Jan 01 00:00:04.436    2 13103     0 io-audio[deva_srf_platform.c:2204]: DEVA: deva_get_session_handles_from_platform_id: ENTER
Jan 01 00:00:04.436    2 13103     0 io-audio[deva_srf_platform.c:2275]: DEVA: deva_get_session_handles_from_platform_id: LEAVE
Jan 01 00:00:04.436    2 13103     0 io-audio[deva_srf_platform.c:2312]: DEVA: deva_update_session_info_from_list: LEAVE
Jan 01 00:00:04.436    2 13103     0 io-audio[deva_srf_session.c:1005]: DEVA: session_csd_mixer_setup: pcm format => sample_rate=16000, channels=1, bit_per_sample=16, sign=1, interleave=1
Jan 01 00:00:04.441    2 13103     0 io-audio[deva_csd_priv.c:155]: DEVA: openAudioStreamV2 : SUCCEEDED 771082
Jan 01 00:00:04.443    2 13103     0 io-audio[deva_csd_priv.c:375]: DEVA: setStreamFormat2: SUCCEEDED 
Jan 01 00:00:04.444    6 13102     0 io-audio[csd_proxy.c:1999]: CSD_IPC_Client: Set CSD IPC callback thread priority to 25!
Jan 01 00:00:04.446    6 13102     0 io-audio[csd_proxy.c:402]: CSD_IPC_Client: mmiCbHandler:: => csd-ipc_msg_queue name=[/csdIpcAQ-995393-8], mq_des=[0x716d0005]

Jan 01 00:00:04.446    6 13102     0 io-audio[csd_proxy.c:504]: CSD_IPC_Client mmiCbHandler:: => mq_unlink Successful in audio session! 

Jan 01 00:00:04.446    6 13102     0 io-audio[csd_proxy.c:507]: ****CSD_IPC_Client: mmiCbHandler waiting for queue=[/csdIpcAQ-995393-8], mq_des=[0x716d0005]
***
Jan 01 00:00:04.447    6 13102     0 io-audio[csd_proxy.c:2033]: CSD_IPC_Client :csd_register_callback => Received Server Status [0x0] on RegisterCallback for Handle[0xbc40a] !!!
Jan 01 00:00:04.449    2 13103     0 io-audio[deva_csd_priv.c:733]: DEVA: registerCallBack: SUCCEEDED!
Jan 01 00:00:04.449    2 13103     0 io-audio[deva_csd_priv.c:1335]: DEVA: allocateCsdBufferPool: ENTER (buffer_count=7, buffer_size=512)
Jan 01 00:00:04.460    5 10205     3 [main]::main: starting /eso/bin/apps/mediaconnector ... with version: 1 6 0
Jan 01 00:00:04.472    2     5     0 libcam.so (Oct  7 2015 10:55:52) bver 6050003
Jan 01 00:00:04.476    2 13103     0 io-audio[deva_csd_priv.c:1386]: DEVA: allocateCsdBufferPool: LEAVE (rc=0x0)
Jan 01 00:00:04.478    5 13102     0 ACDBFILE_MGR:Read the devices count as zero, please check the acdb file

Jan 01 00:00:04.478    5 13102     0 ACDBFILE_MGR:Read the devices count as zero, please check the acdb file

Jan 01 00:00:04.479    5 13102     0 ACDBFILE_MGR:Read the devices count as zero, please check the acdb file

Jan 01 00:00:04.479    5 13102     0 Failed to fetch the lookup information of the appid 00011130 devID 0000000E 

Jan 01 00:00:04.479    5 13102     0 ACDBFILE_MGR:Read the devices count as zero, please check the acdb file

Jan 01 00:00:04.480    5 13102     0 ACDBFILE_MGR:Read the devices count as zero, please check the acdb file

Jan 01 00:00:04.480    5 13102     0 ACDBFILE_MGR:Read the devices count as zero, please check the acdb file

Jan 01 00:00:04.481    5 13102     0 Failed to fetch the lookup information of the appid 00011130 devID 0000000E 

Jan 01 00:00:04.485    2 13103     0 io-audio[deva_csd_priv.c:253]: DEVA: streamAttach: SUCCEEDED
Jan 01 00:00:04.486    7    15     0 qnet(kif): server_lookup(): invalid scoid 51, 47

Jan 01 00:00:04.486    2 13103     0 io-audio[deva_srf_session.c:1620]: DEVA: session_csd_setup_mixer_playback: LEAVE (rc=0x0)
Jan 01 00:00:04.486    2 13103     0 io-audio[deva_srf_session.c:1012]: DEVA: session_csd_mixer_setup: session_csd_setup_mixer_playback() SUCCEEDED
Jan 01 00:00:04.486    2 13103     0 io-audio[deva_srf_session.c:1025]: DEVA: session_csd_mixer_setup: LEAVE (rc=0x0)
Jan 01 00:00:04.487    2 13103     0 io-audio[deva_srf_session.c:1245]: DEVA: session_csd_attach_device: ENTER
Jan 01 00:00:04.487    2 13103     0 io-audio[deva_srf_session.c:1266]: DEVA: session_csd_attach_device: csd_session = <csd_playback_ann1_16khz>, deva_timer_session = <deva_timer_play_ann3_dio_ann>
Jan 01 00:00:04.487    2 13103     0 io-audio[deva_srf_session.c:410]: DEVA: session_deva_timer_attach_stream: ENTER
Jan 01 00:00:04.487    2 13103     0 io-audio[deva_srf_session.c:427]: DEVA: session_deva_timer_attach_stream: deva_timer_session = <deva_timer_play_ann3_dio_ann>
Jan 01 00:00:04.488    2 13103     0 io-audio[deva_srf_session.c:477]: DEVA: session_deva_timer_attach_stream: LEAVE (rc=0x0)
Jan 01 00:00:04.488    2 13103     0 io-audio[deva_srf_session.c:1279]: DEVA: session_csd_attach_device: LEAVE (rc=0x0)
Jan 01 00:00:04.488    2 13103     0 io-audio[deva_srf_mixer_router.c:690]: DEVA: deva_mixer_router_init: Routing for PCM_PLAY_ANN_1 -> TDM_OUT_ANN_1_24KHZ---------------------------------------
Jan 01 00:00:04.488    2 13103     0 io-audio[deva_srf_session.c:950]: DEVA: session_csd_mixer_setup: ENTER
Jan 01 00:00:04.488    2 13103     0 io-audio[deva_srf_session.c:985]: DEVA: session_csd_mixer_setup: Setting up session while DEVICE_ID = <7> is being attached, update session info
Jan 01 00:00:04.488    2 13103     0 io-audio[deva_srf_platform.c:2284]: DEVA: deva_update_session_info_from_list: ENTER
Jan 01 00:00:04.489    2 13103     0 io-audio[deva_srf_platform.c:2204]: DEVA: deva_get_session_handles_from_platform_id: ENTER
Jan 01 00:00:04.489    2 13103     0 io-audio[deva_srf_platform.c:2275]: DEVA: deva_get_session_handles_from_platform_id: LEAVE
Jan 01 00:00:04.489    2 13103     0 io-audio[deva_srf_platform.c:2312]: DEVA: deva_update_session_info_from_list: LEAVE
Jan 01 00:00:04.489    2 13103     0 io-audio[deva_srf_session.c:1005]: DEVA: session_csd_mixer_setup: pcm format => sample_rate=24000, channels=1, bit_per_sample=16, sign=1, interleave=1
Jan 01 00:00:04.491    2 13103     0 io-audio[deva_csd_priv.c:155]: DEVA: openAudioStreamV2 : SUCCEEDED 836619
Jan 01 00:00:04.492    2 13103     0 io-audio[deva_csd_priv.c:375]: DEVA: setStreamFormat2: SUCCEEDED 
Jan 01 00:00:04.494    6 13102     0 io-audio[csd_proxy.c:1999]: CSD_IPC_Client: Set CSD IPC callback thread priority to 25!
Jan 01 00:00:04.495    6 13102     0 io-audio[csd_proxy.c:402]: CSD_IPC_Client: mmiCbHandler:: => csd-ipc_msg_queue name=[/csdIpcAQ-995393-9], mq_des=[0x716d0006]

Jan 01 00:00:04.496    6 13102     0 io-audio[csd_proxy.c:504]: CSD_IPC_Client mmiCbHandler:: => mq_unlink Successful in audio session! 

Jan 01 00:00:04.496    6 13102     0 io-audio[csd_proxy.c:507]: ****CSD_IPC_Client: mmiCbHandler waiting for queue=[/csdIpcAQ-995393-9], mq_des=[0x716d0006]
***
Jan 01 00:00:04.496    6 13102     0 io-audio[csd_proxy.c:2033]: CSD_IPC_Client :csd_register_callback => Received Server Status [0x0] on RegisterCallback for Handle[0xcc40b] !!!
Jan 01 00:00:04.497    2 13103     0 io-audio[deva_csd_priv.c:733]: DEVA: registerCallBack: SUCCEEDED!
Jan 01 00:00:04.498    2 13103     0 io-audio[deva_csd_priv.c:1335]: DEVA: allocateCsdBufferPool: ENTER (buffer_count=7, buffer_size=768)
Jan 01 00:00:04.504    2    19     0 eide_sim_args: noslave
Jan 01 00:00:04.505    2    19     0 eide_interface_args: noslave
Jan 01 00:00:04.506    5    17     0 io_open for id = 5
Jan 01 00:00:04.512    2 13103     0 io-audio[deva_csd_priv.c:1386]: DEVA: allocateCsdBufferPool: LEAVE (rc=0x0)
Jan 01 00:00:04.512    5 13102     0 ACDBFILE_MGR:Read the devices count as zero, please check the acdb file

Jan 01 00:00:04.512    5 13102     0 ACDBFILE_MGR:Read the devices count as zero, please check the acdb file

Jan 01 00:00:04.512    5 13102     0 ACDBFILE_MGR:Read the devices count as zero, please check the acdb file

Jan 01 00:00:04.513    5 13102     0 Failed to fetch the lookup information of the appid 00011130 devID 0000000E 

Jan 01 00:00:04.513    5 13102     0 ACDBFILE_MGR:Read the devices count as zero, please check the acdb file

Jan 01 00:00:04.513    5 13102     0 ACDBFILE_MGR:Read the devices count as zero, please check the acdb file

Jan 01 00:00:04.513    5 13102     0 ACDBFILE_MGR:Read the devices count as zero, please check the acdb file

Jan 01 00:00:04.513    5 13102     0 Failed to fetch the lookup information of the appid 00011130 devID 0000000E 

Jan 01 00:00:04.513    5 13102     0 ACDBFILE_MGR:Read the devices count as zero, please check the acdb file

Jan 01 00:00:04.513    5 13102     0 ACDBFILE_MGR:Read the devices count as zero, please check the acdb file

Jan 01 00:00:04.513    5 13102     0 ACDBFILE_MGR:Read the devices count as zero, please check the acdb file

Jan 01 00:00:04.514    5 13102     0 Failed to fetch the lookup information of the appid 00011130 devID 0000000E 

Jan 01 00:00:04.515    2 13103     0 io-audio[deva_csd_priv.c:253]: DEVA: streamAttach: SUCCEEDED
Jan 01 00:00:04.516    2 13103     0 io-audio[deva_srf_session.c:1620]: DEVA: session_csd_setup_mixer_playback: LEAVE (rc=0x0)
Jan 01 00:00:04.516    2 13103     0 io-audio[deva_srf_session.c:1012]: DEVA: session_csd_mixer_setup: session_csd_setup_mixer_playback() SUCCEEDED
Jan 01 00:00:04.516    2 13103     0 io-audio[deva_srf_session.c:1025]: DEVA: session_csd_mixer_setup: LEAVE (rc=0x0)
Jan 01 00:00:04.516    2 13103     0 io-audio[deva_srf_session.c:1245]: DEVA: session_csd_attach_device: ENTER
Jan 01 00:00:04.516    2 13103     0 io-audio[deva_srf_session.c:1266]: DEVA: session_csd_attach_device: csd_session = <csd_playback_ann1_24khz>, deva_timer_session = <deva_timer_play_ann1_int_nav>
Jan 01 00:00:04.516    2 13103     0 io-audio[deva_srf_session.c:410]: DEVA: session_deva_timer_attach_stream: ENTER
Jan 01 00:00:04.517    2 13103     0 io-audio[deva_srf_session.c:427]: DEVA: session_deva_timer_attach_stream: deva_timer_session = <deva_timer_play_ann1_int_nav>
Jan 01 00:00:04.517    2 13103     0 io-audio[deva_srf_session.c:477]: DEVA: session_deva_timer_attach_stream: LEAVE (rc=0x0)
Jan 01 00:00:04.517    2 13103     0 io-audio[deva_srf_session.c:1279]: DEVA: session_csd_attach_device: LEAVE (rc=0x0)
Jan 01 00:00:04.517    2 13103     0 io-audio[deva_srf_mixer_router.c:694]: DEVA: deva_mixer_router_init: Routing for TDM_IN_ENT_1 -> PCM_CAP_ENT_1 ---------------------------------------
Jan 01 00:00:04.517    2 13103     0 io-audio[deva_srf_session.c:851]: DEVA: session_csd_setup: ENTER
Jan 01 00:00:04.518    2 13103     0 io-audio[deva_srf_session.c:880]: DEVA: session_csd_setup: Setting up session while DEVICE_ID = <24> is being attached, update session info
Jan 01 00:00:04.518    2 13103     0 io-audio[deva_srf_platform.c:2284]: DEVA: deva_update_session_info_from_list: ENTER
Jan 01 00:00:04.518    2 13103     0 io-audio[deva_srf_platform.c:2204]: DEVA: deva_get_session_handles_from_platform_id: ENTER
Jan 01 00:00:04.518    2 13103     0 io-audio[deva_srf_platform.c:2275]: DEVA: deva_get_session_handles_from_platform_id: LEAVE
Jan 01 00:00:04.518    2 13103     0 io-audio[deva_srf_platform.c:2312]: DEVA: deva_update_session_info_from_list: LEAVE
Jan 01 00:00:04.518    2 13103     0 io-audio[deva_srf_session.c:900]: DEVA: session_csd_setup: pcm format => sample_rate=48000, channels=2, bit_per_sample=16, sign=1, interleave=1
Jan 01 00:00:04.519    2 13103     0 io-audio[deva_srf_session.c:1940]: DEVA: session_csd_setup_capture: ENTER
Jan 01 00:00:04.519    2 13103     0 io-audio[deva_csd_priv.c:48]: DEVA: openDevice : SUCCEEDED 87040
Jan 01 00:00:04.522    2 13103     0 io-audio[deva_csd_priv.c:230]: DEVA: enableDevice: SUCCEEDED (dev_id=80) with rc=0x0
Jan 01 00:00:04.523    2 13103     0 io-audio[deva_csd_priv.c:155]: DEVA: openAudioStreamV2 : SUCCEEDED 902156
Jan 01 00:00:04.525    2 13103     0 io-audio[deva_csd_priv.c:375]: DEVA: setStreamFormat2: SUCCEEDED 
Jan 01 00:00:04.525    6 13102     0 io-audio[csd_proxy.c:1999]: CSD_IPC_Client: Set CSD IPC callback thread priority to 25!
Jan 01 00:00:04.526    6 13102     0 io-audio[csd_proxy.c:402]: CSD_IPC_Client: mmiCbHandler:: => csd-ipc_msg_queue name=[/csdIpcAQ-995393-10], mq_des=[0x716d0007]

Jan 01 00:00:04.526    6 13102     0 io-audio[csd_proxy.c:504]: CSD_IPC_Client mmiCbHandler:: => mq_unlink Successful in audio session! 

Jan 01 00:00:04.527    6 13102     0 io-audio[csd_proxy.c:507]: ****CSD_IPC_Client: mmiCbHandler waiting for queue=[/csdIpcAQ-995393-10], mq_des=[0x716d0007]
***
Jan 01 00:00:04.527    6 13102     0 io-audio[csd_proxy.c:2033]: CSD_IPC_Client :csd_register_callback => Received Server Status [0x0] on RegisterCallback for Handle[0xdc40c] !!!
Jan 01 00:00:04.527    2 13103     0 io-audio[deva_csd_priv.c:733]: DEVA: registerCallBack: SUCCEEDED!
Jan 01 00:00:04.527    2 13103     0 io-audio[deva_csd_priv.c:1335]: DEVA: allocateCsdBufferPool: ENTER (buffer_count=7, buffer_size=3072)
Jan 01 00:00:04.528    5 10000     0 13:35:38.824 MIBRoot BENCH_Startup 2 1282 eso agent 400 first connect to broker (succeeded) took: 21 ms
Jan 01 00:00:04.539    2 13103     0 io-audio[deva_csd_priv.c:1386]: DEVA: allocateCsdBufferPool: LEAVE (rc=0x0)
Jan 01 00:00:04.540    2 13103     0 io-audio[deva_csd_priv.c:208]: DEVA: openAudioContextV2 : SUCCEEDED (dev_id=80)
Jan 01 00:00:04.541    5 13102     0 ACDBFILE_MGR:Read the devices count as zero, please check the acdb file

Jan 01 00:00:04.541    5 13102     0 ACDBFILE_MGR:Read the devices count as zero, please check the acdb file

Jan 01 00:00:04.541    5 13102     0 ACDBFILE_MGR:Read the devices count as zero, please check the acdb file

Jan 01 00:00:04.541    5 13102     0 Failed to fetch the lookup information of the appid 00011132 devID 00000050 

Jan 01 00:00:04.541    2    19     0 eide_identify_devices:  vid 0x0, did 0x0, class 0x0 rev 0, busno 0, dfunc 0
Jan 01 00:00:04.542    2    19     0 eide_identify_devices: cmd_addr 0x1f0, cntl_addr 0x3f4, irq 0x1001, chnl 0, udma 4, mdma 2, sdma 0, pio 4
Jan 01 00:00:04.542    5    19     0 bs_identify_devices: drive ready delay: 0ms.
Jan 01 00:00:04.542    2 13103     0 io-audio[deva_csd_priv.c:253]: DEVA: streamAttach: SUCCEEDED
Jan 01 00:00:04.542    2    19     0 eide_identify_devices: probing dev 0 status 0, error 1
Jan 01 00:00:04.543    5 13102     0 ACDBFILE_MGR: CmnDevinfo for the devid 00000050 not found

Jan 01 00:00:04.543    5 13102     0 ACDB_COMMAND: Failed to fetch the ec record device pair info for devid 00000050 

Jan 01 00:00:04.543    2 13102     0 audio_service[csd_dev_tgt_acdb.c:2910]: CSD:ACDB => [ECNS] Failed to retrieve RX device from ACDB Error(-8)
Jan 01 00:00:04.546    5 10000     0 13:35:38.875 MIBRoot BENCH_Startup 2 1328 eso agent 400 alive : 00:00:04.875
Jan 01 00:00:04.547    5 13102     0 ACDBFILE_MGR:Read the devices count as zero, please check the acdb file

Jan 01 00:00:04.547    5 13102     0 ACDBFILE_MGR:Read the devices count as zero, please check the acdb file

Jan 01 00:00:04.548    5 13102     0 ACDBFILE_MGR:Read the devices count as zero, please check the acdb file

Jan 01 00:00:04.548    5 13102     0 Failed to fetch the lookup information of the device 00000050 app id 00011132 sample rate 0000BB80

Jan 01 00:00:04.549    2 13103     0 io-audio[deva_csd_priv.c:271]: DEVA: enableContext: SUCCEEDED
Jan 01 00:00:04.550    2 13103     0 io-audio[deva_srf_session.c:2066]: DEVA: session_csd_setup_capture: LEAVE (rc=0x0)
Jan 01 00:00:04.550    2 13103     0 io-audio[deva_srf_session.c:921]: DEVA: session_csd_setup: session_csd_setup_capture() SUCCEEDED
Jan 01 00:00:04.550    2 13103     0 io-audio[deva_srf_session.c:934]: DEVA: session_csd_setup: LEAVE (rc=0x0)
Jan 01 00:00:04.551    2 13103     0 io-audio[deva_srf_session.c:1245]: DEVA: session_csd_attach_device: ENTER
Jan 01 00:00:04.551    2 13103     0 io-audio[deva_srf_session.c:1266]: DEVA: session_csd_attach_device: csd_session = <csd_capture_ent1>, deva_timer_session = <deva_timer_cap_ent1>
Jan 01 00:00:04.551    2 13103     0 io-audio[deva_srf_session.c:410]: DEVA: session_deva_timer_attach_stream: ENTER
Jan 01 00:00:04.551    2 13103     0 io-audio[deva_srf_session.c:427]: DEVA: session_deva_timer_attach_stream: deva_timer_session = <deva_timer_cap_ent1>
Jan 01 00:00:04.552    2 13103     0 io-audio[deva_srf_session.c:477]: DEVA: session_deva_timer_attach_stream: LEAVE (rc=0x0)
Jan 01 00:00:04.552    2 13103     0 io-audio[deva_srf_session.c:1279]: DEVA: session_csd_attach_device: LEAVE (rc=0x0)
Jan 01 00:00:04.552    2 13103     0 io-audio[deva_srf_mixer_router.c:698]: DEVA: deva_mixer_router_init: Routing for TDM_IN_TDM_SSE -> PCM_CAP_SSE_BUNDLE_1 ---------------------------------------
Jan 01 00:00:04.553    2 13103     0 io-audio[deva_srf_session.c:851]: DEVA: session_csd_setup: ENTER
Jan 01 00:00:04.553    2 13103     0 io-audio[deva_srf_session.c:880]: DEVA: session_csd_setup: Setting up session while DEVICE_ID = <30> is being attached, update session info
Jan 01 00:00:04.553    2 13103     0 io-audio[deva_srf_platform.c:2284]: DEVA: deva_update_session_info_from_list: ENTER
Jan 01 00:00:04.554    2 13103     0 io-audio[deva_srf_platform.c:2204]: DEVA: deva_get_session_handles_from_platform_id: ENTER
Jan 01 00:00:04.554    2 13103     0 io-audio[deva_srf_platform.c:2275]: DEVA: deva_get_session_handles_from_platform_id: LEAVE
Jan 01 00:00:04.554    2 13103     0 io-audio[deva_srf_platform.c:2312]: DEVA: deva_update_session_info_from_list: LEAVE
Jan 01 00:00:04.554    2 13103     0 io-audio[deva_srf_session.c:900]: DEVA: session_csd_setup: pcm format => sample_rate=48000, channels=3, bit_per_sample=16, sign=1, interleave=1
Jan 01 00:00:04.555    2 13103     0 io-audio[deva_srf_session.c:1940]: DEVA: session_csd_setup_capture: ENTER
Jan 01 00:00:04.556    2 13103     0 io-audio[deva_csd_priv.c:48]: DEVA: openDevice : SUCCEEDED 87040
Jan 01 00:00:04.559    2 13103     0 io-audio[deva_csd_priv.c:230]: DEVA: enableDevice: SUCCEEDED (dev_id=65) with rc=0x0
Jan 01 00:00:04.560    2    19     0 eide_display_identify: mdl FUJITSU TEN DVD-ROM DV-05FT2 sn  fw 5020 tid 0, cable 40, max udma -1, cur udma -1, max mdma 2, cur mdma 2, max sdma -1, cur sdma -1, pio 4, mblk 0
Jan 01 00:00:04.561    2 13103     0 io-audio[deva_csd_priv.c:155]: DEVA: openAudioStreamV2 : SUCCEEDED 1033230
Jan 01 00:00:04.562    2    19     0 eide_init_devices: FUJITSU TEN DVD-ROM DV-05FT2 path 0, tid 0, udma -1, mdma 2, sdma -1, pio 4, mblk 0
Jan 01 00:00:04.562    2 13103     0 io-audio[deva_csd_priv.c:401]: DEVA: setStreamFormatPcmMultichannel: channel_type = <1>, sample_rate = <48000>, num_ch = <3>, bits_per_sample = <16>, sign = <1>, interleaved = <1>, ch_map = <ef228>
Jan 01 00:00:04.564    2 13103     0 io-audio[deva_csd_priv.c:439]: DEVA: setStreamFormatPcmMultichannel: SUCCEEDED 
Jan 01 00:00:04.564    6 13102     0 io-audio[csd_proxy.c:1999]: CSD_IPC_Client: Set CSD IPC callback thread priority to 25!
Jan 01 00:00:04.565    5 20002     0 devp-iso-mmx[isoRX1]: Label: PL_qnx_devp-iso-mmx-mib2_14335A
Jan 01 00:00:04.566    6 13102     0 io-audio[csd_proxy.c:402]: CSD_IPC_Client: mmiCbHandler:: => csd-ipc_msg_queue name=[/csdIpcAQ-995393-11], mq_des=[0x716d0008]

Jan 01 00:00:04.566    6 13102     0 io-audio[csd_proxy.c:504]: CSD_IPC_Client mmiCbHandler:: => mq_unlink Successful in audio session! 

Jan 01 00:00:04.566    6 13102     0 io-audio[csd_proxy.c:507]: ****CSD_IPC_Client: mmiCbHandler waiting for queue=[/csdIpcAQ-995393-11], mq_des=[0x716d0008]
***
Jan 01 00:00:04.567    6 13102     0 io-audio[csd_proxy.c:2033]: CSD_IPC_Client :csd_register_callback => Received Server Status [0x0] on RegisterCallback for Handle[0xfc40e] !!!
Jan 01 00:00:04.568    5 20002     0 devp-iso-mmx[isoRX1]: QNX  : RL_QNX_650sp1_14212A
Jan 01 00:00:04.569    2 13103     0 io-audio[deva_csd_priv.c:733]: DEVA: registerCallBack: SUCCEEDED!
Jan 01 00:00:04.569    5 20002     0 devp-iso-mmx[isoRX1]: Built: 2014/08/15_05-51-30_UTC
Jan 01 00:00:04.571    2 13103     0 io-audio[deva_csd_priv.c:1335]: DEVA: allocateCsdBufferPool: ENTER (buffer_count=7, buffer_size=4608)
Jan 01 00:00:04.571    5 20002     0 devp-iso-mmx[isoRX1]: Options:
Jan 01 00:00:04.571    5 20002     0 devp-iso-mmx[isoRX1]:   Verbose:        5
Jan 01 00:00:04.571    5 20002     0 devp-iso-mmx[isoRX1]:   Priority:       16
Jan 01 00:00:04.572    5 20002     0 devp-iso-mmx[isoRX1]:   Instance:       0
Jan 01 00:00:04.572    5 20002     0 devp-iso-mmx[isoRX1]:   TraceMask:      0x00000000
Jan 01 00:00:04.572    5 20002     0 devp-iso-mmx[isoRX1]:   WorkaroundMask: 0x00000000
Jan 01 00:00:04.572    5 20002     0 devp-iso-mmx[isoRX1]:   Mountpoint:    '/dev/mlb'
Jan 01 00:00:04.573    5 20002     0 devp-iso-mmx[isoRX1]:   -------- MODULE --------
Jan 01 00:00:04.573    5 20002     0 devp-iso-mmx[isoRX1]:   Mountpoint apx:'isoRX1'
Jan 01 00:00:04.574    5 20002     0 devp-iso-mmx[isoRX1]:   Module type:    RX
Jan 01 00:00:04.574    5 20002     0 devp-iso-mmx[isoRX1]:   Packet Size: 196
Jan 01 00:00:04.574    5 20002     0 devp-iso-mmx[isoRX1]:   Packet Count: 32
Jan 01 00:00:04.575    5 20002     0 devp-iso-mmx[isoRX1]:   Netra Iso Bar:       3
Jan 01 00:00:04.575    5 20002     0 devp-iso-mmx[isoRX1]:   Queue elements: 24
Jan 01 00:00:04.575    5 20002     0 devp-iso-mmx[isoRX1]: pcieIpcInit()
Jan 01 00:00:04.591    2     5   200 cam-cdrom.so (Oct  7 2015 10:56:02)
Jan 01 00:00:04.593    2 13103     0 io-audio[deva_csd_priv.c:1386]: DEVA: allocateCsdBufferPool: LEAVE (rc=0x0)
Jan 01 00:00:04.595    2 13103     0 io-audio[deva_csd_priv.c:208]: DEVA: openAudioContextV2 : SUCCEEDED (dev_id=65)
Jan 01 00:00:04.595    2 13103     0 io-audio[deva_csd_priv.c:530]: DEVA: setContextMultichannel: CSD_AC_CMD_CONFIG_MULTI_CHANNEL succeeded 
Jan 01 00:00:04.596    5 13102     0 ACDBFILE_MGR:Read the devices count as zero, please check the acdb file

Jan 01 00:00:04.596    5 13102     0 ACDBFILE_MGR:Read the devices count as zero, please check the acdb file

Jan 01 00:00:04.597    5 13102     0 ACDBFILE_MGR:Read the devices count as zero, please check the acdb file

Jan 01 00:00:04.597    7    15     0 qnet(kif): server_lookup(): invalid scoid 52, 52

Jan 01 00:00:04.598    5 13102     0 Failed to fetch the lookup information of the appid 00011132 devID 00000041 

Jan 01 00:00:04.600    2 13103     0 io-audio[deva_csd_priv.c:253]: DEVA: streamAttach: SUCCEEDED
Jan 01 00:00:04.600    5 13102     0 ACDBFILE_MGR: CmnDevinfo for the devid 00000041 not found

Jan 01 00:00:04.601    5 13102     0 ACDB_COMMAND: Failed to fetch the ec record device pair info for devid 00000041 

Jan 01 00:00:04.601    2 13102     0 audio_service[csd_dev_tgt_acdb.c:2910]: CSD:ACDB => [ECNS] Failed to retrieve RX device from ACDB Error(-8)
Jan 01 00:00:04.605    5 13102     0 ACDBFILE_MGR:Read the devices count as zero, please check the acdb file

Jan 01 00:00:04.608    5 13102     0 ACDBFILE_MGR:Read the devices count as zero, please check the acdb file

Jan 01 00:00:04.609    5 13102     0 ACDBFILE_MGR:Read the devices count as zero, please check the acdb file

Jan 01 00:00:04.609    5 10203     1 BENCHMARK: [4609] Java_StartUpMgr :: MIB Bundle Start
Jan 01 00:00:04.610    5 13102     0 Failed to fetch the lookup information of the device 00000041 app id 00011132 sample rate 0000BB80

Jan 01 00:00:04.615    2 13103     0 io-audio[deva_csd_priv.c:271]: DEVA: enableContext: SUCCEEDED
Jan 01 00:00:04.616    2 13103     0 io-audio[deva_srf_session.c:2066]: DEVA: session_csd_setup_capture: LEAVE (rc=0x0)
Jan 01 00:00:04.618    2 13103     0 io-audio[deva_srf_session.c:921]: DEVA: session_csd_setup: session_csd_setup_capture() SUCCEEDED
Jan 01 00:00:04.618    5 20002     0 devp-iso-mmx[isoRX2]: Label: PL_qnx_devp-iso-mmx-mib2_14335A
Jan 01 00:00:04.618    2 13103     0 io-audio[deva_srf_session.c:934]: DEVA: session_csd_setup: LEAVE (rc=0x0)
Jan 01 00:00:04.618    5 20002     0 devp-iso-mmx[isoRX2]: QNX  : RL_QNX_650sp1_14212A
Jan 01 00:00:04.619    2 13103     0 io-audio[deva_srf_session.c:1245]: DEVA: session_csd_attach_device: ENTER
Jan 01 00:00:04.619    5 20002     0 devp-iso-mmx[isoRX2]: Built: 2014/08/15_05-51-30_UTC
Jan 01 00:00:04.620    2 13103     0 io-audio[deva_srf_session.c:1266]: DEVA: session_csd_attach_device: csd_session = <csd_capture_sse>, deva_timer_session = <deva_timer_cap_sse_bundle_1>
Jan 01 00:00:04.620    5 20002     0 devp-iso-mmx[isoRX2]: Options:
Jan 01 00:00:04.620    2 13103     0 io-audio[deva_srf_session.c:410]: DEVA: session_deva_timer_attach_stream: ENTER
Jan 01 00:00:04.620    5 20002     0 devp-iso-mmx[isoRX2]:   Verbose:        5
Jan 01 00:00:04.621    2 13103     0 io-audio[deva_srf_session.c:427]: DEVA: session_deva_timer_attach_stream: deva_timer_session = <deva_timer_cap_sse_bundle_1>
Jan 01 00:00:04.621    5 20002     0 devp-iso-mmx[isoRX2]:   Priority:       16
Jan 01 00:00:04.622    2 13103     0 io-audio[deva_srf_session.c:477]: DEVA: session_deva_timer_attach_stream: LEAVE (rc=0x0)
Jan 01 00:00:04.622    5 20002     0 devp-iso-mmx[isoRX2]:   Instance:       1
Jan 01 00:00:04.622    2 13103     0 io-audio[deva_srf_session.c:1279]: DEVA: session_csd_attach_device: LEAVE (rc=0x0)
Jan 01 00:00:04.622    5 20002     0 devp-iso-mmx[isoRX2]:   TraceMask:      0x00000000
Jan 01 00:00:04.623    2 13103     0 io-audio[deva_srf_mixer_router.c:741]: DEVA: deva_mixer_router_init: LEAVE
Jan 01 00:00:04.623    5 20002     0 devp-iso-mmx[isoRX2]:   WorkaroundMask: 0x00000000
Jan 01 00:00:04.625    5 20002     0 devp-iso-mmx[isoRX2]:   Mountpoint:    '/dev/mlb'
Jan 01 00:00:04.625    2 13103     0 io-audio[deva_srf_rate_match.c:59]: DEVA: deva_rate_match_init: ENTER
Jan 01 00:00:04.626    5 20002     0 devp-iso-mmx[isoRX2]:   -------- MODULE --------
Jan 01 00:00:04.627    5 20002     0 devp-iso-mmx[isoRX2]:   Mountpoint apx:'isoRX2'
Jan 01 00:00:04.628    2 13103     0 io-audio[deva_srf_rate_match.c:699]: DEVA: *** deva_rate_match_timer_thread: Waiting on Channel ID 7 ***
Jan 01 00:00:04.628    5 20002     0 devp-iso-mmx[isoRX2]:   Module type:    RX
Jan 01 00:00:04.629    5 20002     0 devp-iso-mmx[isoRX2]:   Packet Size: 196
Jan 01 00:00:04.629    2 13103     0 io-audio[deva_srf_rate_match.c:357]: DEVA: deva_rate_match_csd_setup_capture: ENTER
Jan 01 00:00:04.630    5 20002     0 devp-iso-mmx[isoRX2]:   Packet Count: 32
Jan 01 00:00:04.631    5 20002     0 devp-iso-mmx[isoRX2]:   Netra Iso Bar:       3
Jan 01 00:00:04.631    2 13103     0 io-audio[deva_csd_priv.c:48]: DEVA: openDevice : SUCCEEDED 87040
Jan 01 00:00:04.633    5 20002     0 devp-iso-mmx[isoRX2]:   Queue elements: 24
Jan 01 00:00:04.634    5 20002     0 devp-iso-mmx[isoRX2]: pcieIpcInit()
Jan 01 00:00:04.634    2 13103     0 io-audio[deva_csd_priv.c:230]: DEVA: enableDevice: SUCCEEDED (dev_id=11) with rc=0x1231b
Jan 01 00:00:04.637    2 13103     0 io-audio[deva_csd_priv.c:155]: DEVA: openAudioStreamV2 : SUCCEEDED 1164304
Jan 01 00:00:04.639    2 13103     0 io-audio[deva_csd_priv.c:375]: DEVA: setStreamFormat2: SUCCEEDED 
Jan 01 00:00:04.639    6 13102     0 io-audio[csd_proxy.c:1999]: CSD_IPC_Client: Set CSD IPC callback thread priority to 25!
Jan 01 00:00:04.641    6 13102     0 io-audio[csd_proxy.c:402]: CSD_IPC_Client: mmiCbHandler:: => csd-ipc_msg_queue name=[/csdIpcAQ-995393-13], mq_des=[0x716d0009]

Jan 01 00:00:04.642    6 13102     0 io-audio[csd_proxy.c:504]: CSD_IPC_Client mmiCbHandler:: => mq_unlink Successful in audio session! 

Jan 01 00:00:04.642    6 13102     0 io-audio[csd_proxy.c:507]: ****CSD_IPC_Client: mmiCbHandler waiting for queue=[/csdIpcAQ-995393-13], mq_des=[0x716d0009]
***
Jan 01 00:00:04.644    6 13102     0 io-audio[csd_proxy.c:2033]: CSD_IPC_Client :csd_register_callback => Received Server Status [0x0] on RegisterCallback for Handle[0x11c410] !!!
Jan 01 00:00:04.645    2 13103     0 io-audio[deva_csd_priv.c:733]: DEVA: registerCallBack: SUCCEEDED!
Jan 01 00:00:04.645    2 13103     0 io-audio[deva_srf_rate_match.c:751]: DEVA: deva_rate_match_timer_thread: Heartbeat (count=0) => First callback, start_timestamp=172103
Jan 01 00:00:04.645    2 13103     0 io-audio[deva_csd_priv.c:1335]: DEVA: allocateCsdBufferPool: ENTER (buffer_count=8, buffer_size=1536)
Jan 01 00:00:04.660    5    17     0 io_open for id = 6
Jan 01 00:00:04.693    2    19     0 eide_init_devices: FUJITSU TEN DVD-ROM DV-05FT2 path 0, tid 0, udma -1, mdma 2, sdma -1, pio 4, mblk 0
Jan 01 00:00:04.699    5 20002     0 devp-iso-mmx[isoTX1]: Label: PL_qnx_devp-iso-mmx-mib2_14335A
Jan 01 00:00:04.700    5 20002     0 devp-iso-mmx[isoTX1]: QNX  : RL_QNX_650sp1_14212A
Jan 01 00:00:04.702    5 20002     0 devp-iso-mmx[isoTX1]: Built: 2014/08/15_05-51-30_UTC
Jan 01 00:00:04.703    5 20002     0 devp-iso-mmx[isoTX1]: Options:
Jan 01 00:00:04.705    5 20002     0 devp-iso-mmx[isoTX1]:   Verbose:        5
Jan 01 00:00:04.707    2 13103     0 io-audio[deva_csd_priv.c:1386]: DEVA: allocateCsdBufferPool: LEAVE (rc=0x0)
Jan 01 00:00:04.707    5 20002     0 devp-iso-mmx[isoTX1]:   Priority:       16
Jan 01 00:00:04.710    5 20002     0 devp-iso-mmx[isoTX1]:   Instance:       2
Jan 01 00:00:04.711    2 13103     0 io-audio[deva_csd_priv.c:208]: DEVA: openAudioContextV2 : SUCCEEDED (dev_id=11)
Jan 01 00:00:04.712    5 20002     0 devp-iso-mmx[isoTX1]:   TraceMask:      0x00000000
Jan 01 00:00:04.713    5 20002     0 devp-iso-mmx[isoTX1]:   WorkaroundMask: 0x00000000
Jan 01 00:00:04.713    5 13102     0 ACDBFILE_MGR:Read the devices count as zero, please check the acdb file

Jan 01 00:00:04.714    5 20002     0 devp-iso-mmx[isoTX1]:   Mountpoint:    '/dev/mlb'
Jan 01 00:00:04.714    5 13102     0 ACDBFILE_MGR:Read the devices count as zero, please check the acdb file

Jan 01 00:00:04.715    5 20002     0 devp-iso-mmx[isoTX1]:   -------- MODULE --------
Jan 01 00:00:04.715    5 13102     0 ACDBFILE_MGR:Read the devices count as zero, please check the acdb file

Jan 01 00:00:04.716    5 20002     0 devp-iso-mmx[isoTX1]:   Mountpoint apx:'isoTX1'
Jan 01 00:00:04.716    5 13102     0 Failed to fetch the lookup information of the appid 00011132 devID 0000000B 

Jan 01 00:00:04.716    5    17     0 io_open for id = 7
Jan 01 00:00:04.717    5 20002     0 devp-iso-mmx[isoTX1]:   Module type:    TX
Jan 01 00:00:04.718    5 20002     0 devp-iso-mmx[isoTX1]:   Packet Size: 188
Jan 01 00:00:04.718    2 13103     0 io-audio[deva_csd_priv.c:253]: DEVA: streamAttach: SUCCEEDED
Jan 01 00:00:04.719    5 20002     0 devp-iso-mmx[isoTX1]:   Packet Count: 64
Jan 01 00:00:04.720    5 20002     0 devp-iso-mmx[isoTX1]:   Netra Iso Bar:       3
Jan 01 00:00:04.720    5 20002     0 devp-iso-mmx[isoRX2]: pcieIpcInit(): pMmxIsoDevice->mibnet 0x2858B000 length 0x00001000
Jan 01 00:00:04.721    5 20002     0 devp-iso-mmx[isoTX1]:   Queue elements: 18
Jan 01 00:00:04.721    5 20002     0 devp-iso-mmx[isoRX2]: pcieIpcInit(): mmx->bdbase 0x28055000 length 0x00004000
Jan 01 00:00:04.722    5 20002     0 devp-iso-mmx[isoTX1]: pcieIpcInit()
Jan 01 00:00:04.723    5 13102     0 ACDBFILE_MGR:Read the devices count as zero, please check the acdb file

Jan 01 00:00:04.724    5 20002     0 devp-iso-mmx[isoRX2]: resmgrInit()
Jan 01 00:00:04.724    5 13102     0 ACDBFILE_MGR:Read the devices count as zero, please check the acdb file

Jan 01 00:00:04.725    5 20002     0 devp-mlb-iso: DTCP_Cipher_getRevision: 3.4.1. 
Jan 01 00:00:04.725    5 13102     0 ACDBFILE_MGR:Read the devices count as zero, please check the acdb file

Jan 01 00:00:04.726    5 20002     0 devp-iso-mmx[isoRX2]: Information:
Jan 01 00:00:04.726    5 13102     0 Failed to fetch the lookup information of the device 0000000B app id 00011132 sample rate 0000BB80

Jan 01 00:00:04.728    5 20002     0 devp-iso-mmx[isoRX2]:   Type:    ISO_RECEIVER
Jan 01 00:00:04.733    2 13103     0 io-audio[deva_csd_priv.c:271]: DEVA: enableContext: SUCCEEDED
Jan 01 00:00:04.740    2 16301     0 audio_service[DALSysEvent.c:276]:  DALSYSCMN_EVENT_ATTR_EVENT_MASK is not set in pEventObj->dwObjInfo _DALSYS_EventCtrl,276
Jan 01 00:00:04.741    2 16301     0 audio_service[DALSysEvent.c:276]:  DALSYSCMN_EVENT_ATTR_EVENT_MASK is not set in pEventObj->dwObjInfo _DALSYS_EventCtrl,276
Jan 01 00:00:04.743    2 13103     0 io-audio[deva_csd_priv.c:553]: DEVA: setStartSession: SUCCESS session handle 1164304
Jan 01 00:00:04.744    2 13103     0 io-audio[deva_srf_rate_match.c:823]: DEVA: deva_rate_match_csd_user_callback: Heartbeat (count=0) => First callback, start_timestamp=175390
Jan 01 00:00:04.747    2 13103     0 io-audio[deva_srf_rate_match.c:507]: DEVA: deva_rate_match_csd_setup_capture: LEAVE (rc=0x0)
Jan 01 00:00:04.747    2 13103     0 io-audio[deva_srf_rate_match.c:187]: DEVA: deva_rate_match_init: LEAVE (rc=0)
Jan 01 00:00:04.749    2 13103     0 io-audio[deva_data_dump.c:851]: DEVA: deva_data_dump_init: ENTER
Jan 01 00:00:04.749    2 13103     0 io-audio[deva_data_dump.c:870]: DEVA: deva_data_dump_init: g_file_path = /var/log/
Jan 01 00:00:04.750    2 13103     0 io-audio[deva_data_dump.c:883]: DEVA: deva_data_dump_init: LEAVE
Jan 01 00:00:04.750    2 13103     0 io-audio[deva_srf_platform.c:353]: DEVA: deva_init_platform_mib: LEAVE (rc=0)
Jan 01 00:00:04.751    2 13103     0 io-audio[deva_main.c:173]: DEVA: ctrl_init: LEAVE (rc=0)
Jan 01 00:00:04.756    5 20002     0 devp-iso-mmx[isoTX2]: Label: PL_qnx_devp-iso-mmx-mib2_14335A
Jan 01 00:00:04.758    5 20002     0 devp-iso-mmx[isoTX2]: QNX  : RL_QNX_650sp1_14212A
Jan 01 00:00:04.759    5 20002     0 devp-iso-mmx[isoTX2]: Built: 2014/08/15_05-51-30_UTC
Jan 01 00:00:04.760    5 20002     0 devp-iso-mmx[isoTX2]: Options:
Jan 01 00:00:04.760    5 20002     0 devp-iso-mmx[isoTX2]:   Verbose:        5
Jan 01 00:00:04.762    5 20002     0 devp-iso-mmx[isoTX2]:   Priority:       16
Jan 01 00:00:04.762    5 20002     0 devp-iso-mmx[isoTX2]:   Instance:       3
Jan 01 00:00:04.763    5 20002     0 devp-iso-mmx[isoTX2]:   TraceMask:      0x00000000
Jan 01 00:00:04.763    5 20002     0 devp-iso-mmx[isoTX2]:   WorkaroundMask: 0x00000000
Jan 01 00:00:04.765    5 20002     0 devp-iso-mmx[isoTX2]:   Mountpoint:    '/dev/mlb'
Jan 01 00:00:04.766    5 20002     0 devp-iso-mmx[isoTX2]:   -------- MODULE --------
Jan 01 00:00:04.766    5 20002     0 devp-iso-mmx[isoTX2]:   Mountpoint apx:'isoTX2'
Jan 01 00:00:04.767    5 20002     0 devp-iso-mmx[isoTX2]:   Module type:    TX
Jan 01 00:00:04.767    5 20002     0 devp-iso-mmx[isoTX2]:   Packet Size: 188
Jan 01 00:00:04.767    5 20002     0 devp-iso-mmx[isoTX2]:   Packet Count: 64
Jan 01 00:00:04.767    5 20002     0 devp-iso-mmx[isoTX2]:   Netra Iso Bar:       3
Jan 01 00:00:04.768    5 20002     0 devp-iso-mmx[isoTX2]:   Queue elements: 18
Jan 01 00:00:04.769    5 20002     0 devp-iso-mmx[isoTX2]: pcieIpcInit()
Jan 01 00:00:04.815    5    17     0 io_open for id = 8
Jan 01 00:00:04.860    5    17     0 io_open for id = 9
Jan 01 00:00:04.908    5 20002     0 devp-iso-mmx[isoRX1]: pcieIpcInit(): pMmxIsoDevice->mibnet 0x2819A000 length 0x00001000
Jan 01 00:00:04.911    5 20002     0 devp-iso-mmx[isoRX1]: pcieIpcInit(): mmx->bdbase 0x2801A000 length 0x00004000
Jan 01 00:00:04.915    5 20002     0 devp-iso-mmx[isoRX1]: resmgrInit()
Jan 01 00:00:04.915    5 20002     0 devp-mlb-iso: DTCP_Cipher_getRevision: 3.4.1. 
Jan 01 00:00:04.916    5 20002     0 devp-iso-mmx[isoRX1]: Information:
Jan 01 00:00:04.917    5 20002     0 devp-iso-mmx[isoRX1]:   Type:    ISO_RECEIVER
Jan 01 00:00:04.937    5 16013   1459 qcore[dll_utils.c:254]: DLEXEC: Try loading  with global symbols
Jan 01 00:00:04.938    5 16013   1459 qcore[dll_utils.c:309]: DLEXEC: ,  fcn:enable_dplmp,  args:0
Jan 01 00:00:04.939    5 14816     1 qcore[dplmp.c:1263]: cfg_sample_time_ms =50
Jan 01 00:00:04.958    5    50     0 _sdio_enable_iofunc: _sdio_set_ioreg to enable func1, setting 0x2 in fn0 reg 0x2 (IO_ENABLE)
Jan 01 00:00:04.959    5    50     0 _sdio_enable_iofunc: enable func1 IO_READY(0x3) = 0x0
Jan 01 00:00:04.959    5 20002     0 devp-iso-mmx[isoTX1]: pcieIpcInit(): pMmxIsoDevice->mibnet 0x28E69000 length 0x00001000
Jan 01 00:00:04.959    5    50     0 _sdio_enable_iofunc: enable func1 IO_ENABLE(0x2) = 0x0
Jan 01 00:00:04.960    5 20002     0 devp-iso-mmx[isoTX1]: pcieIpcInit(): mmx->bdbase 0x28DC9000 length 0x00004000
Jan 01 00:00:04.960    5 14816     1 qcore[dplmp.c:1166]: [dplmp_create_perftable_pps_obj] creating directory /ramdisk/pps/dplmp/
Jan 01 00:00:04.960    3    19   1800 devnp_mrvl_wlan-sdiorm driver - shared memory implementation!
Jan 01 00:00:04.962    5    50     0 DCMD_SDIO_SHMEM_INIT func 1: shmfd 8 cached 1 phys_cont 1 sname '/mv8787wl'
Jan 01 00:00:04.962    5    50     0 DCMD_SDIO_SHMEM_INIT func 1: flags 0x2a nsize 32976 extra 32896 ntbd 0 off_tbd 0 nrbd 0 off_rbd 40
Jan 01 00:00:04.966    5 20002     0 devp-iso-mmx[isoTX1]: resmgrInit()
Jan 01 00:00:04.967    5 20002     0 devp-mlb-iso: DTCP_Cipher_getRevision: 3.4.1. 
Jan 01 00:00:04.968    5 20002     0 devp-iso-mmx[isoTX1]: Information:
Jan 01 00:00:04.969    5 20002     0 devp-iso-mmx[isoTX1]:   Type:    ISO_TRANSMITTER
Jan 01 00:00:04.979    5    50     0 _sdio_shmem_init: shmvptr 0x28ab8000 shmphys64 0xf38a5000 shmphys 0xf38a5000 nsize 32976 shmclen 32976
Jan 01 00:00:04.979    3    19   1800 cap = 0x0, hccap = 0x1e0
Jan 01 00:00:04.979    3    19   1800 sdhci host max_blksize = 512
Jan 01 00:00:04.979    3    19   1800 sdhci host clock = 48Mhz
Jan 01 00:00:04.979    5    14     0 mlan0
Jan 01 00:00:04.989    3    19   1800 card ident complete! ext->flags = 0x4

Jan 01 00:00:04.989    3    19   1800 vendor=0x02DF device=0x9119 class=0 number=1

Jan 01 00:00:05.003    2    19   1800 Using fw file /var/FwImage/sd8787_uapsta.bin
Jan 01 00:00:05.005    1    19   1800 WLAN FW already running! Skip FW download

Jan 01 00:00:05.005    1    19   1800 WLAN FW is active

Jan 01 00:00:05.011    5 20002     0 devp-iso-mmx[isoTX2]: pcieIpcInit(): pMmxIsoDevice->mibnet 0x28E04000 length 0x00001000
Jan 01 00:00:05.012    5 20002     0 devp-iso-mmx[isoTX2]: pcieIpcInit(): mmx->bdbase 0x2886A000 length 0x00004000
Jan 01 00:00:05.012    5 14816     1 qcore[dplmp.c:1361]: dplmp: MMPM registration successful!
Jan 01 00:00:05.013    5 14816     1 qcore[dplmp.c:1364]: DPLMP Init
Jan 01 00:00:05.014    5 20002     0 devp-iso-mmx[isoTX2]: resmgrInit()
Jan 01 00:00:05.014    5 20002     0 devp-mlb-iso: DTCP_Cipher_getRevision: 3.4.1. 
Jan 01 00:00:05.015    5 20002     0 devp-iso-mmx[isoTX2]: Information:
Jan 01 00:00:05.015    5 14816     1 qcore[dplmp.c:1008]: dplmp thread active
Jan 01 00:00:05.015    5 20002     0 devp-iso-mmx[isoTX2]:   Type:    ISO_TRANSMITTER
Jan 01 00:00:05.016    5 14816     1 qcore[dplmp.c:1011]: ctxt.cur_time_ms = 5016
Jan 01 00:00:05.062    3 10002    10 Delay bit uota can not be mapped to an IRC event
Jan 01 00:00:05.064    4 10002    15 delaymanagerUpdateDelayBit: 1, 0
Jan 01 00:00:05.066    4 10002    15 eval_delay_request:  phone: is 0, requests 0 | uota: is 0, requests 0 | online: is 0, requests 0 | rtc: is 0, requests 0 | phone_pdd: is 0, requests 0 | nav_pdd: is 0, requests 0 
Jan 01 00:00:05.078    5    12   100 UL[1200196:1]Starting usblauncher usblauncher -e -vv -c /etc/usblauncher.lua -M /etc/mcd.mnt -t -l -m /ramdisk/pps -p 2 -s /mnt/app/armle/lib/dll/pubs -n /dev/io-usb/io-usb -S 0 -O 
Jan 01 00:00:05.093    5 10107   1001 00:00:05.091 MMX BENCH_Startup: StartupManager#initDSI() - Initialize DSI
Jan 01 00:00:05.107    5    10     0 mlan->sh_data->sc_irq = 0x0

Jan 01 00:00:05.107    2    19   1800 mlan0: BSS0:  FWVer SD8787-14.44.35.p233
Jan 01 00:00:05.108    5    14     0 uap0
Jan 01 00:00:05.108    2    19   1800 uap0: BSS1:  FWVer SD8787-14.44.35.p233
Jan 01 00:00:05.158    7    15     0 qnet(kif): server_lookup(): invalid scoid 65, 56

Jan 01 00:00:05.160    5    12   100 UL[1200196:3]USB-0.1:0: vid=0424, did=4502: Ignore hub
Jan 01 00:00:05.162    5    12   100 UL[1200196:3]USB-0.2:0: vid=0424, did=2530: found control endpoint
Jan 01 00:00:05.224    5 10107   1001 00:00:05.224 MMX BENCH_Startup: StartupManager#initSystem()
Jan 01 00:00:05.231    5 10107   1001 00:00:05.231 MMX BENCH_Startup: StartupManager#waitForDSIPersistence() - Wait up to 60000ms for DSIPersistence to register
Jan 01 00:00:05.256    5 10107   1001 00:00:05.256 MMX BENCH_Startup: StartupManager#waitForDSIPersistence() - Wait for DSIPersistence succeeded
Jan 01 00:00:05.260    6    12   100 UL[1200196:1]created pps (/ramdisk/pps/device/usb_ctrl0?server,wait)
Jan 01 00:00:05.260    3  7007     0 tzdiag_pdbg_init: mapping tzbsp diag at: 0x2a03d000
Jan 01 00:00:05.261    6    12   100 UL[1200196:1]Receive PULSE_CODE_DEV_INSERT 0x0200
Jan 01 00:00:05.261    5    12   100 UL[1200196:1]USB-0.2:0: vid=0424, did=2530: Insertion
Jan 01 00:00:05.261    5    12   100 UL[1200196:1]USB-0.2:0: vid=0424, did=2530: Detection
Jan 01 00:00:05.261    5    12   100 UL[1200196:1]USB-0.2:0: vid=0424, did=2530: config 1 of 1 configurations
Jan 01 00:00:05.263    6    12   100 UL[1200196:1]created pps (/ramdisk/pps/device/usb-0.0.2?nopersist,critical)
Jan 01 00:00:05.263    5    12   100 UL[1200196:1]USB-0.2:0: vid=0424, did=2530: Detected
Jan 01 00:00:05.322    5    12   100 UL[1200196:1]USB-0.2:0: vid=0424, did=2530: Launch usblauncher -w 10000 -H -e -r -v -c /etc/usblauncher_otg.lua -M /etc/mcd_otg.mnt -t -l -m /ramdisk/pps -p 2 -s /mnt/app/armle/lib/dll/pubs -n /dev/io-usb/otg -S 1
Jan 01 00:00:05.328    5    12   100 UL[1200196:1]USB-0.2:0: vid=0424, did=2530: Driver usblauncher has pid 1298492
Jan 01 00:00:05.330    6    12   100 UL[1200196:1]created pps (/ramdisk/pps/driver/1298492?nopersist,critical)
Jan 01 00:00:05.331    5    12   100 UL[1200196:5]USB-0.2:0: vid=0424, did=2530: started monitor thread
Jan 01 00:00:05.336    5 10107   1001 00:00:05.336 MMX BENCH_Startup: StartupManager#initSystem() - SWDL not active! Start complete HMI
Jan 01 00:00:05.338    4 10002     0 Received Event DisplayStateChanged 1
Jan 01 00:00:05.341    5    12   100 UL[1298492:1]Starting usblauncher usblauncher -w 10000 -H -e -r -v -c /etc/usblauncher_otg.lua -M /etc/mcd_otg.mnt -t -l -m /ramdisk/pps -p 2 -s /mnt/app/armle/lib/dll/pubs -n /dev/io-usb/otg -S 1 
Jan 01 00:00:05.343    4 10002     0 Received Event DisplayStateChanged 1
Jan 01 00:00:05.347    4 10002     0 Received Event DisplayOut 1
Jan 01 00:00:05.381    5 10107   1001 00:00:05.381 MMX BENCH_Startup: StartupManager#initSystem() - Starting DSICarTimeUnitsLanguage
Jan 01 00:00:05.495    5 10107   1001 00:00:05.495 MMX BENCH_Startup: HMITerminalImplMIB2#propagateLayoutToClusterTerminal the HMI service is null
Jan 01 00:00:05.495    5 10107   1001 00:00:05.495 MMX BENCH_Startup: HMITerminalImplMIB2#propagateLayoutToClusterTerminal no valid cluster terminal found
Jan 01 00:00:05.612    5 10107   1001 00:00:05.611 MMX BENCH_Startup: Slow storage read: started: 5522 done: 5611 needed: 89 namespace = 28180695, key = 1
Jan 01 00:00:05.722    5 10107   1001 00:00:05.722 MMX BENCH_Startup: Slow storage read: started: 5614 done: 5722 needed: 108 namespace = 28442848, key = 100
Jan 01 00:00:05.822    5 10107   1001 00:00:05.822 MMX BENCH_Startup: Slow storage read: started: 5723 done: 5822 needed: 99 namespace = 28442848, key = 101
Jan 01 00:00:05.924    5 10107   1001 00:00:05.924 MMX BENCH_Startup: Slow storage read: started: 5823 done: 5924 needed: 101 namespace = 52166966, key = 200
Jan 01 00:00:06.032    5 10107   1001 00:00:06.032 MMX BENCH_Startup: Slow storage read: started: 5924 done: 6032 needed: 108 namespace = 678364556, key = 12
Jan 01 00:00:06.043    5 10107   1001 00:00:06.043 MMX BENCH_Startup: StartupManager#initHMIService()
Jan 01 00:00:06.060    4 10256    23 [81945:34][wfdCreateWFDEGLImagesQNX:1843]CREATED count=1 nativeImages with width=328, height=180, format=8, usage=0x0000000e, flags=0x2, size=0x00042000, strides=[1408 0]
Jan 01 00:00:06.069    4 10256    23 [81945:34][wfdCreateWFDEGLImagesQNX:1843]CREATED count=1 nativeImages with width=210, height=153, format=8, usage=0x0000000e, flags=0x2, size=0x00023000, strides=[896 0]
Jan 01 00:00:06.072    5 10107   1001 00:00:06.072 MMX BENCH_Startup: EALManager#<init>: after creating car 3D resource handler
Jan 01 00:00:06.181    7    15     0 qnet(L4): try_ifp(): ignoring interface uap0 as per bind option

Jan 01 00:00:06.183    7    15     0 qnet(L4): try_ifp(): ignoring interface mlan0 as per bind option

Jan 01 00:00:06.268    5 10107   1001 00:00:06.262 MMX BENCH_Startup: ConMan Connection Manager started
Jan 01 00:00:06.428    5 10107   1001 00:00:06.428 MMX BENCH_Startup: EALManager#loadLibrary after loading library ealswig
Jan 01 00:00:06.457    5 10119     0 SYSSERVICES: clamp_S: on, clamp_15: on, clamp_X: off, clamp_50: off
Jan 01 00:00:06.480    7    15     0 qnet(kif): server_lookup(): invalid scoid 77, 66

Jan 01 00:00:06.504    7    15     0 qnet(kif): server_lookup(): invalid scoid 78, 78

Jan 01 00:00:06.552    5 10107   1001 00:00:06.552 MMX BENCH_Startup: EALManager#initializeManager ealMemorySize: 80 MB
Jan 01 00:00:06.553    5 10107   1001 00:00:06.553 MMX BENCH_Startup: EALManager#updateContext: after getting context
Jan 01 00:00:06.554    5 10107   1001 00:00:06.554 MMX BENCH_Startup: EALManager#createManager manager created
Jan 01 00:00:06.598    5     8   100 (name:j9)(pid:970804)(tid:27) I/Adreno-EGL: <qeglDrvAPI_eglInitialize:379>: EGL 1.4 QUALCOMM Build: 3929146
Jan 01 00:00:06.649    4 10256    23 [81945:31][wfdCreateWFDEGLImagesQNX:1843]CREATED count=2 nativeImages with width=1024, height=480, format=8, usage=0x00000026, flags=0x2, size=0x001e0000, strides=[4096 0]
Jan 01 00:00:06.670    5     8   100 (name:j9)(pid:970804)(tid:27) E/Adreno-ES20: <rb_context_create:936>: using num_swaps_before_free = 200
Jan 01 00:00:06.670    5     8   100 (name:j9)(pid:970804)(tid:27) E/Adreno-ES20: <rb_context_create:943>: using aging_ts_threshold = 20
Jan 01 00:00:06.670    5     8   100 (name:j9)(pid:970804)(tid:36) E/Adreno-ES20: <rb_mem_pool_cleanup_thread:985>: mem_pool thread created 
Jan 01 00:00:06.678    5     8   100 (name:j9)(pid:970804)(tid:27) E/Adreno-ES20: <api_profiler_control_open:1134>: API TRACE PROFILER: checking control
Jan 01 00:00:06.703    5 10107   1001 00:00:06.703 MMX BENCH_Startup: Slow storage read: started: 6630 done: 6703 needed: 73 namespace = 1011, key = 49
Jan 01 00:00:06.729    5 10107   1001 00:00:06.729 MMX BENCH_Startup: EALManager#startManager after starting manager
Jan 01 00:00:06.750    5 10107   1001 00:00:06.750 MMX BENCH_Startup: EALManager#createMasterRoot after getting default project
Jan 01 00:00:06.756    5 10107   1001 00:00:06.756 MMX BENCH_Startup: EALManager#createMasterRoot masterRoot created
Jan 01 00:00:06.769    5 10107   1001 00:00:06.769 MMX BENCH_Startup: HMITerminalImplMIB2#start start
Jan 01 00:00:06.809    5 10107   1001 00:00:06.809 MMX BENCH_Startup: HMITerminalImplMIB2#generateLayout layout: de.esolutions.hmi.widgets.audi.evo.high.LayoutMIB2HighB9@ [...]
Jan 01 00:00:06.822    5 10107   1001 00:00:06.822 MMX BENCH_Startup: HMITerminalImplMIB2#propagateLayoutToClusterTerminal cluster terminal layout: de.esolutions.hmi.widg [...]
Jan 01 00:00:06.827    5 10107   1001 00:00:06.826 MMX BENCH_Startup: StartupManager#initModelBanks() - Starting DSIGeneralVehicleStates
Jan 01 00:00:06.835    5 10107   1001 00:00:06.835 MMX BENCH_Startup: StartupManager#updateDomainState(Root, 0x0)
Jan 01 00:00:06.835    5 10107   1001 00:00:06.835 MMX BENCH_Startup: StartupManager#updateDomainState(Tuner, 0x0)
Jan 01 00:00:06.836    5 10107   1001 00:00:06.836 MMX BENCH_Startup: StartupManager#updateDomainState(Media, 0x17664)
Jan 01 00:00:06.836    5 10107   1001 00:00:06.836 MMX BENCH_Startup: StartupManager#updateDomainState(Addressbook, 0x0)
Jan 01 00:00:06.836    5 10107   1001 00:00:06.836 MMX BENCH_Startup: StartupManager#updateDomainState(Phone, 0x266752)
Jan 01 00:00:06.837    5 10107   1001 00:00:06.836 MMX BENCH_Startup: StartupManager#updateDomainState(Nav, 0x0)
Jan 01 00:00:06.837    5 10107   1001 00:00:06.837 MMX BENCH_Startup: StartupManager#updateDomainState(Info, 0x0)
Jan 01 00:00:06.837    5 10107   1001 00:00:06.837 MMX BENCH_Startup: StartupManager#updateDomainState(Car, 0x0)
Jan 01 00:00:06.837    5 10107   1001 00:00:06.837 MMX BENCH_Startup: StartupManager#updateDomainState(Audio, 0x0)
Jan 01 00:00:06.838    5 10107   1001 00:00:06.837 MMX BENCH_Startup: StartupManager#updateDomainState(SDS, 0x0)
Jan 01 00:00:06.838    5 10107   1001 00:00:06.838 MMX BENCH_Startup: StartupManager#updateDomainState(SWDL, 0x0)
Jan 01 00:00:06.838    5 10107   1001 00:00:06.838 MMX BENCH_Startup: StartupManager#updateDomainState(EarlyApps, 0x0)
Jan 01 00:00:06.839    5 10107   1001 00:00:06.838 MMX BENCH_Startup: StartupManager#updateDomainState(PostStartup, 0x0)
Jan 01 00:00:06.839    5 10107   1001 00:00:06.839 MMX BENCH_Startup: StartupManager#updateDomainState(Communication, 0x0)
Jan 01 00:00:06.839    5 10107   1001 00:00:06.839 MMX BENCH_Startup: StartupManager#updateDomainState(Unused, 0x0)
Jan 01 00:00:06.839    5 10107   1001 00:00:06.839 MMX BENCH_Startup: StartupManager#updateDomainState(IpServices, 0x0)
Jan 01 00:00:06.840    5 10107   1001 00:00:06.840 MMX BENCH_Startup: StartupManager#updateDomainState(GEMMI, 0x0)
Jan 01 00:00:06.840    5 10107   1001 00:00:06.840 MMX BENCH_Startup: StartupManager#updateDomainState(Bapkombi, 0x0)
Jan 01 00:00:06.840    5 10107   1001 00:00:06.840 MMX BENCH_Startup: StartupManager#updateDomainState(Bluetooth, 0x0)
Jan 01 00:00:06.840    5 10107   1001 00:00:06.840 MMX BENCH_Startup: StartupManager#updateDomainState(Browser, 0x0)
Jan 01 00:00:06.841    5 10107   1001 00:00:06.841 MMX BENCH_Startup: StartupManager#updateDomainState(Explorer, 0x0)
Jan 01 00:00:06.841    5 10107   1001 00:00:06.841 MMX BENCH_Startup: StartupManager#updateDomainState(Calendar, 0x0)
Jan 01 00:00:06.841    5 10107   1001 00:00:06.841 MMX BENCH_Startup: StartupManager#updateDomainState(PictureStore, 0x0)
Jan 01 00:00:06.841    5 10107   1001 00:00:06.841 MMX BENCH_Startup: StartupManager#updateDomainState(StreetView, 0x0)
Jan 01 00:00:06.841    5 10107   1001 00:00:06.841 MMX BENCH_Startup: StartupManager#updateDomainState(MobilityHorizon, 0x0)
Jan 01 00:00:06.842    5 10107   1001 00:00:06.842 MMX BENCH_Startup: StartupManager#updateDomainState(ExBoxM, 0x0)
Jan 01 00:00:06.842    5 10107   1001 00:00:06.842 MMX BENCH_Startup: StartupManager#updateDomainState(MirrorLink, 0x0)
Jan 01 00:00:06.842    5 10107   1001 00:00:06.842 MMX BENCH_Startup: StartupManager#updateDomainState(SFA, 0x0)
Jan 01 00:00:06.843    5 10107   1001 00:00:06.842 MMX BENCH_Startup: StartupManager#updateDomainState(Search, 0x0)
Jan 01 00:00:06.843    5 10107   1001 00:00:06.843 MMX BENCH_Startup: StartupManager#updateDomainState(Diagnosis, 0x0)
Jan 01 00:00:06.843    5 10107   1001 00:00:06.843 MMX BENCH_Startup: StartupManager#updateDomainState(AsiaLanguageSupport, 0x0)
Jan 01 00:00:06.843    5 10107   1001 00:00:06.843 MMX BENCH_Startup: StartupManager#updateDomainState(ExLAP, 0x0)
Jan 01 00:00:06.843    5 10107   1001 00:00:06.843 MMX BENCH_Startup: StartupManager#updateDomainState(TVTuner, 0x0)
Jan 01 00:00:06.844    5 10107   1001 00:00:06.844 MMX BENCH_Startup: StartupManager#updateDomainState(MediaOnline, 0x0)
Jan 01 00:00:06.844    5 10107   1001 00:00:06.844 MMX BENCH_Startup: StartupManager#updateDomainState(MediaRouter, 0x0)
Jan 01 00:00:06.844    5 10107   1001 00:00:06.844 MMX BENCH_Startup: StartupManager#updateDomainState(RadioDataServer, 0x0)
Jan 01 00:00:06.844    5 10107   1001 00:00:06.844 MMX BENCH_Startup: StartupManager#updateDomainState(SmartphoneIntegration, 0x14)
Jan 01 00:00:06.845    5    14     0 altq: CPU clock: 1395387677Hz
Jan 01 00:00:06.845    5 10107   1001 00:00:06.845 MMX BENCH_Startup: LastmodeHandler#initLastmode(0, 43)
Jan 01 00:00:06.846    5 10107   1001 00:00:06.846 MMX BENCH_Startup: LastmodeHandler#setLastmodeAudio(0, 2)
Jan 01 00:00:06.846    5 10107   1001 00:00:06.846 MMX BENCH_Startup: StartupManager#initModelBanks() - Corrrected Lastmode: 43, Lastmode Audi: 2
Jan 01 00:00:06.846    5 10107   1001 00:00:06.846 MMX BENCH_Startup: LastmodeHandler#setLastmode(0, 43 ,false)
Jan 01 00:00:06.847    5 10107   1001 00:00:06.846 MMX BENCH_Startup: StartupManager#initModelBanks() - SWDL not active! Start complete HMI
Jan 01 00:00:06.883    5 10107   1001 00:00:06.883 MMX BENCH_Startup: AbstractLockingEvaluator#setDSI(de.esolutions.fw.dsi.generalvehiclestates.DSIGeneralVehicleStatesPro [...]
Jan 01 00:00:06.886    5 10107   1001 00:00:06.886 MMX BENCH_Startup: [APS] DSIGeneralVehicleState connected!
Jan 01 00:00:06.925    5 10107   1001 00:00:06.925 MMX BENCH_Startup: [AUDIO] start DSIAudioManagement
Jan 01 00:00:06.926    5 10107   1001 00:00:06.926 MMX BENCH_Startup: HMITerminalImplMIB2#start after super.start
Jan 01 00:00:06.967    5 10107   1001 00:00:06.967 MMX BENCH_Startup: EALManager#createLayers layer nodes instanciated
Jan 01 00:00:06.968    5 10107   1001 00:00:06.968 MMX BENCH_Startup: EALManager#setLayersLayout Layout applied to layers
Jan 01 00:00:07.011    5 10107   1001 00:00:07.011 MMX BENCH_Startup: starting DSI org.dsi.ifc.carparkingsystem.DSICarParkingSystem
Jan 01 00:00:07.062    5 10107   1001 00:00:07.062 MMX BENCH_Startup: starting DSI org.dsi.ifc.carseat.DSICarSeat
Jan 01 00:00:07.063    5 10107   1001 00:00:07.062 MMX BENCH_Startup: EALManager#createLayers: after setting up initial nodes
Jan 01 00:00:07.067    5 10107   1001 00:00:07.067 MMX BENCH_Startup: starting DSI org.dsi.ifc.carvehiclestates.DSICarVehicleStates
Jan 01 00:00:07.075    5 10107   1001 00:00:07.075 MMX BENCH_Startup: HMITerminalImplMIB2#start start
Jan 01 00:00:07.080    5 10107   1001 00:00:07.080 MMX BENCH_Startup: HMITerminalImplMIB2#start after super.start
Jan 01 00:00:07.080    5 10107   1001 00:00:07.080 MMX BENCH_Startup: HMITerminalImplMIB2#afterStart start
Jan 01 00:00:07.177    5 10107   1001 00:00:07.176 MMX BENCH_Startup: StartupManager#updateDomainState(Phone, 0x266752)
Jan 01 00:00:07.193    5 10107   1001 00:00:07.193 MMX BENCH_Startup: HMITerminalImplMIB2#start after afterStart
Jan 01 00:00:07.203    7    15     0 qnet(L4): try_ifp(): ignoring interface uap0 as per bind option

Jan 01 00:00:07.207    7    15     0 qnet(L4): try_ifp(): ignoring interface mlan0 as per bind option

Jan 01 00:00:07.220    5 10107   1001 00:00:07.220 MMX BENCH_Startup: HMITerminalImplMIB2#setSkin skin: 1
Jan 01 00:00:07.222    5 10107   1001 00:00:07.222 MMX BENCH_Startup: HMITerminalImplMIB2#generateLayout layout: de.esolutions.hmi.widgets.audi.evo.high.LayoutMIB2HighB9S [...]
Jan 01 00:00:07.222    5 10107   1001 00:00:07.222 MMX BENCH_Startup: HMITerminalImplMIB2#propagateLayoutToClusterTerminal cluster terminal layout: de.esolutions.hmi.widg [...]
Jan 01 00:00:07.227    4 10256    23 [81945:31][wfdCreateWFDEGLImagesQNX:1843]CREATED count=1 nativeImages with width=328, height=180, format=8, usage=0x0000000e, flags=0x2, size=0x00042000, strides=[1408 0]
Jan 01 00:00:07.235    4 10256    23 [81945:28][wfdCreateWFDEGLImagesQNX:1843]CREATED count=1 nativeImages with width=210, height=153, format=8, usage=0x0000000e, flags=0x2, size=0x00023000, strides=[896 0]
Jan 01 00:00:07.237    5 10107   1001 00:00:07.237 MMX BENCH_Startup: FontloaderEvoHigh#addFont font=AudiTypeDisplayHigh-Normal_13.ttf
Jan 01 00:00:07.241    5 10000     0 00:00:07.240 MMX BENCH_Startup DisplayManager: new window available 16
Jan 01 00:00:07.245    5 10107   1001 00:00:07.245 MMX BENCH_Startup: FontloaderEvoHigh#addFont font=ZYHei_GB18030_c(20131128).ttf
Jan 01 00:00:07.252    5 10107   1001 00:00:07.251 MMX BENCH_Startup: StartupManager#updateDomainState(Phone, 0x397824)
Jan 01 00:00:07.293    5 10107   1001 00:00:07.293 MMX BENCH_Startup: FontloaderEvoHigh#addFont font=LTUnivers_Korean_20080609.ttf
Jan 01 00:00:07.314    5 10107   1001 00:00:07.314 MMX BENCH_Startup: FontloaderEvoHigh#addFont font=LTUnivers_Japanese_20100301.ttf
Jan 01 00:00:07.352    5 10107   1001 00:00:07.352 MMX BENCH_Startup: FontloaderEvoHigh#addFont font=LT_Univers440_88perc_Arabic.ttf
Jan 01 00:00:07.358    5 10107   1001 00:00:07.358 MMX BENCH_Startup: FontloaderEvoHigh#linkUnicodeRanges lur=variant_CN_plain.lur
Jan 01 00:00:07.360    5 10107   1001 00:00:07.360 MMX BENCH_Startup: FontloaderEvoHigh#getFontGroup created style=0, region=2
Jan 01 00:00:07.433    5 10107   1001 00:00:07.432 MMX BENCH_Startup: startDomain( TVTuner, 0x4 )
Jan 01 00:00:07.434    5 10107   1001 00:00:07.434 MMX BENCH_Startup: startDomain( Media, 0x3f77f700 )
Jan 01 00:00:07.503    5 10107   1001 00:00:07.502 MMX BENCH_Startup: AbstractLockingEvaluator#setDSI(de.esolutions.fw.dsi.generalvehiclestates.DSIGeneralVehicleStatesPro [...]
Jan 01 00:00:07.508    5 10107   1001 00:00:07.507 MMX BENCH_Startup: [APS] DSIGeneralVehicleState connected!
Jan 01 00:00:07.519    5 10107   1001 00:00:07.519 MMX BENCH_Startup: [APS] first valid APS status update!
Jan 01 00:00:07.953    5 10107   1001 00:00:07.952 MMX BENCH_Startup: StartupManager#updateDomainState(Phone, 0x397824)
Jan 01 00:00:07.968    5 10107   1001 00:00:07.967 MMX BENCH_Startup: [AUDIO] DSIAudioManagement registered
Jan 01 00:00:08.023    5 10107   1001 00:00:08.020 MMX BENCH_Startup: StartupManager#updateDomainState(Phone, 0x463360)
Jan 01 00:00:08.156    5 20002     0 devp-iso-mmx[isoRX1]: io_open: id=3, flags=0x00008003
Jan 01 00:00:08.157    5 10107   1001 00:00:08.157 MMX BENCH_Startup: StartupManager#updateDomainState(TVTuner, 0x6)
Jan 01 00:00:08.157    2 20002     0 devp-iso-mmx[isoRX1]: DTCP On/Off: DCAV_setStreamParams set to EMI_COPYNEVER (encryption on) 
Jan 01 00:00:08.159    5 20002     0 devp-iso-mmx[isoRX1]: DTCP On/Off identifier changed to 1
Jan 01 00:00:08.160    5 20002     0 devp-iso-mmx[isoRX2]: io_open: id=3, flags=0x00008003
Jan 01 00:00:08.160    2 20002     0 devp-iso-mmx[isoRX2]: DTCP On/Off: DCAV_setStreamParams set to EMI_COPYNEVER (encryption on) 
Jan 01 00:00:08.160    5 20002     0 devp-iso-mmx[isoRX2]: DTCP On/Off identifier changed to 1
Jan 01 00:00:08.162    5 20002     0 devp-iso-mmx[isoRX1]: io_open: id=2, flags=0x00008001
Jan 01 00:00:08.173    5 20002     0 devp-iso-mmx[isoRX2]: io_open: id=2, flags=0x00008001
Jan 01 00:00:08.176    5 20002     0 devp-iso-mmx[isoRX2]: [mod 0x8000] Enter io_read for MLB_MODULE_ID_INFO
Jan 01 00:00:08.177    7    15     0 qnet(L4): try_ifp(): ignoring interface uap0 as per bind option

Jan 01 00:00:08.177    7    15     0 qnet(L4): try_ifp(): ignoring interface mlan0 as per bind option

Jan 01 00:00:08.182    5 20002     0 devp-iso-mmx[isoRX1]: [mod 0x8000] Enter io_read for MLB_MODULE_ID_INFO
Jan 01 00:00:08.418    5 10107   1001 00:00:08.417 MMX BENCH_Startup: StartupManager#updateDomainState(Phone, 0x463360)
Jan 01 00:00:08.421    5 10107   1001 00:00:08.421 MMX BENCH_Startup: StartupManager#updateDomainState(Phone, 0x464384)
Jan 01 00:00:08.422    4 10002    15 delaymanagerUpdateDelayBit: 4, 0
Jan 01 00:00:08.422    4 10002    15 eval_delay_request:  phone: is 0, requests 0 | uota: is 0, requests 0 | online: is 0, requests 0 | rtc: is 0, requests 0 | phone_pdd: is 0, requests 0 | nav_pdd: is 0, requests 0 
Jan 01 00:00:08.546    5 10000     0 00:00:08.546 MMX BENCH_Startup DisplayManager: animated splashscreen last frame
Jan 01 00:00:08.546    5     8   100 (name:displaymanager)(pid:143391)(tid:25) E/Adreno-ES20: <__free_linker_data:258>: __free_linker_data: sc_shared_functions not initialized
Jan 01 00:00:08.667    5 10107   1001 00:00:08.667 MMX BENCH_Startup: StartupManager#updateDomainState(Phone, 0x464384)
Jan 01 00:00:08.749    5 10107   1001 MMX BENCH_Startup: BTAPP BT-Application started
Jan 01 00:00:08.753    5 10107   1001 00:00:08.753 MMX BENCH_Startup: StartupManager#updateDomainState(Phone, 0x466446)
Jan 01 00:00:08.777    5 10107   1001 MMX BENCH_Startup: BTAPP Coding values received
Jan 01 00:00:08.780    5 10107   1001 MMX BENCH_Startup: BTAPP TelephoneBluetoothBridge alive
Jan 01 00:00:08.900    7    15     0 qnet(kif): server_lookup(): invalid scoid 82, 82

Jan 01 00:00:08.905    5 10107   1001 00:00:08.905 MMX BENCH_Startup: [AUDIO] aMAvailable:false
Jan 01 00:00:08.982    5 10113     1 HB: T=41C, CPU=n/a, Free mem=1535MB
Jan 01 00:00:08.996    5 10107   1001 00:00:08.996 MMX BENCH_Startup: [AUDIO] aMAvailable:false
Jan 01 00:00:09.003    5 10107   1001 00:00:09.003 MMX BENCH_Startup: [CLOCK] Combi Time Available: Fri Oct 02 13:35:41 GMT 2026
Jan 01 00:00:09.035    5 10000     0 00:00:03.849 servicemgr BENCH_Startup 2 2283 servicemgr entered main(): 00:00:03.589
Jan 01 00:00:09.036    5 10000     0 00:00:04.049 servicemgr BENCH_Startup 2 2301 [SM] STATE = SYSTEM_STARTUP_ACTIVE
Jan 01 00:00:09.036    5 10000     0 00:00:04.070 servicemgr BENCH_Startup 2 2306 [SM] STATE = SYSTEM_UP_AND_RUNNING
Jan 01 00:00:09.036    5 10000     0 00:00:04.070 servicemgr BENCH_Startup 2 2308 SYSTEM_UP_AND_RUNNING, wait for OOC=YES timeout=250
Jan 01 00:00:09.037    5 10000     0 00:00:04.070 servicemgr BENCH_Startup 2 2310 [SM] start DSIStartup
Jan 01 00:00:09.038    5 10000     0 00:00:04.109 servicemgr BENCH_Startup 2 2319 [SM] proxy to OOC alive
Jan 01 00:00:09.038    5 10000     0 00:00:04.111 servicemgr BENCH_Startup 2 2320 [SM] received startup mode 1 from OOC
Jan 01 00:00:09.039    5 10000     0 00:00:04.131 servicemgr BENCH_Startup 2 2323 [SM] AS_LOADED requested for persistence
Jan 01 00:00:09.039    5 10000     0 00:00:04.800 servicemgr BENCH_Startup 2 2330 [SM] AS_LOADED reported for persistence
Jan 01 00:00:09.040    5 10000     0 00:00:04.807 servicemgr BENCH_Startup 2 2336 [SM] AS_INITIALIZING reported for persistence
Jan 01 00:00:09.040    5 10000     0 00:00:04.807 servicemgr BENCH_Startup 2 2338 [SM] AS_INITIALIZED reported for persistence
Jan 01 00:00:09.041    5 10000     0 00:00:04.808 servicemgr BENCH_Startup 2 2341 [SM] AS_LOADED requested for medialauncher
Jan 01 00:00:09.042    5 10000     0 00:00:04.810 servicemgr BENCH_Startup 2 2344 [SM] AS_LOADED requested for connectivity_launcher
Jan 01 00:00:09.043    5 10000     0 00:00:04.811 servicemgr BENCH_Startup 2 2345 [SM] AS_RUNNING reported for persistence
Jan 01 00:00:09.043    5 10000     0 00:00:04.812 servicemgr BENCH_Startup 2 2348 [SM] AS_LOADED requested for smartphone_integrator
Jan 01 00:00:09.043    5 10000     0 00:00:04.815 servicemgr BENCH_Startup 2 2351 [SM] IS_RUNNING reported for persistence
Jan 01 00:00:09.044    5 10000     0 00:00:05.589 servicemgr BENCH_Startup 2 2364 [SM] AS_LOADED reported for connectivity_launcher
Jan 01 00:00:09.045    5 10000     0 00:00:05.595 servicemgr BENCH_Startup 2 2370 [SM] AS_INITIALIZING reported for connectivity_launcher
Jan 01 00:00:09.046    5 10000     0 00:00:05.600 servicemgr BENCH_Startup 2 2374 [SM] AS_INITIALIZED reported for connectivity_launcher
Jan 01 00:00:09.048    5 10000     0 00:00:05.602 servicemgr BENCH_Startup 2 2377 [SM] AS_RUNNING reported for connectivity_launcher
Jan 01 00:00:09.050    5 10000     0 00:00:05.602 servicemgr BENCH_Startup 2 2382 [updateDomainState] domain 'phone' state 0x1
Jan 01 00:00:09.051    5 10000     0 00:00:05.602 servicemgr BENCH_Startup 2 2384 [SM] IS_RUNNING reported for connectivity_launcher
Jan 01 00:00:09.053    5 10000     0 00:00:05.603 servicemgr BENCH_Startup 2 2386 [SM] AS_LOADED requested for sdtool
Jan 01 00:00:09.053    5 10000     0 00:00:05.608 servicemgr BENCH_Startup 2 2389 [SM] AS_LOADED requested for diagnosis
Jan 01 00:00:09.055    5 10000     0 00:00:05.612 servicemgr BENCH_Startup 2 2393 [SM] AS_LOADED requested for fec
Jan 01 00:00:09.057    5 10000     0 00:00:05.615 servicemgr BENCH_Startup 2 2396 [SM] AS_LOADED requested for systemservices
Jan 01 00:00:09.058    5 10000     0 00:00:05.624 servicemgr BENCH_Startup 2 2402 [SM] AS_LOADED reported for medialauncher
Jan 01 00:00:09.059    5 10000     0 00:00:05.643 servicemgr BENCH_Startup 2 2411 [SM] AS_INITIALIZING reported for medialauncher
Jan 01 00:00:09.060    5 10000     0 00:00:05.646 servicemgr BENCH_Startup 2 2417 [SM] AS_LOADED reported for smartphone_integrator
Jan 01 00:00:09.061    5 10000     0 00:00:05.680 servicemgr BENCH_Startup 2 2423 [SM] AS_INITIALIZING reported for smartphone_integrator
Jan 01 00:00:09.062    5 10000     0 00:00:05.681 servicemgr BENCH_Startup 2 2427 [SM] AS_INITIALIZED reported for smartphone_integrator
Jan 01 00:00:09.062    5 10000     0 00:00:05.696 servicemgr BENCH_Startup 2 2430 [SM] APP_RUN_MODE 266240 reported for connectivity_launcher
Jan 01 00:00:09.062    5 10000     0 00:00:05.697 servicemgr BENCH_Startup 2 2434 [updateDomainState] domain 'phone' state 0x41000
Jan 01 00:00:09.063    5 10000     0 00:00:05.735 servicemgr BENCH_Startup 2 2435 [SM] AS_INITIALIZED reported for medialauncher
Jan 01 00:00:09.063    5 10000     0 00:00:05.736 servicemgr BENCH_Startup 2 2438 [SM] static-startup finished, success=YES
Jan 01 00:00:09.064    5 10000     0 00:00:05.790 servicemgr BENCH_Startup 2 2439 [SM] AS_RUNNING reported for medialauncher
Jan 01 00:00:09.065    5 10000     0 00:00:05.791 servicemgr BENCH_Startup 2 2444 [updateDomainState] domain 'media' state 0x4500
Jan 01 00:00:09.065    5 10000     0 00:00:05.791 servicemgr BENCH_Startup 2 2446 [SM] IS_RUNNING reported for medialauncher
Jan 01 00:00:09.066    5 10000     0 00:00:05.798 servicemgr BENCH_Startup 2 2447 [SM] AS_RUNNING reported for smartphone_integrator
Jan 01 00:00:09.066    5 10000     0 00:00:05.798 servicemgr BENCH_Startup 2 2452 [updateDomainState] domain 'smartphone_integration' state 0x1
Jan 01 00:00:09.067    5 10000     0 00:00:05.798 servicemgr BENCH_Startup 2 2454 [SM] IS_RUNNING reported for smartphone_integrator
Jan 01 00:00:09.067    5 10000     0 00:00:05.799 servicemgr BENCH_Startup 2 2455 [SM] APP_RUN_MODE 0 reported for smartphone_integrator
Jan 01 00:00:09.068    5 10000     0 00:00:05.800 servicemgr BENCH_Startup 2 2459 [updateDomainState] domain 'smartphone_integration' state 0x0
Jan 01 00:00:09.068    5 10000     0 00:00:05.930 servicemgr BENCH_Startup 2 2460 [SM] APP_RUN_MODE 8 reported for smartphone_integrator
Jan 01 00:00:09.069    5 10000     0 00:00:05.930 servicemgr BENCH_Startup 2 2464 [updateDomainState] domain 'smartphone_integration' state 0x8
Jan 01 00:00:09.069    5 10000     0 00:00:06.247 servicemgr BENCH_Startup 2 2474 [SM] AS_LOADED reported for sdtool
Jan 01 00:00:09.069    5 10000     0 00:00:06.347 servicemgr BENCH_Startup 2 2483 [SM] AS_INITIALIZING reported for sdtool
Jan 01 00:00:09.069    5 10000     0 00:00:06.348 servicemgr BENCH_Startup 2 2487 [SM] AS_LOADED reported for systemservices
Jan 01 00:00:09.070    5 10000     0 00:00:06.349 servicemgr BENCH_Startup 2 2488 [SM] AS_INITIALIZED reported for sdtool
Jan 01 00:00:09.070    5 10000     0 00:00:06.352 servicemgr BENCH_Startup 2 2491 [SM] AS_RUNNING reported for sdtool
Jan 01 00:00:09.071    5 10000     0 00:00:06.352 servicemgr BENCH_Startup 2 2493 [SM] IS_RUNNING reported for sdtool
Jan 01 00:00:09.071    5 10000     0 00:00:06.356 servicemgr BENCH_Startup 2 2495 [SM] AS_INITIALIZING reported for systemservices
Jan 01 00:00:09.071    5 10000     0 00:00:06.369 servicemgr BENCH_Startup 2 2498 [SM] AS_INITIALIZED reported for systemservices
Jan 01 00:00:09.072    5 10000     0 00:00:06.435 servicemgr BENCH_Startup 2 2503 [SM] AS_RUNNING reported for systemservices
Jan 01 00:00:09.072    5 10000     0 00:00:06.436 servicemgr BENCH_Startup 2 2505 [SM] IS_RUNNING reported for systemservices
Jan 01 00:00:09.072    5 10000     0 00:00:06.443 servicemgr BENCH_Startup 2 2511 [SM] AS_LOADED reported for fec
Jan 01 00:00:09.073    5 10000     0 00:00:06.448 servicemgr BENCH_Startup 2 2517 [SM] AS_LOADED reported for diagnosis
Jan 01 00:00:09.073    5 10000     0 00:00:06.462 servicemgr BENCH_Startup 2 2527 [SM] AS_INITIALIZING reported for diagnosis
Jan 01 00:00:09.074    5 10000     0 00:00:06.463 servicemgr BENCH_Startup 2 2529 [SM] AS_INITIALIZED reported for diagnosis
Jan 01 00:00:09.074    5 10000     0 00:00:06.471 servicemgr BENCH_Startup 2 2531 [SM] AS_INITIALIZING reported for fec
Jan 01 00:00:09.074    5 10000     0 00:00:06.473 servicemgr BENCH_Startup 2 2533 [SM] AS_INITIALIZED reported for fec
Jan 01 00:00:09.074    5 10000     0 00:00:06.475 servicemgr BENCH_Startup 2 2535 [SM] AS_RUNNING reported for fec
Jan 01 00:00:09.075    5 10000     0 00:00:06.475 servicemgr BENCH_Startup 2 2537 [SM] IS_RUNNING reported for fec
Jan 01 00:00:09.075    5 10000     0 00:00:06.504 servicemgr BENCH_Startup 2 2538 [SM] AS_RUNNING reported for diagnosis
Jan 01 00:00:09.075    5 10000     0 00:00:06.505 servicemgr BENCH_Startup 2 2540 [SM] IS_RUNNING reported for diagnosis
Jan 01 00:00:09.076    5 10000     0 00:00:06.604 servicemgr BENCH_Startup 2 2541 [SM] APP_RUN_MODE 266240 reported for connectivity_launcher
Jan 01 00:00:09.076    5 10000     0 00:00:06.605 servicemgr BENCH_Startup 2 2545 [updateDomainState] domain 'phone' state 0x41000
Jan 01 00:00:09.076    5 10000     0 00:00:06.610 servicemgr BENCH_Startup 2 2546 [SM] APP_RUN_MODE 266752 reported for connectivity_launcher
Jan 01 00:00:09.076    5 10000     0 00:00:06.611 servicemgr BENCH_Startup 2 2550 [updateDomainState] domain 'phone' state 0x41200
Jan 01 00:00:09.077    5 10000     0 00:00:07.171 servicemgr BENCH_Startup 2 2551 [SM] APP_RUN_MODE 266752 reported for connectivity_launcher
Jan 01 00:00:09.077    5 10000     0 00:00:07.172 servicemgr BENCH_Startup 2 2555 [updateDomainState] domain 'phone' state 0x41200
Jan 01 00:00:09.077    5 10000     0 00:00:07.215 servicemgr BENCH_Startup 2 2556 [SM] APP_RUN_MODE 397824 reported for connectivity_launcher
Jan 01 00:00:09.077    5 10000     0 00:00:07.216 servicemgr BENCH_Startup 2 2560 [updateDomainState] domain 'phone' state 0x61200
Jan 01 00:00:09.077    5 10000     0 00:00:07.437 servicemgr BENCH_Startup 2 2562 [startDomain] domain tvtuner state 0x4
Jan 01 00:00:09.078    5 10000     0 00:00:07.437 servicemgr BENCH_Startup 2 2567 [startDomain] domain media state 0x3f77f700
Jan 01 00:00:09.078    5 10000     0 00:00:07.438 servicemgr BENCH_Startup 2 2573 [SM] AS_LOADED requested for videoovermostApp
Jan 01 00:00:09.078    5 10000     0 00:00:07.919 servicemgr BENCH_Startup 2 2575 [SM] APP_RUN_MODE 397824 reported for connectivity_launcher
Jan 01 00:00:09.079    5 10000     0 00:00:07.919 servicemgr BENCH_Startup 2 2579 [updateDomainState] domain 'phone' state 0x61200
Jan 01 00:00:09.079    5 10000     0 00:00:08.016 servicemgr BENCH_Startup 2 2580 [SM] APP_RUN_MODE 463360 reported for connectivity_launcher
Jan 01 00:00:09.079    5 10000     0 00:00:08.017 servicemgr BENCH_Startup 2 2584 [updateDomainState] domain 'phone' state 0x71200
Jan 01 00:00:09.080    5 10000     0 00:00:08.129 servicemgr BENCH_Startup 2 2590 [SM] AS_LOADED reported for videoovermostApp
Jan 01 00:00:09.080    5 10000     0 00:00:08.136 servicemgr BENCH_Startup 2 2596 [SM] AS_INITIALIZING reported for videoovermostApp
Jan 01 00:00:09.080    5 10000     0 00:00:08.137 servicemgr BENCH_Startup 2 2599 [SM] AS_INITIALIZED reported for videoovermostApp
Jan 01 00:00:09.081    5 10000     0 00:00:08.141 servicemgr BENCH_Startup 2 2602 [SM] AS_RUNNING reported for videoovermostApp
Jan 01 00:00:09.081    5 10000     0 00:00:08.142 servicemgr BENCH_Startup 2 2609 [updateDomainState] domain 'tvtuner' state 0x4
Jan 01 00:00:09.082    5 10000     0 00:00:08.143 servicemgr BENCH_Startup 2 2611 [SM] IS_RUNNING reported for videoovermostApp
Jan 01 00:00:09.082    5 10000     0 00:00:08.416 servicemgr BENCH_Startup 2 2612 [SM] APP_RUN_MODE 463360 reported for connectivity_launcher
Jan 01 00:00:09.082    5 10000     0 00:00:08.416 servicemgr BENCH_Startup 2 2616 [updateDomainState] domain 'phone' state 0x71200
Jan 01 00:00:09.083    5 10000     0 00:00:08.419 servicemgr BENCH_Startup 2 2617 [SM] APP_RUN_MODE 464384 reported for connectivity_launcher
Jan 01 00:00:09.083    5 10000     0 00:00:08.419 servicemgr BENCH_Startup 2 2621 [updateDomainState] domain 'phone' state 0x71600
Jan 01 00:00:09.083    5 10000     0 00:00:08.665 servicemgr BENCH_Startup 2 2622 [SM] APP_RUN_MODE 464384 reported for connectivity_launcher
Jan 01 00:00:09.084    5 10000     0 00:00:08.666 servicemgr BENCH_Startup 2 2626 [updateDomainState] domain 'phone' state 0x71600
Jan 01 00:00:09.084    5 10000     0 00:00:08.750 servicemgr BENCH_Startup 2 2627 [SM] APP_RUN_MODE 466446 reported for connectivity_launcher
Jan 01 00:00:09.085    5 10000     0 00:00:08.751 servicemgr BENCH_Startup 2 2631 [updateDomainState] domain 'phone' state 0x71e0e
Jan 01 00:00:09.085    5 10000     0 00:00:08.816 servicemgr BENCH_Startup 2 2633 [SM] AS_LOADED requested for sseProc
Jan 01 00:00:09.086    5 10000     0 00:00:08.817 servicemgr BENCH_Startup 2 2636 [SM] AS_LOADED requested for swdlclient
Jan 01 00:00:09.086    5 10000     0 00:00:08.820 servicemgr BENCH_Startup 2 2639 [SM] AS_LOADED requested for cinflash
Jan 01 00:00:09.091    5 10107   1001 00:00:09.091 MMX BENCH_Startup: StartupManager#setRVCActive (inactive)
Jan 01 00:00:09.126    5 10107   1001 00:00:09.126 MMX BENCH_Startup: StartupManager#updateDomainState(Phone, 0x466446)
Jan 01 00:00:09.129    5 10107   1001 00:00:09.129 MMX BENCH_Startup: StartupManager#updateDomainState(Phone, 0x990734)
Jan 01 00:00:09.140    7    15     0 qnet(L4): try_ifp(): ignoring interface uap0 as per bind option

Jan 01 00:00:09.141    7    15     0 qnet(L4): try_ifp(): ignoring interface mlan0 as per bind option

Jan 01 00:00:09.164    3 10000     0 eso framework: FW_Tracing: Duplicate static trace channel 'BENCH_Startup'@00a28050 registered. Ignoring!
Jan 01 00:00:09.262    7    15     0 qnet(kif): server_lookup(): invalid scoid 87, 86

Jan 01 00:00:09.275    5 10000     0 00:00:09.124 servicemgr BENCH_Startup 2 2749 [SM] APP_RUN_MODE 466446 reported for connectivity_launcher
Jan 01 00:00:09.275    5 10000     0 00:00:09.124 servicemgr BENCH_Startup 2 2753 [updateDomainState] domain 'phone' state 0x71e0e
Jan 01 00:00:09.275    5 10000     0 00:00:09.127 servicemgr BENCH_Startup 2 2754 [SM] APP_RUN_MODE 990734 reported for connectivity_launcher
Jan 01 00:00:09.276    5 10000     0 00:00:09.128 servicemgr BENCH_Startup 2 2758 [updateDomainState] domain 'phone' state 0xf1e0e
Jan 01 00:00:09.276    5 10000     0 00:00:09.270 servicemgr BENCH_Startup 2 2764 [SM] AS_LOADED reported for swdlclient
Jan 01 00:00:09.283    5 10000     0 00:00:09.277 servicemgr BENCH_Startup 2 2778 [SM] AS_INITIALIZING reported for swdlclient
Jan 01 00:00:09.283    5 10000     0 00:00:09.278 servicemgr BENCH_Startup 2 2782 [SM] AS_LOADED reported for cinflash
Jan 01 00:00:09.284    5 10000     0 00:00:09.279 servicemgr BENCH_Startup 2 2784 [SM] AS_INITIALIZED reported for swdlclient
Jan 01 00:00:09.284    5 10000     0 00:00:09.280 servicemgr BENCH_Startup 2 2787 [SM] AS_RUNNING reported for swdlclient
Jan 01 00:00:09.284    5 10000     0 00:00:09.280 servicemgr BENCH_Startup 2 2789 [SM] IS_RUNNING reported for swdlclient
Jan 01 00:00:09.316    2 13102     0 audio_service[lpm_pps.c:182]: LPM => lpm_register_for_pps_shutdown_notification: PPS Monitor failed to start! retVal: -1
Jan 01 00:00:09.485    5 10000     0 00:00:09.285 servicemgr BENCH_Startup 2 2802 [SM] AS_INITIALIZING reported for cinflash
Jan 01 00:00:09.485    5 10000     0 00:00:09.286 servicemgr BENCH_Startup 2 2804 [SM] AS_INITIALIZED reported for cinflash
Jan 01 00:00:09.485    5 10000     0 00:00:09.287 servicemgr BENCH_Startup 2 2808 [SM] AS_LOADED reported for sseProc
Jan 01 00:00:09.485    5 10000     0 00:00:09.287 servicemgr BENCH_Startup 2 2809 [SM] AS_RUNNING reported for cinflash
Jan 01 00:00:09.486    5 10000     0 00:00:09.288 servicemgr BENCH_Startup 2 2812 [SM] IS_RUNNING reported for cinflash
Jan 01 00:00:09.486    5 10000     0 00:00:09.299 servicemgr BENCH_Startup 2 2817 [SM] AS_INITIALIZING reported for sseProc
Jan 01 00:00:09.486    5 10000     0 00:00:09.299 servicemgr BENCH_Startup 2 2819 [SM] AS_INITIALIZED reported for sseProc
Jan 01 00:00:09.486    5 10000     0 00:00:09.299 servicemgr BENCH_Startup 2 2821 [SM] AS_RUNNING reported for sseProc
Jan 01 00:00:09.486    5 10000     0 00:00:09.300 servicemgr BENCH_Startup 2 2823 [SM] IS_RUNNING reported for sseProc
Jan 01 00:00:09.558    2     5     0 libcam.so (Oct  7 2015 10:55:52) bver 6050003
Jan 01 00:00:09.591    2     5   100 cam-disk.so (Oct  7 2015 10:56:05)
Jan 01 00:00:09.935    2 16301     0 vpeCore[DALModEnv.c:156]: DALSYS_InitMod:Symbol DALHWIO_DriverInfo not found and will not be initialized
Jan 01 00:00:09.936    2 16301     0 videoCore[DALModEnv.c:156]: DALSYS_InitMod:Symbol DALHWIO_DriverInfo not found and will not be initialized
Jan 01 00:00:09.939    5 16013   1459 vpeCore[wait.c:47]: [Resource_BlockWait] Waiting for /dev/diag ..
Jan 01 00:00:09.944    5 16013   1459 videoCore[wait.c:47]: [Resource_BlockWait] Waiting for /dev/diag ..
Jan 01 00:00:10.109    7    15     0 qnet(L4): try_ifp(): ignoring interface uap0 as per bind option

Jan 01 00:00:10.109    7    15     0 qnet(L4): try_ifp(): ignoring interface mlan0 as per bind option

Jan 01 00:00:10.572    5 10107   1001 00:00:10.572 MMX BENCH_Startup: StartupManager#updateDomainState(Media, 0x1280)
Jan 01 00:00:10.587    5 16013   1459 qcgpio[wait.c:43]: [Resource_BlockWait] /dev/gpio already available !
Jan 01 00:00:10.587    5 10000     2 [qcgpio:default_read] name=usb_oc_detect pin=0x26 cfg=0x0 cfg_msk=0x1 offset=0x1
Jan 01 00:00:10.588    5 10000     2 [qcgpio:default_read] pin = 0x26, value 1
Jan 01 00:00:10.588    5 10000     2 [qcgpio:default_io_devctl] entered DCMD_QCGPIO_INTERRUPT_SET and trigger is 2 
Jan 01 00:00:10.590    5 10000     2 [qcgpio:default_ionotify] pin 0x26, notifyCtx =0x55049C  notifyIdx=0x2
Jan 01 00:00:10.637    5 10107   1001 00:00:10.637 MMX BENCH_Startup: StartupManager#updateDomainState(Media, 0x17664)
Jan 01 00:00:10.638    5 10107   1001 00:00:10.637 MMX BENCH_Startup: StartupManager#updateDomainState(Media, 0x17664)
Jan 01 00:00:10.815    5 10000     0 00:00:10.570 servicemgr BENCH_Startup 2 2861 [SM] APP_RUN_MODE 1280 reported for medialauncher
Jan 01 00:00:10.815    5 10000     0 00:00:10.570 servicemgr BENCH_Startup 2 2867 [updateDomainState] domain 'media' state 0x500
Jan 01 00:00:10.815    5 10000     0 00:00:10.635 servicemgr BENCH_Startup 2 2869 [SM] APP_RUN_MODE 17664 reported for medialauncher
Jan 01 00:00:10.815    5 10000     0 00:00:10.635 servicemgr BENCH_Startup 2 2873 [updateDomainState] domain 'media' state 0x4500
Jan 01 00:00:10.816    5 10000     0 00:00:10.636 servicemgr BENCH_Startup 2 2874 [SM] APP_RUN_MODE 17664 reported for medialauncher
Jan 01 00:00:10.816    5 10000     0 00:00:10.636 servicemgr BENCH_Startup 2 2878 [updateDomainState] domain 'media' state 0x4500
Jan 01 00:00:10.908    7    15     0 qnet(kif): server_lookup(): invalid scoid 90, 90

Jan 01 00:00:10.928    5 10107   1001 00:00:10.927 MMX BENCH_Startup: StartupManager#updateDomainState(Media, 0x18176)
Jan 01 00:00:10.974    5 10107   1001 00:00:10.974 MMX BENCH_Startup: StartupManager#updateDomainState(Media, 0x2119424)
Jan 01 00:00:10.995    5 10107   1001 00:00:10.995 MMX BENCH_Startup: StartupManager#updateDomainState(Media, 0x2127616)
Jan 01 00:00:11.016    5 10000     0 00:00:10.926 servicemgr BENCH_Startup 2 2896 [SM] APP_RUN_MODE 18176 reported for medialauncher
Jan 01 00:00:11.016    5 10000     0 00:00:10.926 servicemgr BENCH_Startup 2 2900 [updateDomainState] domain 'media' state 0x4700
Jan 01 00:00:11.028    5 10000     2 [qcgpio:default_write] Setting gpio 0x28 to High..!
Jan 01 00:00:11.029    5 10000     2 [qcgpio:default_write] name=usb_pwr_0 pin=0x28 cfg=0x0 cfg_msk=0x0 ctx=0x0
Jan 01 00:00:11.104    5 10107   1001 00:00:11.104 MMX BENCH_Startup: StartupManager#updateDomainState(Media, 0x1064826624)
Jan 01 00:00:11.107    5 10107   1001 00:00:11.107 MMX BENCH_Startup: StartupManager#updateDomainState(Media, 0x1064826624)
Jan 01 00:00:11.151    5 10107   1001 00:00:11.150 MMX BENCH_Startup: Slow storage read: started: 10999 done: 11150 needed: 151 namespace = 28442848, key = 105
Jan 01 00:00:11.153    5 10107   1001 00:00:11.152 MMX BENCH_Startup: Slow storage read: started: 10999 done: 11152 needed: 153 namespace = 28442848, key = 105
Jan 01 00:00:11.156    5 10107   1001 00:00:11.155 MMX BENCH_Startup: SperrFlags loading done
Jan 01 00:00:11.215    5 10000     2 [qcgpio:default_write] Setting gpio 0x28 to High..!
Jan 01 00:00:11.215    5 10000     2 [qcgpio:default_write] name=usb_pwr_0 pin=0x28 cfg=0x0 cfg_msk=0x0 ctx=0x0
Jan 01 00:00:11.216    5 10000     0 00:00:10.972 servicemgr BENCH_Startup 2 2912 [SM] APP_RUN_MODE 2119424 reported for medialauncher
Jan 01 00:00:11.217    5 10000     0 00:00:10.972 servicemgr BENCH_Startup 2 2916 [updateDomainState] domain 'media' state 0x205700
Jan 01 00:00:11.217    5 10000     0 00:00:10.993 servicemgr BENCH_Startup 2 2917 [SM] APP_RUN_MODE 2127616 reported for medialauncher
Jan 01 00:00:11.217    5 10000     0 00:00:10.994 servicemgr BENCH_Startup 2 2921 [updateDomainState] domain 'media' state 0x207700
Jan 01 00:00:11.218    5 10000     0 00:00:11.101 servicemgr BENCH_Startup 2 2922 [SM] APP_RUN_MODE 1064826624 reported for medialauncher
Jan 01 00:00:11.218    5 10000     0 00:00:11.102 servicemgr BENCH_Startup 2 2926 [updateDomainState] domain 'media' state 0x3f77f700
Jan 01 00:00:11.219    5 10000     0 00:00:11.103 servicemgr BENCH_Startup 2 2927 [SM] APP_RUN_MODE 1064826624 reported for medialauncher
Jan 01 00:00:11.219    5 10000     0 00:00:11.103 servicemgr BENCH_Startup 2 2931 [updateDomainState] domain 'media' state 0x3f77f700
Jan 01 00:00:11.330    2    19   1800 devnp-mrvl_wlan: uap0: MICRO_AP_EV_BSS_START
Jan 01 00:00:11.330    5 10107   1001 00:00:11.330 MMX BENCH_Startup: StartupState#activatedLastmodeAudio(Media) - Lastmode Audio is active!
Jan 01 00:00:11.336    5 10107   1001 00:00:11.337 MMX BENCH_Startup: ConMan WLAN with SSID 'Audi_MMI_3557' started
Jan 01 00:00:11.341    5 10107   1001 00:00:11.341 MMX BENCH_Startup: AbstractScreenWidget#connected id 123456789 start
Jan 01 00:00:11.357    4 10256    23 [81945:25][wfdCreateSourceFromImage:2273]CREATED source=0x001aaa50, nativeImage=0x001ad6d0 [width=1440, height=542, format=8, usage=0x0000002f, size=0x002fd000, paddr=0xfc700000, strides=[5760 0], vaddr=0x29e00000, planar_offsets=[0x00000000 0x00000000 0x00000000]], pipe->layer_id=0, ePixelFormat=6
Jan 01 00:00:11.357    4 10256    23 [81945:25][wfdCreateSourceFromImage:2273]CREATED source=0x001aaa78, nativeImage=0x001ad738 [width=1440, height=542, format=8, usage=0x0000002f, size=0x002fd000, paddr=0xfc500000, strides=[5760 0], vaddr=0x29900000, planar_offsets=[0x00000000 0x00000000 0x00000000]], pipe->layer_id=0, ePixelFormat=6
Jan 01 00:00:11.358    4 10002     4 received eject handler active signal
Jan 01 00:00:11.358    4 10256    23 [81945:25][wfd_CheckAndTranslateNativeImage:1601]TRANSLATED pNativeImage=0x001ad6d0 [width=1440, height=542, format=8, usage=0x0000002f, size=0x002fd000, paddr=0xfc700000, strides=[5760 0], vaddr=0x29e00000, planar_offsets=[0x00000000 0x00000000 0x00000000]], devaddr=0x00c00000
Jan 01 00:00:11.358    4 10256    23 [81945:25][wfdSetPipelineAttribiv:3015]SOURCE_RECTANGLE (x=0 y=0 w=1440 h=542), layer_id=0
Jan 01 00:00:11.358    4 10256    23 [81945:25][wfdSetPipelineAttribiv:3193]DESTINATION_RECTANGLE (x=0 y=0 w=1440 h=542), layer_id=0
Jan 01 00:00:11.359    4 10256    23 [81945:25][wfdDeviceCommit:1974]wfd_qdi_AttachLayer pipe->layer_id=0 to pipe->port=0x78212960, src_image=0x001aaa50
Jan 01 00:00:11.359    4 10256     6 [81945:25][ds_displayAttachLayer:2202]ePhyLayerId=0, ePhyDisplayId=1
Jan 01 00:00:11.359    4 10256    23 [81945:25][wfd_qdi_AttachLayer:3777]QDI_Display_AttachLayer 0

Jan 01 00:00:11.359    4 10256     6 [81945:25][ds_layerSetProperty:4713]CROPPING_RECTANGLE, ePhyLayerId=0, SRC (x=0 y=0 w=1440 h=542), DST (x=0 y=0 w=1440 h=542)
Jan 01 00:00:11.359    5 10107   1001 00:00:11.359 MMX BENCH_Startup: AbstractScreenWidget#connected id 123456789 finished
Jan 01 00:00:11.362    5 10107   1001 00:00:11.362 MMX BENCH_Startup: StartupManager#showFirstScreen() - before ShowFirstScreen
Jan 01 00:00:11.365    5 10107   1001 00:00:11.365 MMX BENCH_Startup: StartupManager#showFirstScreen() - SMI started!
Jan 01 00:00:11.365    5 10107   1001 00:00:11.365 MMX BENCH_Startup: StartupManager#showFirstScreen() - after ShowFirstScreen
Jan 01 00:00:11.366    5 10107   1001 00:00:11.366 MMX BENCH_Startup: startDomain( Media, 0xd00 )
Jan 01 00:00:11.368    4 10002     0 DisplayState set hmi ready
Jan 01 00:00:11.371    5 10107   1001 00:00:11.371 MMX BENCH_Startup: StartupManager.requestAppStart(43)
Jan 01 00:00:11.371    5 10107   1001 00:00:11.371 MMX BENCH_Startup: LastmodeHandler#enqueueLastmodeChange(-1, 43)
Jan 01 00:00:11.378    5 10107   1001 00:00:11.377 MMX BENCH_Startup: StartupManager#updateDomainState(Media, 0x1064828672)
Jan 01 00:00:11.378    5 10107   1001 00:00:11.378 MMX BENCH_Startup: FontloaderEvoHigh#addFont font=AudiTypeDisplayHigh-Bold_7.ttf
Jan 01 00:00:11.385    5 10107   1001 00:00:11.385 MMX BENCH_Startup: FontloaderEvoHigh#addFont font=ZYHei_GB18030_c(20131128).ttf
Jan 01 00:00:11.386    5 10107   1001 00:00:11.385 MMX BENCH_Startup: FontloaderEvoHigh#addFont font=LTUnivers_Korean_20080609.ttf
Jan 01 00:00:11.386    5 10107   1001 00:00:11.386 MMX BENCH_Startup: FontloaderEvoHigh#addFont font=LTUnivers_Japanese_20100301.ttf
Jan 01 00:00:11.386    5 10107   1001 00:00:11.386 MMX BENCH_Startup: FontloaderEvoHigh#addFont font=LT_Univers440_88perc_Arabic.ttf
Jan 01 00:00:11.386    5 10107   1001 00:00:11.386 MMX BENCH_Startup: FontloaderEvoHigh#linkUnicodeRanges lur=variant_CN_bold.lur
Jan 01 00:00:11.389    5 10107   1001 00:00:11.389 MMX BENCH_Startup: FontloaderEvoHigh#getFontGroup created style=1, region=2
Jan 01 00:00:11.400    5 10107   1001 00:00:11.400 MMX BENCH_Startup: AbstractScreenWidget#connected id 188 start
Jan 01 00:00:11.604    5 10107   1001 MMX BENCH_Startup: BTAPP Coding values received
Jan 01 00:00:11.622    5 10000     0 00:00:11.367 servicemgr BENCH_Startup 2 2991 [startDomain] domain media state 0xd00
Jan 01 00:00:11.622    5 10000     0 00:00:11.372 servicemgr BENCH_Startup 2 2996 [SM] APP_RUN_MODE 1064828672 reported for medialauncher
Jan 01 00:00:11.623    5 10000     0 00:00:11.372 servicemgr BENCH_Startup 2 3002 [updateDomainState] domain 'media' state 0x3f77ff00
Jan 01 00:00:11.637    5 10000     2 [qcgpio:default_write] Setting gpio 0x28 to High..!
Jan 01 00:00:11.637    5 10000     2 [qcgpio:default_write] name=usb_pwr_0 pin=0x28 cfg=0x0 cfg_msk=0x0 ctx=0x0
Jan 01 00:00:11.664    5 10000     2 [qcgpio:default_write] Setting gpio 0x28 to High..!
Jan 01 00:00:11.664    5 10000     2 [qcgpio:default_write] name=usb_pwr_0 pin=0x28 cfg=0x0 cfg_msk=0x0 ctx=0x0
Jan 01 00:00:11.685    5 10107   1001 00:00:11.685 MMX BENCH_Startup: AbstractScreenWidget#connected id 188 finished
Jan 01 00:00:11.690    5 10107   1001 00:00:11.689 MMX BENCH_Startup: AbstractScreenWidget#paint id 188 start
Jan 01 00:00:11.718    5 10107   1001 00:00:11.718 MMX BENCH_Startup: [AUDIO] aMAvailable:true
Jan 01 00:00:11.723    5 10107   1001 00:00:11.722 MMX BENCH_Startup: [AUDIO] request EAC: 9
Jan 01 00:00:11.726    5    50     0 _sdio_enable_iofunc: _sdio_set_ioreg to enable func2, setting 0x4 in fn0 reg 0x2 (IO_ENABLE)
Jan 01 00:00:11.726    5    50     0 _sdio_enable_iofunc: enable func2 IO_READY(0x3) = 0x2
Jan 01 00:00:11.726    5    50     0 _sdio_enable_iofunc: enable func2 IO_ENABLE(0x2) = 0x2
Jan 01 00:00:11.727    5    50     0 DCMD_SDIO_SHMEM_INIT func 2: shmfd 9 cached 1 phys_cont 0 sname '/mv8787bt'
Jan 01 00:00:11.727    5    50     0 DCMD_SDIO_SHMEM_INIT func 2: flags 0x8 nsize 272 extra 0 ntbd 0 off_tbd 0 nrbd 8 off_rbd 40
Jan 01 00:00:11.739    5    50     0 _sdio_shmem_init: shmvptr 0x2860d000 shmphys64 0xe59c3000 shmphys 0xe59c3000 nsize 272 shmclen 272
Jan 01 00:00:11.764    5 10107   1001 00:00:11.764 MMX BENCH_Startup: [AUDIO] started EAC: 9
Jan 01 00:00:11.831    5 10107   1001 00:00:11.831 MMX BENCH_Startup: LastmodeHandler#activateLastmodeApp(43, 0)
Jan 01 00:00:11.832    5 10107   1001 00:00:11.832 MMX BENCH_Startup: StartupState#activatedLastmodeApp(TerminalMode) - Lastmode application is active!
Jan 01 00:00:11.832    5 10107   1001 00:00:11.832 MMX BENCH_Startup: LastmodeAppReached#run(43, 0) - Lastmode App is active!
Jan 01 00:00:11.843    5 10107   1001 MMX BENCH_Startup: BTAPP Persistence loaded
Jan 01 00:00:11.845    5 10107   1001 00:00:11.845 MMX BENCH_Startup: StartupManager#startFull() - Framework startup completed!
Jan 01 00:00:11.846    5 10107   1001 00:00:11.846 MMX BENCH_Startup: startDomain( ExLAP, 0x4 )
Jan 01 00:00:11.854    5 10000     2 [qcgpio:default_write] Setting gpio 0x28 to High..!
Jan 01 00:00:11.855    5 10000     2 [qcgpio:default_write] name=usb_pwr_0 pin=0x28 cfg=0x0 cfg_msk=0x0 ctx=0x0
Jan 01 00:00:11.880    5 10107   1001 00:00:11.880 MMX BENCH_Startup: startDomain( AsiaLanguageSupport, 0xc )
Jan 01 00:00:11.909    5 10000     2 [qcgpio:default_write] Setting gpio 0x28 to High..!
Jan 01 00:00:11.909    5 10000     2 [qcgpio:default_write] name=usb_pwr_0 pin=0x28 cfg=0x0 cfg_msk=0x0 ctx=0x0
Jan 01 00:00:11.916    5 10107   1001 MMX BENCH_Startup: BTAPP BT chip accessible
Jan 01 00:00:11.920    5     8   100 (name:j9)(pid:970804)(tid:27) W/Adreno-ES20: <core_glDetachShader:688>: GL_INVALID_OPERATION
Jan 01 00:00:11.920    5     8   100 (name:j9)(pid:970804)(tid:27) E/Adreno-ES20: <__free_linker_data:258>: __free_linker_data: sc_shared_functions not initialized
Jan 01 00:00:11.921    5     8   100 (name:j9)(pid:970804)(tid:27) E/Adreno-ES20: <__free_shader_object:246>: __free_shader_object: sc_shared_functions not initialized
Jan 01 00:00:11.921    5     8   100 (name:j9)(pid:970804)(tid:27) E/Adreno-ES20: <__free_shader_object:246>: __free_shader_object: sc_shared_functions not initialized
Jan 01 00:00:11.921    5     8   100 (name:j9)(pid:970804)(tid:27) E/Adreno-ES20: <__free_linker_data:258>: __free_linker_data: sc_shared_functions not initialized
Jan 01 00:00:11.922    5     8   100 (name:j9)(pid:970804)(tid:27) E/Adreno-ES20: <__free_shader_object:246>: __free_shader_object: sc_shared_functions not initialized
Jan 01 00:00:11.922    5     8   100 (name:j9)(pid:970804)(tid:27) E/Adreno-ES20: <__free_shader_object:246>: __free_shader_object: sc_shared_functions not initialized
Jan 01 00:00:11.922    5     8   100 (name:j9)(pid:970804)(tid:27) E/Adreno-ES20: <__free_linker_data:258>: __free_linker_data: sc_shared_functions not initialized
Jan 01 00:00:11.923    5     8   100 (name:j9)(pid:970804)(tid:27) E/Adreno-ES20: <__free_shader_object:246>: __free_shader_object: sc_shared_functions not initialized
Jan 01 00:00:11.923    5     8   100 (name:j9)(pid:970804)(tid:27) E/Adreno-ES20: <__free_shader_object:246>: __free_shader_object: sc_shared_functions not initialized
Jan 01 00:00:11.923    5     8   100 (name:j9)(pid:970804)(tid:27) E/Adreno-ES20: <__free_linker_data:258>: __free_linker_data: sc_shared_functions not initialized
Jan 01 00:00:11.924    5     8   100 (name:j9)(pid:970804)(tid:27) E/Adreno-ES20: <__free_shader_object:246>: __free_shader_object: sc_shared_functions not initialized
Jan 01 00:00:11.924    5     8   100 (name:j9)(pid:970804)(tid:27) E/Adreno-ES20: <__free_shader_object:246>: __free_shader_object: sc_shared_functions not initialized
Jan 01 00:00:11.924    5     8   100 (name:j9)(pid:970804)(tid:27) E/Adreno-ES20: <__free_linker_data:258>: __free_linker_data: sc_shared_functions not initialized
Jan 01 00:00:11.924    5     8   100 (name:j9)(pid:970804)(tid:27) E/Adreno-ES20: <__free_shader_object:246>: __free_shader_object: sc_shared_functions not initialized
Jan 01 00:00:11.924    5     8   100 (name:j9)(pid:970804)(tid:27) E/Adreno-ES20: <__free_shader_object:246>: __free_shader_object: sc_shared_functions not initialized
Jan 01 00:00:11.938    5 10107   1001 00:00:11.937 MMX BENCH_Startup: Slow KZB load: time=225 type=1 screen=188 err=N info=Prefabs/generic_infoline path=HMISystemEvoHigh/ [...]
Jan 01 00:00:11.951    5 10000     2 [qcgpio:default_write] Setting gpio 0x28 to High..!
Jan 01 00:00:11.952    5 10000     2 [qcgpio:default_write] name=usb_pwr_0 pin=0x28 cfg=0x0 cfg_msk=0x0 ctx=0x0
Jan 01 00:00:12.025    5     8   100 (name:j9)(pid:970804)(tid:27) E/Adreno-ES20: <__free_linker_data:258>: __free_linker_data: sc_shared_functions not initialized
Jan 01 00:00:12.026    5     8   100 (name:j9)(pid:970804)(tid:27) E/Adreno-ES20: <__free_shader_object:246>: __free_shader_object: sc_shared_functions not initialized
Jan 01 00:00:12.026    5     8   100 (name:j9)(pid:970804)(tid:27) E/Adreno-ES20: <__free_shader_object:246>: __free_shader_object: sc_shared_functions not initialized
Jan 01 00:00:12.026    5     8   100 (name:j9)(pid:970804)(tid:27) E/Adreno-ES20: <__free_linker_data:258>: __free_linker_data: sc_shared_functions not initialized
Jan 01 00:00:12.026    5     8   100 (name:j9)(pid:970804)(tid:27) E/Adreno-ES20: <__free_shader_object:246>: __free_shader_object: sc_shared_functions not initialized
Jan 01 00:00:12.026    5     8   100 (name:j9)(pid:970804)(tid:27) E/Adreno-ES20: <__free_shader_object:246>: __free_shader_object: sc_shared_functions not initialized
Jan 01 00:00:12.048    5 10000     0 00:00:11.847 servicemgr BENCH_Startup 2 3062 [startDomain] domain exlap state 0x4
Jan 01 00:00:12.048    5 10000     0 00:00:11.847 servicemgr BENCH_Startup 2 3067 [SM] AS_LOADED requested for rdiserverApp
Jan 01 00:00:12.049    5 10000     0 00:00:11.881 servicemgr BENCH_Startup 2 3070 [startDomain] domain asialanguagesupport state 0xc
Jan 01 00:00:12.115    5 10107   1001 00:00:12.115 MMX BENCH_Startup: AbstractScreenWidget#paint id 188 finished
Jan 01 00:00:12.117    4 10256    23 [81945:34][wfd_BindSourceToPipelineInternal:1194]ATTACHING A NULL SOURCE TO PIPELINE, layer_id=5, pipe->src_image=0x001aa910, pPort=0x782137b8, pBoundPort=0x782137b8
Jan 01 00:00:12.117    4 10256    23 [81945:34][wfd_BindSourceToPipelineInternal:1194]ATTACHING A NULL SOURCE TO PIPELINE, layer_id=6, pipe->src_image=0x00000000, pPort=0x782137b8, pBoundPort=0x00000000
Jan 01 00:00:12.117    4 10256    23 [81945:34][wfdDeviceCommit:1994]wfd_qdi_DetachLayer pipe->layer_id=5 from pipe->bound_port->display_id=4
Jan 01 00:00:12.117    4 10256     6 [81945:34][ds_displayDetachLayer:2376]ePhyLayerId=2, ePhyDisplayId=4
Jan 01 00:00:12.122    7    15     0 qnet(kif): server_lookup(): invalid scoid 94, 94

Jan 01 00:00:12.155    5 10107   1001 00:00:12.155 MMX BENCH_Startup: StartupManager#triggerNewScreenVisible()
Jan 01 00:00:12.197    5 10107   1001 00:00:12.196 MMX BENCH_Startup: StartupManager#updateDomainState(ExLAP, 0x6)
Jan 01 00:00:12.198    5 10107   1001 00:00:12.198 MMX BENCH_Startup: StartupManager#updateDomainState(ExLAP, 0x6)
Jan 01 00:00:12.403    5 10000     0 00:00:12.129 servicemgr BENCH_Startup 2 3100 [SM] AS_LOADED reported for rdiserverApp
Jan 01 00:00:12.404    5 10000     0 00:00:12.134 servicemgr BENCH_Startup 2 3106 [SM] AS_INITIALIZING reported for rdiserverApp
Jan 01 00:00:12.404    5 10000     0 00:00:12.194 servicemgr BENCH_Startup 2 3109 [SM] AS_INITIALIZED reported for rdiserverApp
Jan 01 00:00:12.404    5 10000     0 00:00:12.195 servicemgr BENCH_Startup 2 3112 [SM] APP_RUN_MODE 4 reported for rdiserverApp
Jan 01 00:00:12.405    5 10000     0 00:00:12.195 servicemgr BENCH_Startup 2 3116 [updateDomainState] domain 'exlap' state 0x4
Jan 01 00:00:12.405    5 10000     0 00:00:12.196 servicemgr BENCH_Startup 2 3117 [SM] AS_RUNNING reported for rdiserverApp
Jan 01 00:00:12.405    5 10000     0 00:00:12.196 servicemgr BENCH_Startup 2 3124 [updateDomainState] domain 'exlap' state 0x4
Jan 01 00:00:12.406    5 10000     0 00:00:12.197 servicemgr BENCH_Startup 2 3126 [SM] IS_RUNNING reported for rdiserverApp
Jan 01 00:00:12.406    5 10000     0 00:00:12.197 servicemgr BENCH_Startup 2 3128 [SM] AS_LOADED requested for awp
Jan 01 00:00:12.448    5 10107   1001 00:00:12.448 MMX BENCH_Startup: AbstractScreenWidget#connected id 3200006 start
Jan 01 00:00:12.466    5 10107   1001 00:00:12.466 MMX BENCH_Startup: AbstractScreenWidget#connected id 3200006 finished
Jan 01 00:00:12.470    5 10107   1001 00:00:12.470 MMX BENCH_Startup: AbstractScreenWidget#paint id 3200006 start
Jan 01 00:00:12.532    5 10107   1001 00:00:12.532 MMX BENCH_Startup: AbstractScreenWidget#paint id 3200006 finished
Jan 01 00:00:12.793    5 10107   1001 00:00:12.793 MMX BENCH_Startup: StartupManager#updateDomainState(AsiaLanguageSupport, 0x12)
Jan 01 00:00:12.853    5 10000     0 00:00:12.733 servicemgr BENCH_Startup 2 3155 [SM] AS_LOADED reported for awp
Jan 01 00:00:12.853    5 10000     0 00:00:12.772 servicemgr BENCH_Startup 2 3161 [SM] AS_INITIALIZING reported for awp
Jan 01 00:00:12.853    5 10000     0 00:00:12.773 servicemgr BENCH_Startup 2 3164 [SM] AS_INITIALIZED reported for awp
Jan 01 00:00:12.853    5 10000     0 00:00:12.791 servicemgr BENCH_Startup 2 3167 [SM] AS_RUNNING reported for awp
Jan 01 00:00:12.854    5 10000     0 00:00:12.791 servicemgr BENCH_Startup 2 3174 [updateDomainState] domain 'asialanguagesupport' state 0xc
Jan 01 00:00:12.854    5 10000     0 00:00:12.792 servicemgr BENCH_Startup 2 3176 [SM] IS_RUNNING reported for awp
Jan 01 00:00:12.854    5 10000     0 00:00:12.817 servicemgr BENCH_Startup 2 3178 [SM] AS_LOADED requested for EsoPosProvider
Jan 01 00:00:12.854    5 10000     0 00:00:12.819 servicemgr BENCH_Startup 2 3181 [SM] AS_LOADED requested for videoencoderserviceapp
Jan 01 00:00:13.016    5 10107   1001 MMX BENCH_Startup: BTAPP DSI-Connection established
Jan 01 00:00:13.018    5 10107   1001 MMX BENCH_Startup: BTAPP Inform Phone about BT Power state
Jan 01 00:00:13.020    5 10107   1001 MMX BENCH_Startup: BTAPP Phone sent info if HFP is allowed
Jan 01 00:00:13.156    5 10000     0 00:00:13.147 servicemgr BENCH_Startup 2 3200 [SM] AS_LOADED reported for EsoPosProvider
Jan 01 00:00:13.194    5 16013   1459 videoencoderservice[wait.c:47]: [Resource_BlockWait] Waiting for /dev/diag ..
Jan 01 00:00:13.202    5 10107   1001 00:00:13.201 MMX BENCH_Startup: startDomain( MediaRouter, 0xc )
Jan 01 00:00:13.213    7    15     0 qnet(kif): server_lookup(): invalid scoid 98, 98

Jan 01 00:00:13.370    5 10107   1001 00:00:13.370 MMX BENCH_Startup: AbstractScreenWidget#connected id 46 start
Jan 01 00:00:13.392    5 10107   1001 00:00:13.392 MMX BENCH_Startup: AbstractScreenWidget#connected id 46 finished
Jan 01 00:00:13.395    5 10107   1001 00:00:13.395 MMX BENCH_Startup: AbstractScreenWidget#paint id 46 start
Jan 01 00:00:13.434    5 10000     0 00:00:13.167 servicemgr BENCH_Startup 2 3221 [SM] AS_LOADED reported for videoencoderserviceapp
Jan 01 00:00:13.434    5 10000     0 00:00:13.172 servicemgr BENCH_Startup 2 3222 [SM] AS_INITIALIZING reported for EsoPosProvider
Jan 01 00:00:13.435    5 10000     0 00:00:13.176 servicemgr BENCH_Startup 2 3225 [SM] AS_INITIALIZED reported for EsoPosProvider
Jan 01 00:00:13.435    5 10000     0 00:00:13.204 servicemgr BENCH_Startup 2 3232 [startDomain] domain mediarouter state 0xc
Jan 01 00:00:13.435    5 10000     0 00:00:13.205 servicemgr BENCH_Startup 2 3237 [SM] AS_LOADED requested for mediarouter
Jan 01 00:00:13.436    5 10000     0 00:00:13.214 servicemgr BENCH_Startup 2 3239 [SM] AS_INITIALIZING reported for videoencoderserviceapp
Jan 01 00:00:13.438    5 10000     0 00:00:13.216 servicemgr BENCH_Startup 2 3241 [SM] AS_INITIALIZED reported for videoencoderserviceapp
Jan 01 00:00:13.439    5 10000     0 00:00:13.232 servicemgr BENCH_Startup 2 3243 [SM] AS_RUNNING reported for videoencoderserviceapp
Jan 01 00:00:13.440    5 10000     0 00:00:13.232 servicemgr BENCH_Startup 2 3245 [SM] IS_RUNNING reported for videoencoderserviceapp
Jan 01 00:00:13.440    5 10000     0 00:00:13.273 servicemgr BENCH_Startup 2 3246 [SM] AS_RUNNING reported for EsoPosProvider
Jan 01 00:00:13.441    5 10000     0 00:00:13.274 servicemgr BENCH_Startup 2 3248 [SM] IS_RUNNING reported for EsoPosProvider
Jan 01 00:00:13.473    5 10107   1001 00:00:13.473 MMX BENCH_Startup: StartupManager#updateDomainState(MediaRouter, 0x12)
Jan 01 00:00:13.474    5 10107   1001 00:00:13.473 MMX BENCH_Startup: startDomain( Addressbook, 0xc )
Jan 01 00:00:13.482    2 13103     0 io-audio[deva_mixer.c:481]: DEVA: deva_mixer_switch_routing_get: ENTER
Jan 01 00:00:13.482    2 13103     0 io-audio[deva_srf_mixer_router.c:1104]: DEVA: deva_mixer_router_get_switch_routing: ENTER
Jan 01 00:00:13.482    2 13103     0 io-audio[deva_srf_mixer_router.c:1121]: DEVA: deva_mixer_router_get_switch_routing: Routing Type: 1
Jan 01 00:00:13.482    2 13103     0 io-audio[deva_srf_mixer_router.c:1144]: DEVA: deva_mixer_router_get_switch_routing: Active Routing:    Input[1]	Output[1]
Jan 01 00:00:13.483    2 13103     0 io-audio[deva_srf_mixer_router.c:1147]: DEVA: deva_mixer_router_get_switch_routing:                    1		128
Jan 01 00:00:13.483    2 13103     0 io-audio[deva_srf_mixer_router.c:1149]: DEVA: deva_mixer_router_get_switch_routing: Available Routing: Input[7]
Jan 01 00:00:13.484    2 13103     0 io-audio[deva_srf_mixer_router.c:1152]: DEVA: deva_mixer_router_get_switch_routing:                    0
Jan 01 00:00:13.485    2 13103     0 io-audio[deva_srf_mixer_router.c:1152]: DEVA: deva_mixer_router_get_switch_routing:                    1
Jan 01 00:00:13.486    2 13103     0 io-audio[deva_srf_mixer_router.c:1152]: DEVA: deva_mixer_router_get_switch_routing:                    3
Jan 01 00:00:13.486    2 13103     0 io-audio[deva_srf_mixer_router.c:1152]: DEVA: deva_mixer_router_get_switch_routing:                    4
Jan 01 00:00:13.487    2 13103     0 io-audio[deva_srf_mixer_router.c:1152]: DEVA: deva_mixer_router_get_switch_routing:                    5
Jan 01 00:00:13.487    2 13103     0 io-audio[deva_srf_mixer_router.c:1152]: DEVA: deva_mixer_router_get_switch_routing:                    6
Jan 01 00:00:13.487    2 13103     0 io-audio[deva_srf_mixer_router.c:1152]: DEVA: deva_mixer_router_get_switch_routing:                    7
Jan 01 00:00:13.488    2 13103     0 io-audio[deva_srf_mixer_router.c:1154]: DEVA: deva_mixer_router_get_switch_routing: Available Routing: Output[2]
Jan 01 00:00:13.489    2 13103     0 io-audio[deva_srf_mixer_router.c:1157]: DEVA: deva_mixer_router_get_switch_routing:                    0
Jan 01 00:00:13.490    2 13103     0 io-audio[deva_srf_mixer_router.c:1157]: DEVA: deva_mixer_router_get_switch_routing:                    128
Jan 01 00:00:13.491    2 13103     0 io-audio[deva_srf_mixer_router.c:1161]: DEVA: deva_mixer_router_get_switch_routing: LEAVE
Jan 01 00:00:13.491    2 13103     0 io-audio[deva_mixer.c:497]: DEVA: deva_mixer_switch_routing_get: LEAVE
Jan 01 00:00:13.493    2 13103     0 io-audio[deva_mixer.c:481]: DEVA: deva_mixer_switch_routing_get: ENTER
Jan 01 00:00:13.493    2 13103     0 io-audio[deva_srf_mixer_router.c:1104]: DEVA: deva_mixer_router_get_switch_routing: ENTER
Jan 01 00:00:13.494    2 13103     0 io-audio[deva_srf_mixer_router.c:1121]: DEVA: deva_mixer_router_get_switch_routing: Routing Type: 2
Jan 01 00:00:13.494    2 13103     0 io-audio[deva_srf_mixer_router.c:1144]: DEVA: deva_mixer_router_get_switch_routing: Active Routing:    Input[1]	Output[1]
Jan 01 00:00:13.495    2 13103     0 io-audio[deva_srf_mixer_router.c:1147]: DEVA: deva_mixer_router_get_switch_routing:                    9		131
Jan 01 00:00:13.495    2 13103     0 io-audio[deva_srf_mixer_router.c:1149]: DEVA: deva_mixer_router_get_switch_routing: Available Routing: Input[6]
Jan 01 00:00:13.496    2 13103     0 io-audio[deva_srf_mixer_router.c:1152]: DEVA: deva_mixer_router_get_switch_routing:                    0
Jan 01 00:00:13.497    2 13103     0 io-audio[deva_srf_mixer_router.c:1152]: DEVA: deva_mixer_router_get_switch_routing:                    9
Jan 01 00:00:13.497    2 13103     0 io-audio[deva_srf_mixer_router.c:1152]: DEVA: deva_mixer_router_get_switch_routing:                    11
Jan 01 00:00:13.498    2 13103     0 io-audio[deva_srf_mixer_router.c:1152]: DEVA: deva_mixer_router_get_switch_routing:                    14
Jan 01 00:00:13.499    2 13103     0 io-audio[deva_srf_mixer_router.c:1152]: DEVA: deva_mixer_router_get_switch_routing:                    15
Jan 01 00:00:13.499    2 13103     0 io-audio[deva_srf_mixer_router.c:1152]: DEVA: deva_mixer_router_get_switch_routing:                    17
Jan 01 00:00:13.501    2 13103     0 io-audio[deva_srf_mixer_router.c:1154]: DEVA: deva_mixer_router_get_switch_routing: Available Routing: Output[2]
Jan 01 00:00:13.502    2 13103     0 io-audio[deva_srf_mixer_router.c:1157]: DEVA: deva_mixer_router_get_switch_routing:                    0
Jan 01 00:00:13.503    2 13103     0 io-audio[deva_srf_mixer_router.c:1157]: DEVA: deva_mixer_router_get_switch_routing:                    131
Jan 01 00:00:13.504    2 13103     0 io-audio[deva_srf_mixer_router.c:1161]: DEVA: deva_mixer_router_get_switch_routing: LEAVE
Jan 01 00:00:13.504    2 13103     0 io-audio[deva_mixer.c:497]: DEVA: deva_mixer_switch_routing_get: LEAVE
Jan 01 00:00:13.505    2 13103     0 io-audio[deva_mixer.c:481]: DEVA: deva_mixer_switch_routing_get: ENTER
Jan 01 00:00:13.505    2 13103     0 io-audio[deva_srf_mixer_router.c:1104]: DEVA: deva_mixer_router_get_switch_routing: ENTER
Jan 01 00:00:13.506    2 13103     0 io-audio[deva_srf_mixer_router.c:1121]: DEVA: deva_mixer_router_get_switch_routing: Routing Type: 3
Jan 01 00:00:13.506    2 13103     0 io-audio[deva_srf_mixer_router.c:1144]: DEVA: deva_mixer_router_get_switch_routing: Active Routing:    Input[1]	Output[1]
Jan 01 00:00:13.506    2 13103     0 io-audio[deva_srf_mixer_router.c:1147]: DEVA: deva_mixer_router_get_switch_routing:                    19		132
Jan 01 00:00:13.506    2 13103     0 io-audio[deva_srf_mixer_router.c:1149]: DEVA: deva_mixer_router_get_switch_routing: Available Routing: Input[6]
Jan 01 00:00:13.507    2 13103     0 io-audio[deva_srf_mixer_router.c:1152]: DEVA: deva_mixer_router_get_switch_routing:                    0
Jan 01 00:00:13.507    2 13103     0 io-audio[deva_srf_mixer_router.c:1152]: DEVA: deva_mixer_router_get_switch_routing:                    19
Jan 01 00:00:13.507    2 13103     0 io-audio[deva_srf_mixer_router.c:1152]: DEVA: deva_mixer_router_get_switch_routing:                    20
Jan 01 00:00:13.507    2 13103     0 io-audio[deva_srf_mixer_router.c:1152]: DEVA: deva_mixer_router_get_switch_routing:                    21
Jan 01 00:00:13.508    2 13103     0 io-audio[deva_srf_mixer_router.c:1152]: DEVA: deva_mixer_router_get_switch_routing:                    22
Jan 01 00:00:13.508    2 13103     0 io-audio[deva_srf_mixer_router.c:1152]: DEVA: deva_mixer_router_get_switch_routing:                    23
Jan 01 00:00:13.508    2 13103     0 io-audio[deva_srf_mixer_router.c:1154]: DEVA: deva_mixer_router_get_switch_routing: Available Routing: Output[2]
Jan 01 00:00:13.509    2 13103     0 io-audio[deva_srf_mixer_router.c:1157]: DEVA: deva_mixer_router_get_switch_routing:                    0
Jan 01 00:00:13.510    2 13103     0 io-audio[deva_srf_mixer_router.c:1157]: DEVA: deva_mixer_router_get_switch_routing:                    132
Jan 01 00:00:13.510    2 13103     0 io-audio[deva_srf_mixer_router.c:1161]: DEVA: deva_mixer_router_get_switch_routing: LEAVE
Jan 01 00:00:13.510    2 13103     0 io-audio[deva_mixer.c:497]: DEVA: deva_mixer_switch_routing_get: LEAVE
Jan 01 00:00:13.511    2 13103     0 io-audio[deva_mixer.c:481]: DEVA: deva_mixer_switch_routing_get: ENTER
Jan 01 00:00:13.511    2 13103     0 io-audio[deva_srf_mixer_router.c:1104]: DEVA: deva_mixer_router_get_switch_routing: ENTER
Jan 01 00:00:13.511    2 13103     0 io-audio[deva_srf_mixer_router.c:1121]: DEVA: deva_mixer_router_get_switch_routing: Routing Type: 4
Jan 01 00:00:13.511    2 13103     0 io-audio[deva_srf_mixer_router.c:1144]: DEVA: deva_mixer_router_get_switch_routing: Active Routing:    Input[1]	Output[1]
Jan 01 00:00:13.511    2 13103     0 io-audio[deva_srf_mixer_router.c:1147]: DEVA: deva_mixer_router_get_switch_routing:                    24		3
Jan 01 00:00:13.511    2 13103     0 io-audio[deva_srf_mixer_router.c:1149]: DEVA: deva_mixer_router_get_switch_routing: Available Routing: Input[2]
Jan 01 00:00:13.511    2 13103     0 io-audio[deva_srf_mixer_router.c:1152]: DEVA: deva_mixer_router_get_switch_routing:                    0
Jan 01 00:00:13.512    2 13103     0 io-audio[deva_srf_mixer_router.c:1152]: DEVA: deva_mixer_router_get_switch_routing:                    24
Jan 01 00:00:13.512    2 13103     0 io-audio[deva_srf_mixer_router.c:1154]: DEVA: deva_mixer_router_get_switch_routing: Available Routing: Output[6]
Jan 01 00:00:13.512    2 13103     0 io-audio[deva_srf_mixer_router.c:1157]: DEVA: deva_mixer_router_get_switch_routing:                    0
Jan 01 00:00:13.512    2 13103     0 io-audio[deva_srf_mixer_router.c:1157]: DEVA: deva_mixer_router_get_switch_routing:                    3
Jan 01 00:00:13.512    2 13103     0 io-audio[deva_srf_mixer_router.c:1157]: DEVA: deva_mixer_router_get_switch_routing:                    4
Jan 01 00:00:13.512    2 13103     0 io-audio[deva_srf_mixer_router.c:1157]: DEVA: deva_mixer_router_get_switch_routing:                    5
Jan 01 00:00:13.512    2 13103     0 io-audio[deva_srf_mixer_router.c:1157]: DEVA: deva_mixer_router_get_switch_routing:                    6
Jan 01 00:00:13.512    2 13103     0 io-audio[deva_srf_mixer_router.c:1157]: DEVA: deva_mixer_router_get_switch_routing:                    7
Jan 01 00:00:13.512    2 13103     0 io-audio[deva_srf_mixer_router.c:1161]: DEVA: deva_mixer_router_get_switch_routing: LEAVE
Jan 01 00:00:13.513    2 13103     0 io-audio[deva_mixer.c:497]: DEVA: deva_mixer_switch_routing_get: LEAVE
Jan 01 00:00:13.548    5     8   100 (name:displaymanager)(pid:143391)(tid:34) E/Adreno-ES20: <rb_mem_pool_cleanup_thread:998>: got the pulse
Jan 01 00:00:13.710    5     8   100 (name:j9)(pid:970804)(tid:27) E/Adreno-ES20: <__free_linker_data:258>: __free_linker_data: sc_shared_functions not initialized
Jan 01 00:00:13.711    5     8   100 (name:j9)(pid:970804)(tid:27) E/Adreno-ES20: <__free_shader_object:246>: __free_shader_object: sc_shared_functions not initialized
Jan 01 00:00:13.711    5     8   100 (name:j9)(pid:970804)(tid:27) E/Adreno-ES20: <__free_shader_object:246>: __free_shader_object: sc_shared_functions not initialized
Jan 01 00:00:13.711    5     8   100 (name:j9)(pid:970804)(tid:27) E/Adreno-ES20: <__free_linker_data:258>: __free_linker_data: sc_shared_functions not initialized
Jan 01 00:00:13.711    5     8   100 (name:j9)(pid:970804)(tid:27) E/Adreno-ES20: <__free_shader_object:246>: __free_shader_object: sc_shared_functions not initialized
Jan 01 00:00:13.711    5     8   100 (name:j9)(pid:970804)(tid:27) E/Adreno-ES20: <__free_shader_object:246>: __free_shader_object: sc_shared_functions not initialized
Jan 01 00:00:13.711    5     8   100 (name:j9)(pid:970804)(tid:27) E/Adreno-ES20: <__free_linker_data:258>: __free_linker_data: sc_shared_functions not initialized
Jan 01 00:00:13.712    5     8   100 (name:j9)(pid:970804)(tid:27) E/Adreno-ES20: <__free_shader_object:246>: __free_shader_object: sc_shared_functions not initialized
Jan 01 00:00:13.712    5     8   100 (name:j9)(pid:970804)(tid:27) E/Adreno-ES20: <__free_shader_object:246>: __free_shader_object: sc_shared_functions not initialized
Jan 01 00:00:13.712    5     8   100 (name:j9)(pid:970804)(tid:27) E/Adreno-ES20: <__free_linker_data:258>: __free_linker_data: sc_shared_functions not initialized
Jan 01 00:00:13.712    5     8   100 (name:j9)(pid:970804)(tid:27) E/Adreno-ES20: <__free_shader_object:246>: __free_shader_object: sc_shared_functions not initialized
Jan 01 00:00:13.712    5     8   100 (name:j9)(pid:970804)(tid:27) E/Adreno-ES20: <__free_shader_object:246>: __free_shader_object: sc_shared_functions not initialized
Jan 01 00:00:13.736    5 10107   1001 00:00:13.736 MMX BENCH_Startup: Slow KZB load: time=339 type=2 screen=46 err=N info=170 path=HMISystemEvoHigh/MAINWIZARD_AU491.kzb
Jan 01 00:00:13.736    5 10107   1001 00:00:13.736 MMX BENCH_Startup: EALManager#mergeProject: Merged project in 'MAINWIZARD_AU491.kzb'-KZB, time: 339
Jan 01 00:00:13.762    5 10107   1001 00:00:13.761 MMX BENCH_Startup: AbstractScreenWidget#paint id 46 finished
Jan 01 00:00:13.862    5 10000     0 00:00:13.465 servicemgr BENCH_Startup 2 3345 [SM] AS_LOADED reported for mediarouter
Jan 01 00:00:13.863    5 10000     0 00:00:13.469 servicemgr BENCH_Startup 2 3351 [SM] AS_INITIALIZING reported for mediarouter
Jan 01 00:00:13.863    5 10000     0 00:00:13.469 servicemgr BENCH_Startup 2 3354 [SM] AS_INITIALIZED reported for mediarouter
Jan 01 00:00:13.863    5 10000     0 00:00:13.470 servicemgr BENCH_Startup 2 3357 [SM] AS_RUNNING reported for mediarouter
Jan 01 00:00:13.863    5 10000     0 00:00:13.470 servicemgr BENCH_Startup 2 3364 [updateDomainState] domain 'mediarouter' state 0xc
Jan 01 00:00:13.863    5 10000     0 00:00:13.470 servicemgr BENCH_Startup 2 3366 [SM] IS_RUNNING reported for mediarouter
Jan 01 00:00:13.863    5 10000     0 00:00:13.474 servicemgr BENCH_Startup 2 3368 [startDomain] domain addressbook state 0xc
Jan 01 00:00:13.864    5 10000     0 00:00:13.475 servicemgr BENCH_Startup 2 3373 [SM] AS_LOADED requested for organizer
Jan 01 00:00:13.925    5 10107   1001 00:00:13.925 MMX BENCH_Startup: StartupManager#updateDomainState(Addressbook, 0x12)
Jan 01 00:00:14.189    2    12     0 EHCI file:EHCI_ProcessTD--line=2927  Ctrlr=1,Device_address=1,EP=0,Interface=0,Dir=128
Jan 01 00:00:14.190    6    12     0 EHCI - Error on Control Transfer ( 0x80288d40, 0x30406001 0x283d6360 ),EHCI_Error_Code=0x4
Jan 01 00:00:14.192    2 10205     1 [CUSBDeviceAny]::chkOSDescriptors: retrieving of OF feature descriptor failed with command=195!
Jan 01 00:00:14.198    5    12   100 UL[1200196:3]USB-1.1:0: vid=12d1, did=1573: found control endpoint
Jan 01 00:00:14.200    5 10000     0 00:00:13.814 servicemgr BENCH_Startup 2 3404 [SM] AS_LOADED reported for organizer
Jan 01 00:00:14.200    5 10000     0 00:00:13.821 servicemgr BENCH_Startup 2 3410 [SM] AS_INITIALIZING reported for organizer
Jan 01 00:00:14.202    5 10000     0 00:00:13.897 servicemgr BENCH_Startup 2 3413 [SM] AS_INITIALIZED reported for organizer
Jan 01 00:00:14.204    5 10000     0 00:00:13.924 servicemgr BENCH_Startup 2 3416 [SM] AS_RUNNING reported for organizer
Jan 01 00:00:14.204    5 10000     0 00:00:13.925 servicemgr BENCH_Startup 2 3423 [updateDomainState] domain 'addressbook' state 0xc
Jan 01 00:00:14.206    5 10000     0 00:00:13.925 servicemgr BENCH_Startup 2 3425 [SM] IS_RUNNING reported for organizer
Jan 01 00:00:14.210    5    12   100 UL[1200196:3]USB-1.1:1: vid=12d1, did=1573: Skip
Jan 01 00:00:14.210    6    12   100 UL[1200196:1]Receive PULSE_CODE_DEV_INSERT 0x10100
Jan 01 00:00:14.210    5    12   100 UL[1200196:3]USB-1.1:2: vid=12d1, did=1573: Skip
Jan 01 00:00:14.210    5    12   100 UL[1200196:1]USB-1.1:0: vid=12d1, did=1573: Insertion
Jan 01 00:00:14.210    5    12   100 UL[1200196:3]USB-1.1:3: vid=12d1, did=1573: Skip
Jan 01 00:00:14.210    5    12   100 UL[1200196:1]USB-1.1:0: vid=12d1, did=1573: Detection
Jan 01 00:00:14.213    5    12   100 UL[1200196:1]USB-1.1:0: vid=12d1, did=1573: set config 2 of 2 configurations
Jan 01 00:00:14.215    6    12   100 UL[1200196:1]created pps (/ramdisk/pps/device/usb-0.1.1?nopersist,critical)
Jan 01 00:00:14.215    5    12   100 UL[1200196:1]USB-1.1:0: vid=12d1, did=1573: Detected
Jan 01 00:00:14.216    5    12   100 UL[1200196:1]USB-1.1:0: vid=12d1, did=1573: Launch /etc/scripts/huawei.sh attached normal_mode vid=0x12d1,did=0x1573,busno=0x1,devno=0x1 -opath=/dev/io-usb/io-usb,busnum=0x1,devnum=0x1
Jan 01 00:00:14.222    5    12   100 UL[1200196:1]USB-1.1:0: vid=12d1, did=1573: Driver /etc/scripts/huawei.sh has pid 2228342
Jan 01 00:00:14.224    6    12   100 UL[1200196:1]created pps (/ramdisk/pps/driver/2228342?nopersist,critical)
Jan 01 00:00:14.225    5    12   100 UL[1200196:6]USB-1.1:0: vid=12d1, did=1573: started monitor thread
Jan 01 00:00:14.262    5    10     0 ecm_detect: attached [bus 1, dev 1]
Jan 01 00:00:14.267    5 10107   1001 00:00:14.266 MMX BENCH_Startup: startDomain( Phone, 0x100 )
Jan 01 00:00:14.268    5    10     0 ecm_detect: Found 4 interfaces in config 1
Jan 01 00:00:14.268    5    10     0 ecm_detect: Found 9 interfaces in config 2
Jan 01 00:00:14.269    5    10     0 Found ECM interface 0
Jan 01 00:00:14.269    5    14     0 ecm0
Jan 01 00:00:14.283    5    10     0 bulk out mps is 512
Jan 01 00:00:14.297    2    10     0 serecm (line 113): init rbuf
Jan 01 00:00:14.298    5    10     0 ecm_detect: attached ECM interfaces 0
Jan 01 00:00:14.298    5    10     0 Found ECM interface 2
Jan 01 00:00:14.299    5    14     0 ecm1
Jan 01 00:00:14.316    5    10     0 bulk out mps is 512
Jan 01 00:00:14.329    5 10107   1001 00:00:14.328 MMX BENCH_Startup: StartupManager#updateDomainState(Phone, 0x990734)
Jan 01 00:00:14.332    2    10     0 serecm (line 113): init rbuf
Jan 01 00:00:14.332    5    10     0 ecm_detect: attached ECM interfaces 2
Jan 01 00:00:14.344    5    10     0 ecm_detect: found 2 device
Jan 01 00:00:14.344    5    10     0 stk_ecm_int_cbf: network connection
Jan 01 00:00:14.344    5    10     0 link down
Jan 01 00:00:14.347    7    15     0 qnet(kif): server_lookup(): invalid scoid 102, 102

Jan 01 00:00:14.351    5    10     0 stk_ecm_int_cbf: network connection
Jan 01 00:00:14.351    5    10     0 link down
Jan 01 00:00:14.352    5    10     0 stk_ecm_int_cbf: network connection
Jan 01 00:00:14.352    5    10     0 link down
Jan 01 00:00:14.370    2     6     0 devc-serusb: Limiting iface attachments to ifaces 4:5:6:7:8
Jan 01 00:00:14.383    1     6     0 serusb_is_device_supported: Device 1 on bus 1 unrecognized. Using CDC-ACM Class
Jan 01 00:00:14.384    5    10     0 stk_ecm_int_cbf: network connection
Jan 01 00:00:14.384    5    10     0 link down
Jan 01 00:00:14.390    6     6     0 serusb_attach_device: Inteface 0 not marked available in driver ifaces list
Jan 01 00:00:14.390    6     6     0 serusb_attach_device: Inteface 1 not marked available in driver ifaces list
Jan 01 00:00:14.390    6     6     0 serusb_attach_device: Inteface 1 not marked available in driver ifaces list
Jan 01 00:00:14.391    6     6     0 serusb_attach_device: Inteface 2 not marked available in driver ifaces list
Jan 01 00:00:14.391    6     6     0 serusb_attach_device: Inteface 3 not marked available in driver ifaces list
Jan 01 00:00:14.391    6     6     0 serusb_attach_device: Inteface 3 not marked available in driver ifaces list
Jan 01 00:00:14.398    2    12     0 EHCI file:EHCI_ProcessTD--line=2927  Ctrlr=1,Device_address=1,EP=0,Interface=4,Dir=0
Jan 01 00:00:14.400    6    12     0 EHCI - Error on Control Transfer ( 0x80008d40, 0x30406001 0x283d6360 ),EHCI_Error_Code=0x4
Jan 01 00:00:14.402    2     6     0 serusb_ctrl_io: Control transfer STALLED (0x2000004)
Jan 01 00:00:14.402    2    12     0 EHCI file:EHCI_ProcessTD--line=2927  Ctrlr=1,Device_address=1,EP=0,Interface=4,Dir=0
Jan 01 00:00:14.402    6    12     0 EHCI - Error on Control Transfer ( 0x80008d40, 0x30406001 0x283d6360 ),EHCI_Error_Code=0x4
Jan 01 00:00:14.405    2     6     0 serusb_ctrl_io: Control transfer STALLED (0x2000004)
Jan 01 00:00:14.407    5 10000     0 00:00:14.269 servicemgr BENCH_Startup 2 3463 [startDomain] domain phone state 0x100
Jan 01 00:00:14.407    5 10000     0 00:00:14.276 servicemgr BENCH_Startup 2 3468 [SM] APP_RUN_MODE 990734 reported for connectivity_launcher
Jan 01 00:00:14.408    5 10000     0 00:00:14.277 servicemgr BENCH_Startup 2 3474 [updateDomainState] domain 'phone' state 0xf1e0e
Jan 01 00:00:14.442    5 10107   1001 00:00:14.442 MMX BENCH_Startup: [TEL-HMI] updateActivationState: ActivationStateStruct(telActivationState=0,telPhoneModuleState=0,te [...]
Jan 01 00:00:14.520    2    12     0 EHCI file:EHCI_ProcessTD--line=2927  Ctrlr=1,Device_address=1,EP=0,Interface=5,Dir=0
Jan 01 00:00:14.520    6    12     0 EHCI - Error on Control Transfer ( 0x80008d40, 0x30406001 0x283d6360 ),EHCI_Error_Code=0x4
Jan 01 00:00:14.522    2     6     0 serusb_ctrl_io: Control transfer STALLED (0x2000004)
Jan 01 00:00:14.522    2    12     0 EHCI file:EHCI_ProcessTD--line=2927  Ctrlr=1,Device_address=1,EP=0,Interface=5,Dir=0
Jan 01 00:00:14.522    6    12     0 EHCI - Error on Control Transfer ( 0x80008d40, 0x30406001 0x283d6360 ),EHCI_Error_Code=0x4
Jan 01 00:00:14.524    2     6     0 serusb_ctrl_io: Control transfer STALLED (0x2000004)
Jan 01 00:00:14.524    2    12     0 EHCI file:EHCI_ProcessTD--line=2927  Ctrlr=1,Device_address=1,EP=0,Interface=5,Dir=0
Jan 01 00:00:14.524    6    12     0 EHCI - Error on Control Transfer ( 0x80078c40, 0x30406001 0x283d6360 ),EHCI_Error_Code=0x4
Jan 01 00:00:14.526    2     6     0 serusb_ctrl_io: Control transfer STALLED (0x2000004)
Jan 01 00:00:14.526    5     6     0 cdc_init_serial_device: Legacy commands not supported, disabling CDC_LEGACY_SERIAL for /dev/serusb2
Jan 01 00:00:14.537    2    12     0 EHCI file:EHCI_ProcessTD--line=2927  Ctrlr=1,Device_address=1,EP=0,Interface=6,Dir=0
Jan 01 00:00:14.538    6    12     0 EHCI - Error on Control Transfer ( 0x80008d40, 0x30406001 0x283d6360 ),EHCI_Error_Code=0x4
Jan 01 00:00:14.540    2     6     0 serusb_ctrl_io: Control transfer STALLED (0x2000004)
Jan 01 00:00:14.540    2    12     0 EHCI file:EHCI_ProcessTD--line=2927  Ctrlr=1,Device_address=1,EP=0,Interface=6,Dir=0
Jan 01 00:00:14.540    6    12     0 EHCI - Error on Control Transfer ( 0x80008d40, 0x30406001 0x283d6360 ),EHCI_Error_Code=0x4
Jan 01 00:00:14.542    2     6     0 serusb_ctrl_io: Control transfer STALLED (0x2000004)
Jan 01 00:00:14.657    2    12     0 EHCI file:EHCI_ProcessTD--line=2927  Ctrlr=1,Device_address=1,EP=0,Interface=7,Dir=0
Jan 01 00:00:14.657    6    12     0 EHCI - Error on Control Transfer ( 0x80008d40, 0x30406001 0x283d6360 ),EHCI_Error_Code=0x4
Jan 01 00:00:14.659    2     6     0 serusb_ctrl_io: Control transfer STALLED (0x2000004)
Jan 01 00:00:14.659    2    12     0 EHCI file:EHCI_ProcessTD--line=2927  Ctrlr=1,Device_address=1,EP=0,Interface=7,Dir=0
Jan 01 00:00:14.659    6    12     0 EHCI - Error on Control Transfer ( 0x80008d40, 0x30406001 0x283d6360 ),EHCI_Error_Code=0x4
Jan 01 00:00:14.661    2     6     0 serusb_ctrl_io: Control transfer STALLED (0x2000004)
Jan 01 00:00:14.661    2    12     0 EHCI file:EHCI_ProcessTD--line=2927  Ctrlr=1,Device_address=1,EP=0,Interface=7,Dir=0
Jan 01 00:00:14.661    6    12     0 EHCI - Error on Control Transfer ( 0x80078c40, 0x30406001 0x283d6360 ),EHCI_Error_Code=0x4
Jan 01 00:00:14.664    2     6     0 serusb_ctrl_io: Control transfer STALLED (0x2000004)
Jan 01 00:00:14.664    5     6     0 cdc_init_serial_device: Legacy commands not supported, disabling CDC_LEGACY_SERIAL for /dev/serusb4
Jan 01 00:00:14.676    2    12     0 EHCI file:EHCI_ProcessTD--line=2927  Ctrlr=1,Device_address=1,EP=0,Interface=8,Dir=0
Jan 01 00:00:14.676    6    12     0 EHCI - Error on Control Transfer ( 0x80008d40, 0x30406001 0x283d6360 ),EHCI_Error_Code=0x4
Jan 01 00:00:14.678    2     6     0 serusb_ctrl_io: Control transfer STALLED (0x2000004)
Jan 01 00:00:14.678    2    12     0 EHCI file:EHCI_ProcessTD--line=2927  Ctrlr=1,Device_address=1,EP=0,Interface=8,Dir=0
Jan 01 00:00:14.678    6    12     0 EHCI - Error on Control Transfer ( 0x80008d40, 0x30406001 0x283d6360 ),EHCI_Error_Code=0x4
Jan 01 00:00:14.680    2     6     0 serusb_ctrl_io: Control transfer STALLED (0x2000004)
Jan 01 00:00:14.716    5 10107   1001 00:00:14.716 MMX BENCH_Startup: StartupManager#updateDomainState(Phone, 0x990734)
Jan 01 00:00:14.718    5 10107   1001 00:00:14.717 MMX BENCH_Startup: StartupManager#updateDomainState(Phone, 0x990990)
Jan 01 00:00:14.799    2    12   100 UL[1200196:6]Skipping mlist0 update as no matching node was found
Jan 01 00:00:14.801    2    12   100 UL[1200196:6]Skipping mlist0 update as no matching node was found
Jan 01 00:00:14.804    2    12   100 UL[1200196:6]Skipping mlist0 update as no matching node was found
Jan 01 00:00:14.805    2    12   100 UL[1200196:6]Skipping mlist0 update as no matching node was found
Jan 01 00:00:14.809    5 11473     0 00:00:14.808 huawei.sh : Protection against multiple paralel NADUtils
Jan 01 00:00:14.809    2    12   100 UL[1200196:6]Skipping mlist0 update as no matching node was found
Jan 01 00:00:14.872    5 11473     0 00:00:14.871 huawei.sh : Remove /dev/NAD links
Jan 01 00:00:14.880    5 10107   1001 00:00:14.879 MMX BENCH_Startup: startDomain( Search, 0xc )
Jan 01 00:00:14.898    5     1     0 NADUtil:866(I) Locked nad.lock
Jan 01 00:00:14.899    5     1     0 NADUtil:467(I) ioPort: 5
Jan 01 00:00:14.899    5     1     0 NADUtil:893(I) Locked the ATPort /dev/serusb3
Jan 01 00:00:15.001    5     1     0 NADUtil:85(I) Sent AT command : ATI1
Jan 01 00:00:15.001    5     1     0 NADUtil:919(I) haveAllInfo: 0
Jan 01 00:00:15.004    5     1     0 NADUtil:1016(I) Skipping line: 
Jan 01 00:00:15.004    5     1     0 NADUtil:919(I) haveAllInfo: 0
Jan 01 00:00:15.005    5     1     0 NADUtil:1016(I) Skipping line: 
Jan 01 00:00:15.005    5     1     0 NADUtil:919(I) haveAllInfo: 0
Jan 01 00:00:15.005    5 10000     0 00:00:14.715 servicemgr BENCH_Startup 2 3553 [SM] APP_RUN_MODE 990734 reported for connectivity_launcher
Jan 01 00:00:15.006    5 10000     0 00:00:14.715 servicemgr BENCH_Startup 2 3557 [updateDomainState] domain 'phone' state 0xf1e0e
Jan 01 00:00:15.006    5 10000     0 00:00:14.717 servicemgr BENCH_Startup 2 3558 [SM] APP_RUN_MODE 990990 reported for connectivity_launcher
Jan 01 00:00:15.007    5 10000     0 00:00:14.717 servicemgr BENCH_Startup 2 3562 [updateDomainState] domain 'phone' state 0xf1f0e
Jan 01 00:00:15.007    5 10000     0 00:00:14.882 servicemgr BENCH_Startup 2 3564 [startDomain] domain search state 0xc
Jan 01 00:00:15.007    5 10000     0 00:00:14.883 servicemgr BENCH_Startup 2 3569 [SM] AS_LOADED requested for esosearch
Jan 01 00:00:15.008    5     1     0 NADUtil:163(I) read Manufacturer: Huawei Technologies Co., Ltd.
Jan 01 00:00:15.008    5     1     0 NADUtil:1016(I) Skipping line: Manufacturer: Huawei Technologies Co., Ltd.
Jan 01 00:00:15.008    5     1     0 NADUtil:919(I) haveAllInfo: 0
Jan 01 00:00:15.010    5     1     0 NADUtil:163(I) read Model: ME909Au-821
Jan 01 00:00:15.010    5     1     0 NADUtil:919(I) haveAllInfo: 1
Jan 01 00:00:15.012    5     1     0 NADUtil:163(I) read Revision: 11.535.13.04.1405
Jan 01 00:00:15.012    5     1     0 NADUtil:963(I) 1. revision token: 11
Jan 01 00:00:15.012    5     1     0 NADUtil:972(I) 2. revision token: 535
Jan 01 00:00:15.013    5     1     0 NADUtil:983(I) 3. revision token: 13
Jan 01 00:00:15.013    5     1     0 NADUtil:994(I) 4. revision token: 04
Jan 01 00:00:15.013    5     1     0 NADUtil:1034(I) Module  : ME909Au-821
Jan 01 00:00:15.013    5     1     0 NADUtil:1035(I) Revision: 5351304
Jan 01 00:00:15.014    5     1     0 NADUtil:41(I) unlocked nad.lock
Jan 01 00:00:15.127    5 10204     1 00:00:15.126 MMX BENCH_Startup: esosearch: Entering main method.
Jan 01 00:00:15.279    5 10107   1001 00:00:15.278 MMX BENCH_Startup: StartupManager#updateDomainState(Search, 0x12)
Jan 01 00:00:15.281    5 10107   1001 00:00:15.281 MMX BENCH_Startup: startDomain( SDS, 0x300 )
Jan 01 00:00:15.281    5 10107   1001 00:00:15.281 MMX BENCH_Startup: startDomain( Nav, 0x700 )
Jan 01 00:00:15.302    7    15     0 qnet(L4): try_ifp(): ignoring interface ecm1 as per bind option

Jan 01 00:00:15.304    7    15     0 qnet(L4): try_ifp(): ignoring interface ecm0 as per bind option

Jan 01 00:00:15.307    5 10000     0 00:00:15.224 servicemgr BENCH_Startup 2 3874 [SM] AS_LOADED reported for esosearch
Jan 01 00:00:15.308    5 10000     0 00:00:15.229 servicemgr BENCH_Startup 2 3880 [SM] AS_INITIALIZING reported for esosearch
Jan 01 00:00:15.308    5 10000     0 00:00:15.248 servicemgr BENCH_Startup 2 3883 [SM] AS_INITIALIZED reported for esosearch
Jan 01 00:00:15.308    5 10000     0 00:00:15.272 servicemgr BENCH_Startup 2 3886 [SM] AS_RUNNING reported for esosearch
Jan 01 00:00:15.308    5 10000     0 00:00:15.272 servicemgr BENCH_Startup 2 3893 [updateDomainState] domain 'search' state 0xc
Jan 01 00:00:15.308    5 10000     0 00:00:15.273 servicemgr BENCH_Startup 2 3895 [SM] IS_RUNNING reported for esosearch
Jan 01 00:00:15.308    5 10000     0 00:00:15.281 servicemgr BENCH_Startup 2 3897 [startDomain] domain sds state 0x300
Jan 01 00:00:15.308    5 10000     0 00:00:15.282 servicemgr BENCH_Startup 2 3902 [SM] AS_LOADED requested for speech
Jan 01 00:00:15.309    5 10000     0 00:00:15.282 servicemgr BENCH_Startup 2 3904 [startDomain] domain navigation state 0x700
Jan 01 00:00:15.309    5 10000     0 00:00:15.285 servicemgr BENCH_Startup 2 3910 [SM] AS_LOADED requested for navigation
Jan 01 00:00:15.995    5 10000     0 00:00:15.596 servicemgr BENCH_Startup 2 3929 [SM] AS_LOADED reported for speech
Jan 01 00:00:15.996    5 10000     0 00:00:15.599 servicemgr BENCH_Startup 2 3935 [SM] AS_INITIALIZING reported for speech
Jan 01 00:00:16.300    7    15     0 qnet(L4): try_ifp(): ignoring interface ecm1 as per bind option

Jan 01 00:00:16.301    7    15     0 qnet(L4): try_ifp(): ignoring interface ecm0 as per bind option

Jan 01 00:00:16.360    2 13103     0 io-audio[deva_srf_platform.c:1661]: DEVA: deva_capabilities: ENTER
Jan 01 00:00:16.361    2 13103     0 io-audio[deva_srf_platform.c:1679]: DEVA: deva_capabilities: info => formats=4096, rates=128, min_rate=48000, max_rate=48000, min_voices=6, max_voices=6, min_fragsize=18432, max_fragsize=18432
Jan 01 00:00:16.361    2 13103     0 io-audio[deva_srf_platform.c:2204]: DEVA: deva_get_session_handles_from_platform_id: ENTER
Jan 01 00:00:16.361    2 13103     0 io-audio[deva_srf_platform.c:2275]: DEVA: deva_get_session_handles_from_platform_id: LEAVE
Jan 01 00:00:16.361    2 13103     0 io-audio[deva_srf_platform.c:1698]: DEVA: deva_capabilities: ado_pcm_t found at device_id = 1 <mpl1_int_ent>
Jan 01 00:00:16.362    2 13103     0 io-audio[deva_srf_platform.c:1736]: DEVA: deva_capabilities: LEAVE (chn_avail=1)
Jan 01 00:00:16.366    2 13103     0 io-audio[deva_srf_platform.c:1661]: DEVA: deva_capabilities: ENTER
Jan 01 00:00:16.366    2 13103     0 io-audio[deva_srf_platform.c:1679]: DEVA: deva_capabilities: info => formats=16, rates=128, min_rate=48000, max_rate=48000, min_voices=2, max_voices=2, min_fragsize=3072, max_fragsize=3072
Jan 01 00:00:16.367    2 13103     0 io-audio[deva_srf_platform.c:2204]: DEVA: deva_get_session_handles_from_platform_id: ENTER
Jan 01 00:00:16.367    2 13103     0 io-audio[deva_srf_platform.c:2275]: DEVA: deva_get_session_handles_from_platform_id: LEAVE
Jan 01 00:00:16.367    2 13103     0 io-audio[deva_srf_platform.c:1698]: DEVA: deva_capabilities: ado_pcm_t found at device_id = 24 <ent1>
Jan 01 00:00:16.368    2 13103     0 io-audio[deva_srf_platform.c:1736]: DEVA: deva_capabilities: LEAVE (chn_avail=1)
Jan 01 00:00:17.300    7    15     0 qnet(L4): try_ifp(): ignoring interface ecm1 as per bind option

Jan 01 00:00:17.302    7    15     0 qnet(L4): try_ifp(): ignoring interface ecm0 as per bind option

Jan 01 00:00:17.621    5 10000     0 00:00:17.289 servicemgr BENCH_Startup 2 4383 [SM] AS_LOADED requested for speech-eso
Jan 01 00:00:17.712    5 10000     0 00:00:17.512 servicemgr BENCH_Startup 2 4391 [SM] AS_LOADED reported for speech-eso
Jan 01 00:00:17.912    5 10000     0 00:00:17.515 servicemgr BENCH_Startup 2 4397 [SM] AS_INITIALIZING reported for speech-eso
Jan 01 00:00:17.912    5 10000     0 00:00:17.515 servicemgr BENCH_Startup 2 4399 [SM] AS_INITIALIZED reported for speech-eso
Jan 01 00:00:17.912    5 10000     0 00:00:17.516 servicemgr BENCH_Startup 2 4401 [SM] AS_RUNNING reported for speech-eso
Jan 01 00:00:17.912    5 10000     0 00:00:17.516 servicemgr BENCH_Startup 2 4403 [SM] IS_RUNNING reported for speech-eso
Jan 01 00:00:17.972    5 10107   1001 00:00:17.972 MMX BENCH_Startup: StartupManager#updateDomainState(Nav, 0x1792)
Jan 01 00:00:17.981    5 10000     0 00:00:17.780 servicemgr BENCH_Startup 2 4415 [SM] AS_LOADED reported for navigation
Jan 01 00:00:17.981    5 10000     0 00:00:17.970 servicemgr BENCH_Startup 2 4421 [SM] AS_INITIALIZING reported for navigation
Jan 01 00:00:17.981    5 10000     0 00:00:17.970 servicemgr BENCH_Startup 2 4424 [SM] AS_INITIALIZED reported for navigation
Jan 01 00:00:17.982    5 10000     0 00:00:17.971 servicemgr BENCH_Startup 2 4427 [SM] AS_RUNNING reported for navigation
Jan 01 00:00:17.982    5 10000     0 00:00:17.971 servicemgr BENCH_Startup 2 4434 [updateDomainState] domain 'navigation' state 0x700
Jan 01 00:00:17.982    5 10000     0 00:00:17.972 servicemgr BENCH_Startup 2 4436 [SM] IS_RUNNING reported for navigation
Jan 01 00:00:18.047    5 10107   1001 00:00:18.046 MMX BENCH_Startup: OperationManager#setNavigationMainInitialized( false )
Jan 01 00:00:18.048    5 10107   1001 00:00:18.048 MMX BENCH_Startup: OperationManager#setNavigationRemoteInitialized( false )
Jan 01 00:00:18.242    5 10107   1001 00:00:18.242 MMX BENCH_Startup: AbstractLockingEvaluator#setDSI(de.esolutions.fw.dsi.carvehiclestates.DSICarVehicleStatesProvider@36 [...]
Jan 01 00:00:18.305    7    15     0 qnet(L4): try_ifp(): ignoring interface ecm1 as per bind option

Jan 01 00:00:18.306    7    15     0 qnet(L4): try_ifp(): ignoring interface ecm0 as per bind option

Jan 01 00:00:18.366    5 10107   1001 00:00:18.365 MMX BENCH_Startup: NavigationEvo#initialize() - initialization finished
Jan 01 00:00:18.392    7    15     0 qnet(kif): server_lookup(): invalid scoid 106, 106

Jan 01 00:00:18.508    5 10107   1001 00:00:18.506 MMX BENCH_Startup: [Startup] IntelliDestSearch#setDSI()
Jan 01 00:00:18.749    5 10107   1001 00:00:18.749 MMX BENCH_Startup: OperationManager#taskCompleted( TASK_NAV_APP_STARTED )
Jan 01 00:00:18.750    5 10107   1001 00:00:18.750 MMX BENCH_Startup: startDomain( MobilityHorizon, 0x4 )
Jan 01 00:00:18.794    5     8   100 (name:navigation)(pid:2429051)(tid:19) I/Adreno-EGL: <qeglDrvAPI_eglInitialize:379>: EGL 1.4 QUALCOMM Build: 3929146
Jan 01 00:00:18.816    5 10204     1 00:00:18.816 MMX BENCH_Startup: esosearch: Constructing NavigationSearch.
Jan 01 00:00:19.009    5 10000     0 00:00:18.751 servicemgr BENCH_Startup 2 4752 [startDomain] domain mobilityhorizon state 0x4
Jan 01 00:00:19.010    5 10000     0 00:00:18.751 servicemgr BENCH_Startup 2 4757 [SM] AS_LOADED requested for rdv_controller
Jan 01 00:00:19.222    5 10107   1001 00:00:19.222 MMX BENCH_Startup: StartupManager#updateDomainState(SDS, 0x768)
Jan 01 00:00:19.227    5 10107   1001 00:00:19.226 MMX BENCH_Startup: StartupManager#updateDomainState(SDS, 0x768)
Jan 01 00:00:19.304    7    15     0 qnet(L4): try_ifp(): ignoring interface ecm1 as per bind option

Jan 01 00:00:19.308    7    15     0 qnet(L4): try_ifp(): ignoring interface ecm0 as per bind option

Jan 01 00:00:19.368    5 10107   1001 00:00:19.367 MMX BENCH_Startup: StartupManager#updateDomainState(MobilityHorizon, 0x6)
Jan 01 00:00:19.401    5 10000     0 00:00:19.220 servicemgr BENCH_Startup 2 4801 [SM] APP_RUN_MODE 768 reported for speech
Jan 01 00:00:19.402    5 10000     0 00:00:19.220 servicemgr BENCH_Startup 2 4805 [updateDomainState] domain 'sds' state 0x300
Jan 01 00:00:19.403    5 10000     0 00:00:19.220 servicemgr BENCH_Startup 2 4806 [SM] AS_INITIALIZED reported for speech
Jan 01 00:00:19.405    5 10000     0 00:00:19.224 servicemgr BENCH_Startup 2 4810 [SM] AS_RUNNING reported for speech
Jan 01 00:00:19.405    5 10000     0 00:00:19.224 servicemgr BENCH_Startup 2 4817 [updateDomainState] domain 'sds' state 0x300
Jan 01 00:00:19.406    5 10000     0 00:00:19.225 servicemgr BENCH_Startup 2 4819 [SM] IS_RUNNING reported for speech
Jan 01 00:00:19.478    5 10107   1001 00:00:19.477 MMX BENCH_Startup: StMgr#triggerTTSAvailable()
Jan 01 00:00:19.633    5 10000     0 00:00:19.232 servicemgr BENCH_Startup 2 4833 [SM] AS_LOADED reported for rdv_controller
Jan 01 00:00:19.634    5 10000     0 00:00:19.239 servicemgr BENCH_Startup 2 4839 [SM] AS_INITIALIZING reported for rdv_controller
Jan 01 00:00:19.634    5 10000     0 00:00:19.351 servicemgr BENCH_Startup 2 4842 [SM] AS_INITIALIZED reported for rdv_controller
Jan 01 00:00:19.635    5 10000     0 00:00:19.361 servicemgr BENCH_Startup 2 4845 [SM] AS_RUNNING reported for rdv_controller
Jan 01 00:00:19.635    5 10000     0 00:00:19.362 servicemgr BENCH_Startup 2 4852 [updateDomainState] domain 'mobilityhorizon' state 0x4
Jan 01 00:00:19.636    5 10000     0 00:00:19.364 servicemgr BENCH_Startup 2 4854 [SM] IS_RUNNING reported for rdv_controller
Jan 01 00:00:19.867    3 16309     0 usbrolereverse[pmic_client.c:249]: pmic_client : Invalid PMIC family type detected = 1
Jan 01 00:00:19.867    3 16309     0 usbrolereverse[pmic_client.c:249]: pmic_client : Invalid PMIC family type detected = 1
Jan 01 00:00:19.868    3 16309     0 usbrolereverse[pmic_client.c:249]: pmic_client : Invalid PMIC family type detected = 1
Jan 01 00:00:19.869    3 16309     0 usbrolereverse[pmic_client.c:249]: pmic_client : Invalid PMIC family type detected = 1
Jan 01 00:00:19.869    3 16309     0 usbrolereverse[pmic_client.c:249]: pmic_client : Invalid PMIC family type detected = 1
Jan 01 00:00:19.870    3 16309     0 usbrolereverse[pmic_client.c:249]: pmic_client : Invalid PMIC family type detected = 1
Jan 01 00:00:20.025    5 16008   100 ssr_policy_mgr[ssr_policy_mgr.c:2926]: [main] SS Restart Policy Manager starting...Jun 20 2017 02:48:32
Jan 01 00:00:20.027    5 16008   100 ssr_policy_mgr[ssr_policy_mgr.c:466]: [get_options] Command path set to /dev/mis
Jan 01 00:00:20.028    5 16008   100 ssr_policy_mgr[ssr_policy_mgr.c:506]: [get_options] Use Memory Dump utility in SSR Policy Manager = 1
Jan 01 00:00:20.028    5 16008   500 ssr_policy_mgr[ssr_policy_mgr.c:1771]: [timer_thread_main] Starting timer thread..
Jan 01 00:00:20.030    5 16008   400 ssr_policy_mgr[ssr_policy_mgr.c:2644]: [pps_subscriber_thread_main] SSR PPS Object Path: /pps/services/radioctrl/modem0/ssr/ssr_status
Jan 01 00:00:20.031    2 16301     0 ssr_policy_mgr[DALModEnv.c:156]: DALSYS_InitMod:Symbol DALHWIO_DriverInfo not found and will not be initialized
Jan 01 00:00:20.033    5 16013   1459 ssr_policy_mgr[wait.c:47]: [Resource_BlockWait] Waiting for /pps/services/radioctrl/modem0/ssr/ssr_status ..
Jan 01 00:00:20.034    5 16015    50 ssr_policy_mgr[ssr_main.c:476]: ssr_init
Jan 01 00:00:20.045    5 16015    60 ssr_policy_mgr[ssr_dispatch_pps.c:259]: [ssr_pps_create_object] ssrestart object set as /ramdisk/pps/services/radioctrl/modem0/ssr/ssr_status
Jan 01 00:00:20.048    5 16015    60 ssr_policy_mgr[ssr_dispatch_pps.c:280]: [ssr_pps_create_object] Creation of pps object fd: 4
Jan 01 00:00:20.050    5 16012   500 ssr_policy_mgr[sysctrl_service.c:200]: sysctrl_start_service: start for /dev/ssr_service, CRM_ID: QC_CRM_BUILD_90115_2
Jan 01 00:00:20.477    6 10100     1 [refresh_tool] CID eMMC: type=MICRON, name=R1J58E, fw=13Q0002R, serial#=a95dfa10, size=60704MB (BP=16MB), cache enabled=false
Jan 01 00:00:20.481    6 10100     1 [refresh_tool] wait for valid time ....
Jan 01 00:00:20.483    6 10100     1 [refresh_tool] read correct clustertime after ( 0 ) retries
Jan 01 00:00:20.630    5 10107   1001 MMX BENCH_Startup: BTAPP Phone sent info if SAP is allowed
Jan 01 00:00:20.635    5 10107   1001 MMX BENCH_Startup: BTAPP Reconnect can be started now
Jan 01 00:00:20.642    5 10107   1001 00:00:20.642 MMX BENCH_Startup: [TEL-HMI] updateActivationState: ActivationStateStruct(telActivationState=1,telPhoneModuleState=0,te [...]
Jan 01 00:00:20.661    5 10204     1 00:00:20.661 MMX BENCH_Startup: esosearch: Constructed NavigationSearch.
Jan 01 00:00:21.046    5 10107   1001 00:00:21.046 MMX BENCH_Startup: OperationManager#fireTimer( OPStateDebouncer )
Jan 01 00:00:21.388    5     8   100 (name:navigation)(pid:2429051)(tid:127) I/Adreno-EGL: <qeglDrvAPI_eglInitialize:379>: EGL 1.4 QUALCOMM Build: 3929146
Jan 01 00:00:21.572    5 10107   1001 00:00:21.571 MMX BENCH_Startup: [MEDIA] Last mode source '[SDCARD,'0','LOADED','ERR_NO_PLAYABLE_FILES','1','36',[SYNC_FS, SYNC_COMPL [...]
Jan 01 00:00:21.711    7    15     0 qnet(kif): server_lookup(): invalid scoid 110, 110

Jan 01 00:00:22.061    5     8   100 (name:navigation)(pid:2429051)(tid:130) E/Adreno-ES20: <rb_mempool_dynamic_init:667>: pre-allocated 4K entries=512

Jan 01 00:00:22.361    5     8   100 (name:navigation)(pid:2429051)(tid:130) E/Adreno-ES20: <rb_mempool_dynamic_init:667>: pre-allocated 8K entries=256

Jan 01 00:00:22.480    5     8   100 (name:navigation)(pid:2429051)(tid:130) E/Adreno-ES20: <rb_mempool_dynamic_init:667>: pre-allocated 16K entries=128

Jan 01 00:00:22.540    5     8   100 (name:navigation)(pid:2429051)(tid:130) E/Adreno-ES20: <rb_mempool_dynamic_init:667>: pre-allocated 32K entries=64

Jan 01 00:00:22.575    5     8   100 (name:navigation)(pid:2429051)(tid:130) E/Adreno-ES20: <rb_mempool_dynamic_init:667>: pre-allocated 64K entries=32

Jan 01 00:00:22.594    5     8   100 (name:navigation)(pid:2429051)(tid:130) E/Adreno-ES20: <rb_mempool_dynamic_init:667>: pre-allocated 128K entries=16

Jan 01 00:00:22.603    5     8   100 (name:navigation)(pid:2429051)(tid:130) E/Adreno-ES20: <rb_mempool_dynamic_init:667>: pre-allocated 256K entries=8

Jan 01 00:00:22.605    5     8   100 (name:navigation)(pid:2429051)(tid:130) E/Adreno-ES20: <rb_context_create:936>: using num_swaps_before_free = 200
Jan 01 00:00:22.605    5     8   100 (name:navigation)(pid:2429051)(tid:130) E/Adreno-ES20: <rb_context_create:943>: using aging_ts_threshold = 20
Jan 01 00:00:22.606    5     8   100 (name:navigation)(pid:2429051)(tid:165) E/Adreno-ES20: <rb_mem_pool_cleanup_thread:985>: mem_pool thread created 
Jan 01 00:00:23.229    5 16024   167 watchdog[watchdog.c:167]: Kick AP wdog
Jan 01 00:00:24.051    4 10002     9 Try to connect proxy
Jan 01 00:00:24.064    4 10002     9 set DTC 0x604 to value 0
Jan 01 00:00:24.065    4 10002     9 sent diag temperature information: current 0x5b, min 0x32, max 0x7d
Jan 01 00:00:25.527    5 10107   1001 00:00:25.527 MMX BENCH_Startup: StartupManager.requestStartBundle(AppDevelopment)
Jan 01 00:00:25.665    5 10107   1001 00:00:25.665 MMX BENCH_Startup: AbstractScreenWidget#connected id 36 start
Jan 01 00:00:25.671    5 10107   1001 00:00:25.671 MMX BENCH_Startup: AbstractScreenWidget#connected id 36 finished
Jan 01 00:00:25.676    5 10107   1001 00:00:25.676 MMX BENCH_Startup: AbstractScreenWidget#paint id 36 start
Jan 01 00:00:25.711    5 10107   1001 00:00:25.711 MMX BENCH_Startup: AbstractScreenWidget#paint id 36 finished
Jan 01 00:00:26.115    5 10107   1001 00:00:26.115 MMX BENCH_Startup: [AUDIO] faded-in EAC: 129
Jan 01 00:00:26.567    5 10107   1001 00:00:26.566 MMX BENCH_Startup: CtxInit#enter() - start map initialization (set notification for MapReady)
Jan 01 00:00:26.568    5 10107   1001 00:00:26.567 MMX BENCH_Startup: CtxInit#enter() - Traffic map enabled in setup: false
Jan 01 00:00:26.579    4 10256    23 [81945:31][wfdCreateWFDEGLImagesQNX:1843]CREATED count=3 nativeImages with width=1024, height=436, format=8, usage=0x00000026, flags=0x2, size=0x001c0000, strides=[4096 0]
Jan 01 00:00:26.580    5 10107   1001 00:00:26.580 MMX BENCH_Startup: CtxKombiInit#enter() - start map initialization (set notification for MapReady)
Jan 01 00:00:26.581    5 10107   1001 00:00:26.581 MMX BENCH_Startup: CtxKombiInit#enter() - Traffic map enabled in setup: false
Jan 01 00:00:26.593    4 10256    23 [81945:28][wfdCreateWFDEGLImagesQNX:1843]CREATED count=3 nativeImages with width=1440, height=455, format=8, usage=0x00000026, flags=0x2, size=0x002a3000, strides=[5760 0]
Jan 01 00:00:26.595    5 10107   1001 00:00:26.594 MMX BENCH_Startup: [Startup] NavigationStartup#setStartupFront( 0, true )
Jan 01 00:00:26.596    5 10107   1001 00:00:26.596 MMX BENCH_Startup: OperationManager#taskCompleted( TASK_NAV_DSI_REGISTERED )
Jan 01 00:00:26.617    5     8   100 (name:navigation)(pid:2429051)(tid:130) E/Adreno-ES20: <api_profiler_control_open:1134>: API TRACE PROFILER: checking control
Jan 01 00:00:26.652    5 10107   1001 00:00:26.651 MMX BENCH_Startup: DefaultDSINavigationMainHandler#updateNavstateOfOperation( 0 )
Jan 01 00:00:27.465    5 10107   1001 00:00:27.464 MMX BENCH_Startup: [Startup] CtxKombiInit#updateReady( true )
Jan 01 00:00:27.468    5 10107   1001 00:00:27.468 MMX BENCH_Startup: OperationManager#setMapReady( true )
Jan 01 00:00:27.469    5 10107   1001 00:00:27.469 MMX BENCH_Startup: DefaultDSINavigationMainHandler#updateNavstateOfOperation( 5 )
Jan 01 00:00:27.470    5 10107   1001 00:00:27.470 MMX BENCH_Startup: [Startup] CtxInit#updateReady( true )
Jan 01 00:00:27.472    5 10107   1001 00:00:27.472 MMX BENCH_Startup: OperationManager#taskCompleted( TASK_MAP_READY )
Jan 01 00:00:27.473    5 10107   1001 00:00:27.472 MMX BENCH_Startup: [Startup] NotifyNavStateOfOperationCommand#updateNavstateOfOperation() - navigation is fully operabl [...]
Jan 01 00:00:27.473    5 10107   1001 00:00:27.473 MMX BENCH_Startup: OperationManager#taskCompleted( TASK_NAV_FULLY_OP )
Jan 01 00:00:27.494    5 10107   1001 00:00:27.494 MMX BENCH_Startup: [Startup] NotifyRestCommand#updateLispIsSpellerActive()
Jan 01 00:00:27.513    5 10107   1001 00:00:27.513 MMX BENCH_Startup: CtxLoadState#enter() - finished map configuration - unfreeze map
Jan 01 00:00:27.534    5 10107   1001 00:00:27.531 MMX BENCH_Startup: [Startup] NotifyRestCommand#updateRmPersistentRoute()
Jan 01 00:00:27.621    5 10107   1001 00:00:27.621 MMX BENCH_Startup: CtxLoadState#enter() - finished map configuration - unfreeze map
Jan 01 00:00:27.837    5 10107   1001 00:00:27.836 MMX BENCH_Startup: OperationManager#taskCompleted( TASK_MAP_ATTR_READY )
Jan 01 00:00:27.888    5 10107   1001 00:00:27.886 MMX BENCH_Startup: [Startup] NotifyRestCommand#updateEtcDemoModeState()
Jan 01 00:00:27.888    5 10107   1001 00:00:27.888 MMX BENCH_Startup: StartupManager#triggerNavAvailable()
Jan 01 00:00:27.985    5 10107   1001 00:00:27.985 MMX BENCH_Startup: [Startup] NotifyRestCommand#updateRgActive()
Jan 01 00:00:27.986    5 10107   1001 00:00:27.986 MMX BENCH_Startup: [Startup] NotifyRestCommand#checkFinished() - main notifications received! 
Jan 01 00:00:27.986    5 10107   1001 00:00:27.986 MMX BENCH_Startup: OperationManager#taskCompleted( TASK_NAV_ATTR_READY )
Jan 01 00:00:28.082    5 10107   1001 00:00:28.082 MMX BENCH_Startup: OperationManager#taskCompleted( TASK_NAV_ROUTEHANDLING_DONE )
Jan 01 00:00:28.098    5 10107   1001 00:00:28.097 MMX BENCH_Startup: OperationManager#taskCompleted( TASK_NAV_INIT_DONE )
Jan 01 00:00:28.098    5 10107   1001 00:00:28.098 MMX BENCH_Startup: OperationManager#setNavigationMainInitialized( true )
Jan 01 00:00:28.101    5 10107   1001 00:00:28.101 MMX BENCH_Startup: Slow storage read: started: 28042 done: 28101 needed: 59 namespace = 1010, key = 40
Jan 01 00:00:28.105    5 10107   1001 00:00:28.105 MMX BENCH_Startup: AbstractScreenWidget#connected id 1600001 start
Jan 01 00:00:28.108    5 10107   1001 00:00:28.107 MMX BENCH_Startup: startDomain( SDS, 0x700 )
Jan 01 00:00:28.323    5 10107   1001 00:00:28.323 MMX BENCH_Startup: AbstractScreenWidget#connected id 1600001 finished
Jan 01 00:00:28.326    5 10107   1001 00:00:28.326 MMX BENCH_Startup: AbstractScreenWidget#paint id 1600001 start
Jan 01 00:00:28.333    5 10107   1001 00:00:28.333 MMX BENCH_Startup: AbstractScreenWidget#paint id 1600001 finished
Jan 01 00:00:28.435    5 10000     0 00:00:28.111 servicemgr BENCH_Startup 2 5057 [startDomain] domain sds state 0x700
Jan 01 00:00:31.025    5 10000     0 00:00:30.817 servicemgr BENCH_Startup 2 5072 [SM] AS_LOADED requested for trdevapp
Jan 01 00:00:31.607    5 10000     0 00:00:31.209 servicemgr BENCH_Startup 2 5080 [SM] AS_LOADED reported for trdevapp
Jan 01 00:00:31.608    5 10000     0 00:00:31.217 servicemgr BENCH_Startup 2 5086 [SM] AS_INITIALIZING reported for trdevapp
Jan 01 00:00:31.608    5 10000     0 00:00:31.218 servicemgr BENCH_Startup 2 5088 [SM] AS_INITIALIZED reported for trdevapp
Jan 01 00:00:31.608    5 10000     0 00:00:31.220 servicemgr BENCH_Startup 2 5090 [SM] AS_RUNNING reported for trdevapp
Jan 01 00:00:31.608    5 10000     0 00:00:31.220 servicemgr BENCH_Startup 2 5092 [SM] IS_RUNNING reported for trdevapp
Jan 01 00:00:32.863    5 10107   1001 00:00:32.863 MMX BENCH_Startup: StartupManager#updateDomainState(SDS, 0x1804)
Jan 01 00:00:33.142    5 10107   1001 00:00:33.142 MMX BENCH_Startup: [Startup SDS] Phase 1: SDS applications started.
Jan 01 00:00:33.216    5 10107   1001 00:00:33.211 MMX BENCH_Startup: [Startup SDS] Phase 4: TTS service started.
Jan 01 00:00:33.221    5 10000     0 00:00:32.861 servicemgr BENCH_Startup 2 5100 [SM] APP_RUN_MODE 1804 reported for speech
Jan 01 00:00:33.221    5 10000     0 00:00:32.862 servicemgr BENCH_Startup 2 5106 [updateDomainState] domain 'sds' state 0x70c
Jan 01 00:00:33.279    5 10107   1001 00:00:33.279 MMX BENCH_Startup: [Startup SDS] Phase 2: Speech recognition DSI started.
Jan 01 00:00:33.346    5 10107   1001 00:00:33.345 MMX BENCH_Startup: [Startup SDS] Phase 3: DSI language loading is finished.
Jan 01 00:00:33.377    5 10107   1001 00:00:33.377 MMX BENCH_Startup: [Startup SDS] Phase 5: SDS available!
Jan 01 00:00:33.438    5 10107   1001 00:00:33.437 MMX BENCH_Startup: starting DSI org.dsi.ifc.cardrivingcharacteristics.DSICarDrivingCharacteristics
Jan 01 00:00:33.470    5 10107   1001 00:00:33.470 MMX BENCH_Startup: starting DSI org.dsi.ifc.caraircondition.DSICarAirCondition
Jan 01 00:00:33.555    5 10107   1001 00:00:33.553 MMX BENCH_Startup: starting DSI org.dsi.ifc.carcomfort.DSICarComfort
Jan 01 00:00:33.585    5 10107   1001 00:00:33.585 MMX BENCH_Startup: starting DSI org.dsi.ifc.cardriverassistance.DSICarDriverAssistance
Jan 01 00:00:33.614    5 10107   1001 00:00:33.613 MMX BENCH_Startup: starting DSI org.dsi.ifc.carkombi.DSICarKombi
Jan 01 00:00:33.627    5 10107   1001 00:00:33.625 MMX BENCH_Startup: starting DSI org.dsi.ifc.carlight.DSICarLight
Jan 01 00:00:33.643    5 10107   1001 00:00:33.641 MMX BENCH_Startup: starting DSI org.dsi.ifc.carvehiclestates.DSICarVehicleStates
Jan 01 00:00:33.699    5 10107   1001 00:00:33.698 MMX BENCH_Startup: starting DSI org.dsi.ifc.carparkingsystem.DSICarParkingSystem
Jan 01 00:00:33.707    5 10107   1001 00:00:33.706 MMX BENCH_Startup: starting DSI org.dsi.ifc.carseat.DSICarSeat
Jan 01 00:00:33.710    5 10107   1001 00:00:33.709 MMX BENCH_Startup: starting DSI org.dsi.ifc.careco.DSICarEco
Jan 01 00:00:33.740    5 10107   1001 00:00:33.740 MMX BENCH_Startup: startDomain( Nav, 0xf00 )
Jan 01 00:00:33.756    5 10107   1001 00:00:33.754 MMX BENCH_Startup: StartupManager#updateDomainState(Nav, 0x3840)
Jan 01 00:00:33.954    5 10107   1001 00:00:33.954 MMX BENCH_Startup: Slow storage read: started: 33869 done: 33954 needed: 85 namespace = 1005, key = 10
Jan 01 00:00:33.980    5 10113     1 HB: T=41C, CPU=88%, Free mem=944MB
Jan 01 00:00:34.070    5 10000     0 00:00:33.741 servicemgr BENCH_Startup 2 5132 [startDomain] domain navigation state 0xf00
Jan 01 00:00:34.071    5 10000     0 00:00:33.746 servicemgr BENCH_Startup 2 5137 [SM] APP_RUN_MODE 3840 reported for navigation
Jan 01 00:00:34.072    5 10000     0 00:00:33.747 servicemgr BENCH_Startup 2 5143 [updateDomainState] domain 'navigation' state 0xf00
Jan 01 00:00:34.133    5 10107   1001 00:00:34.133 MMX BENCH_Startup: startDomain( Explorer, 0x4 )
Jan 01 00:00:34.398    5 10000     0 00:00:34.134 servicemgr BENCH_Startup 2 5154 [startDomain] domain explorer state 0x4
Jan 01 00:00:34.400    5 10000     0 00:00:34.135 servicemgr BENCH_Startup 2 5159 [SM] AS_LOADED requested for explorer
Jan 01 00:00:35.570    5 10000     0 00:00:35.221 servicemgr BENCH_Startup 2 5173 [SM] AS_LOADED reported for explorer
Jan 01 00:00:35.631    5 10000     0 00:00:35.381 servicemgr BENCH_Startup 2 5179 [SM] AS_INITIALIZING reported for explorer
Jan 01 00:00:35.832    5 10107   1001 00:00:35.832 MMX BENCH_Startup: StartupManager#updateDomainState(Explorer, 0x6)
Jan 01 00:00:35.892    5 10000     0 00:00:35.646 servicemgr BENCH_Startup 2 5191 [SM] AS_INITIALIZED reported for explorer
Jan 01 00:00:35.893    5 10000     0 00:00:35.830 servicemgr BENCH_Startup 2 5194 [SM] AS_RUNNING reported for explorer
Jan 01 00:00:35.893    5 10000     0 00:00:35.830 servicemgr BENCH_Startup 2 5201 [updateDomainState] domain 'explorer' state 0x4
Jan 01 00:00:35.894    5 10000     0 00:00:35.830 servicemgr BENCH_Startup 2 5203 [SM] IS_RUNNING reported for explorer
Jan 01 00:00:36.232    5 10107   1001 00:00:36.231 MMX BENCH_Startup: Addressbook available
Jan 01 00:00:36.346    5 10107   1001 00:00:36.346 MMX BENCH_Startup: [RADIO] startDSIService(DSIAMFMTuner)
Jan 01 00:00:36.352    5 10107   1001 00:00:36.351 MMX BENCH_Startup: [RADIO] startDSIService(DSITunerAnnouncement)
Jan 01 00:00:36.388    5 10107   1001 00:00:36.388 MMX BENCH_Startup: [RADIO] [EXECUTE] DSIRegisteredCmd( de.audi.tuner.app.amfm.AMFMTuner )
Jan 01 00:00:36.388    5 10107   1001 00:00:36.388 MMX BENCH_Startup: [RADIO] [FINISH]  DSIRegisteredCmd( de.audi.tuner.app.amfm.AMFMTuner )
Jan 01 00:00:36.389    5 10107   1001 00:00:36.389 MMX BENCH_Startup: [RADIO] [EXECUTE] WaitAMFMTunerReadyCmd
Jan 01 00:00:36.393    5 10107   1001 00:00:36.393 MMX BENCH_Startup: [RADIO] startDSIService(DSISearchDataProvider)
Jan 01 00:00:36.408    5 10107   1001 00:00:36.408 MMX BENCH_Startup: [RADIO] [FINISH]  WaitAMFMTunerReadyCmd
Jan 01 00:00:36.416    5 10107   1001 00:00:36.415 MMX BENCH_Startup: startDomain( RadioDataServer, 0x4 )
Jan 01 00:00:36.419    5 10107   1001 00:00:36.419 MMX BENCH_Startup: [RADIO] [EXECUTE] WaitAMAvailableCmd
Jan 01 00:00:36.419    5 10107   1001 00:00:36.419 MMX BENCH_Startup: [RADIO] [FINISH]  WaitAMAvailableCmd
Jan 01 00:00:36.438    5 10107   1001 00:00:36.438 MMX BENCH_Startup: Sender list: FM received
Jan 01 00:00:36.448    5 10107   1001 00:00:36.447 MMX BENCH_Startup: Sender list: AM received
Jan 01 00:00:36.629    5 10000     0 00:00:36.420 servicemgr BENCH_Startup 2 5228 [startDomain] domain radiodataserver state 0x4
Jan 01 00:00:36.631    5 10000     0 00:00:36.422 servicemgr BENCH_Startup 2 5233 [SM] AS_LOADED requested for radiodata
Jan 01 00:00:36.797    5 10107   1001 00:00:36.797 MMX BENCH_Startup: Slow storage read: started: 36667 done: 36797 needed: 130 namespace = 1007, key = 1
Jan 01 00:00:37.171    5 10107   1001 00:00:37.169 MMX BENCH_Startup: [TV] startDSIService(DSISearchDataProvider)
Jan 01 00:00:37.177    5 10107   1001 00:00:37.174 MMX BENCH_Startup: startDomain( Browser, 0xc )
Jan 01 00:00:37.400    5 10000     0 00:00:37.182 servicemgr BENCH_Startup 2 5241 [startDomain] domain browser state 0xc
Jan 01 00:00:37.639    2     5     0 libcam.so (Oct  7 2015 10:55:52) bver 6050003
Jan 01 00:00:37.709    2     5   100 cam-disk.so (Oct  7 2015 10:56:05)
Jan 01 00:00:37.725    5 10107   1001 00:00:37.725 MMX BENCH_Startup: [Startup] CtxShown#updateViewFreeze() - isMapMain: false, isLastmodeNav: false, isLVDSmapVisible: fa [...]
Jan 01 00:00:37.748    4 10256    23 [81945:28][wfd_CheckAndTranslateNativeImage:1601]TRANSLATED pNativeImage=0x001ad738 [width=1440, height=542, format=8, usage=0x0000002f, size=0x002fd000, paddr=0xfc500000, strides=[5760 0], vaddr=0x29900000, planar_offsets=[0x00000000 0x00000000 0x00000000]], devaddr=0x01000000
Jan 01 00:00:37.835    5 10000     0 00:00:37.437 servicemgr BENCH_Startup 2 5251 [SM] AS_LOADED reported for radiodata
Jan 01 00:00:37.835    5 10000     0 00:00:37.455 servicemgr BENCH_Startup 2 5257 [SM] AS_INITIALIZING reported for radiodata
Jan 01 00:00:37.924    5 10107   1001 00:00:37.924 MMX BENCH_Startup: [Startup] CtxShown#updateViewFreeze() - isMapMain: true, isLastmodeNav: false, isLVDSmapVisible: fal [...]
Jan 01 00:00:37.944    5 10107   1001 00:00:37.944 MMX BENCH_Startup: OperationManager#taskCompleted( TASK_MAP_FIRST_DRAW )
Jan 01 00:00:37.946    5 10107   1001 00:00:37.945 MMX BENCH_Startup: OperationManager#setMapInitialized( true )
Jan 01 00:00:37.950    5 10107   1001 00:00:37.949 MMX BENCH_Startup: OperationManager#checkFullyOperableState() - priorFullyOperable: false, currentFullyOperable: true,  [...]
Jan 01 00:00:37.959    5 10107   1001 00:00:37.958 MMX BENCH_Startup: OperationManager#checkFullyOperableState - navigation is operable
Jan 01 00:00:38.229    5 10107   1001 00:00:38.228 MMX BENCH_Startup: StartupManager#updateDomainState(RadioDataServer, 0x6)
Jan 01 00:00:38.438    5 10000     0 00:00:38.203 servicemgr BENCH_Startup 2 5280 [SM] AS_INITIALIZED reported for radiodata
Jan 01 00:00:38.439    5 10000     0 00:00:38.219 servicemgr BENCH_Startup 2 5283 [SM] AS_RUNNING reported for radiodata
Jan 01 00:00:38.440    5 10000     0 00:00:38.221 servicemgr BENCH_Startup 2 5290 [updateDomainState] domain 'radiodataserver' state 0x4
Jan 01 00:00:38.441    5 10000     0 00:00:38.222 servicemgr BENCH_Startup 2 5292 [SM] IS_RUNNING reported for radiodata
Jan 01 00:00:38.441    5 10000     0 00:00:38.222 servicemgr BENCH_Startup 2 5294 [SM] AS_LOADED requested for browser
Jan 01 00:00:38.981    5 10113     1 HB: T=43C, CPU=98%, Free mem=914MB
Jan 01 00:00:38.983    5 10113     1 HB: proc/boot/procnto-smp-instr (1) 20.69%: n/a, n/a, n/a, n/a

Jan 01 00:00:38.984    5 10113     1 HB: sbin/devb-sdmmc-rim-msmsdcc (188434) 15.53%: n/a, n/a, n/a, n/a

Jan 01 00:00:38.990    5 10113     1 HB: ifs/jre/bin/j9 (970804) 13.94%: n/a, n/a, n/a, n/a

Jan 01 00:00:39.000    5 10113     1 HB: ./navigation (2429051) 21.60%: n/a, n/a, n/a, n/a

Jan 01 00:00:39.022    7    15     0 qnet(kif): server_lookup(): invalid scoid 115, 114

Jan 01 00:00:39.520    5 10000     0 00:00:39.295 servicemgr BENCH_Startup 2 5313 [SM] AS_LOADED reported for browser
Jan 01 00:00:39.520    5 10000     0 00:00:39.313 servicemgr BENCH_Startup 2 5319 [SM] AS_INITIALIZING reported for browser
Jan 01 00:00:39.521    5 10000     0 00:00:39.316 servicemgr BENCH_Startup 2 5322 [SM] AS_INITIALIZED reported for browser
Jan 01 00:00:39.585    5     8   100 (name:browser)(pid:5460102)(tid:20) I/Adreno-EGL: <qeglDrvAPI_eglInitialize:379>: EGL 1.4 QUALCOMM Build: 3929146
Jan 01 00:00:39.615    4 10256    23 [81945:34][wfdCreateWFDEGLImagesQNX:1843]CREATED count=2 nativeImages with width=1024, height=480, format=8, usage=0x00000026, flags=0x2, size=0x001e0000, strides=[4096 0]
Jan 01 00:00:39.647    5     8   100 (name:browser)(pid:5460102)(tid:20) E/Adreno-ES20: <rb_context_create:936>: using num_swaps_before_free = 200
Jan 01 00:00:39.648    5     8   100 (name:browser)(pid:5460102)(tid:20) E/Adreno-ES20: <rb_context_create:943>: using aging_ts_threshold = 20
Jan 01 00:00:39.649    5     8   100 (name:browser)(pid:5460102)(tid:23) E/Adreno-ES20: <rb_mem_pool_cleanup_thread:985>: mem_pool thread created 
Jan 01 00:00:39.672    5     8   100 (name:browser)(pid:5460102)(tid:20) E/Adreno-ES20: <api_profiler_control_open:1134>: API TRACE PROFILER: checking control
Jan 01 00:00:39.817    4 10256    23 [81945:34][wfdCreateWFDEGLImagesQNX:1843]CREATED count=3 nativeImages with width=328, height=181, format=8, usage=0x00000026, flags=0x2, size=0x00042000, strides=[1408 0]
Jan 01 00:00:39.892    5     8   100 (name:navigation)(pid:2429051)(tid:130) W/Adreno-ES20: <core_glLineWidth:952>: GL_INVALID_VALUE
Jan 01 00:00:40.046    5 10000     0 00:00:40.046 MMX BENCH_Startup DisplayManager: new window available 19
Jan 01 00:00:40.095    5     8   100 (name:navigation)(pid:2429051)(tid:130) W/Adreno-ES20: <core_glLineWidth:952>: GL_INVALID_VALUE
Jan 01 00:00:40.252    5     8   100 (name:navigation)(pid:2429051)(tid:130) W/Adreno-ES20: <core_glLineWidth:952>: GL_INVALID_VALUE
Jan 01 00:00:40.306    5 10107   1001 00:00:40.306 MMX BENCH_Startup: StartupManager#updateDomainState(Browser, 0x12)
Jan 01 00:00:40.339    5 10000     0 00:00:40.339 MMX BENCH_Startup DisplayManager: new window available 33
Jan 01 00:00:40.460    5     8   100 (name:navigation)(pid:2429051)(tid:130) W/Adreno-ES20: <core_glLineWidth:952>: GL_INVALID_VALUE
Jan 01 00:00:40.564    5 10107   1001 00:00:40.563 MMX BENCH_Startup: startDomain( MediaOnline, 0xc )
Jan 01 00:00:40.565    5 10000     0 00:00:40.302 servicemgr BENCH_Startup 2 5356 [SM] AS_RUNNING reported for browser
Jan 01 00:00:40.565    5 10000     0 00:00:40.302 servicemgr BENCH_Startup 2 5363 [updateDomainState] domain 'browser' state 0xc
Jan 01 00:00:40.565    5 10000     0 00:00:40.302 servicemgr BENCH_Startup 2 5365 [SM] IS_RUNNING reported for browser
Jan 01 00:00:40.672    5     8   100 (name:navigation)(pid:2429051)(tid:130) W/Adreno-ES20: <core_glLineWidth:952>: GL_INVALID_VALUE
Jan 01 00:00:40.835    5 10000     0 00:00:40.564 servicemgr BENCH_Startup 2 5380 [startDomain] domain mediaonline state 0xc
Jan 01 00:00:40.836    5 10000     0 00:00:40.565 servicemgr BENCH_Startup 2 5385 [SM] AS_LOADED requested for mediaonline
Jan 01 00:00:40.878    5     8   100 (name:navigation)(pid:2429051)(tid:130) W/Adreno-ES20: <core_glLineWidth:952>: GL_INVALID_VALUE
Jan 01 00:00:40.910    5 10107   1001 00:00:40.910 MMX BENCH_Startup: StartupManager#updateDomainState(MediaOnline, 0x12)
Jan 01 00:00:40.910    5 10107   1001 00:00:40.910 MMX BENCH_Startup: StartupManager#updateDomainState(MediaOnline, 0x12)
Jan 01 00:00:40.963    5 10107   1001 00:00:40.963 MMX BENCH_Startup: OperationManager#fireTimer( OPStateDebouncer )
Jan 01 00:00:41.059    5 10115     1 00:00:41:059 ARC BENCH_Startup: arc.runtime start
Jan 01 00:00:41.076    5 10115     1 00:00:41:076 ARC BENCH_Startup: arc.runtime finished
Jan 01 00:00:41.083    5     8   100 (name:navigation)(pid:2429051)(tid:130) W/Adreno-ES20: <core_glLineWidth:952>: GL_INVALID_VALUE
Jan 01 00:00:41.090    5 10115     1 00:00:41:089 ARC BENCH_Startup: arc.event start
Jan 01 00:00:41.125    5 10115     1 00:00:41:125 ARC BENCH_Startup: arc.event finished
Jan 01 00:00:41.132    5 10115     1 00:00:41:132 ARC BENCH_Startup: arc.log start
Jan 01 00:00:41.134    5 10115     1 00:00:41:133 ARC BENCH_Startup: arc.log finished
Jan 01 00:00:41.141    5 10115     1 00:00:41:141 ARC BENCH_Startup: service.javalogger start
Jan 01 00:00:41.165    5 10115     1 00:00:41:165 ARC BENCH_Startup: service.javalogger finished
Jan 01 00:00:41.173    5 10115     1 00:00:41:173 ARC BENCH_Startup: arc.persistence start
Jan 01 00:00:41.229    5 10115     1 00:00:41:229 ARC BENCH_Startup: arc.persistence finished
Jan 01 00:00:41.238    5 10115     1 00:00:41:238 ARC BENCH_Startup: lib.util start
Jan 01 00:00:41.279    5 10000     0 00:00:40.880 servicemgr BENCH_Startup 2 5400 [SM] AS_LOADED reported for mediaonline
Jan 01 00:00:41.279    5 10000     0 00:00:40.885 servicemgr BENCH_Startup 2 5406 [SM] AS_INITIALIZING reported for mediaonline
Jan 01 00:00:41.280    5 10000     0 00:00:40.886 servicemgr BENCH_Startup 2 5409 [SM] AS_INITIALIZED reported for mediaonline
Jan 01 00:00:41.280    5 10000     0 00:00:40.905 servicemgr BENCH_Startup 2 5412 [SM] AS_RUNNING reported for mediaonline
Jan 01 00:00:41.280    5 10000     0 00:00:40.906 servicemgr BENCH_Startup 2 5419 [updateDomainState] domain 'mediaonline' state 0xc
Jan 01 00:00:41.280    5 10000     0 00:00:40.906 servicemgr BENCH_Startup 2 5420 [SM] APP_RUN_MODE 12 reported for mediaonline
Jan 01 00:00:41.280    5 10000     0 00:00:40.906 servicemgr BENCH_Startup 2 5422 [SM] IS_RUNNING reported for mediaonline
Jan 01 00:00:41.280    5 10000     0 00:00:40.906 servicemgr BENCH_Startup 2 5426 [updateDomainState] domain 'mediaonline' state 0xc
Jan 01 00:00:41.311    5 10107   1001 00:00:41.311 MMX BENCH_Startup: StartupManager#postStartup() - Inform DSI that HMI is completely started!
Jan 01 00:00:41.344    5 10107   1001 00:00:41.343 MMX BENCH_Startup: StartupFinished#run() - HMI STARTUP FINISHED
Jan 01 00:00:41.344    5 10107   1001 00:00:41.344 MMX BENCH_Startup: StartupFinished#run() - Remove StartupFilter from event queue
Jan 01 00:00:41.506    5 10115     1 00:00:41:506 ARC BENCH_Startup: lib.util finished
Jan 01 00:00:41.513    5 10115     1 00:00:41:512 ARC BENCH_Startup: arc.carcoding start
Jan 01 00:00:41.572    5 10115     1 00:00:41:572 ARC BENCH_Startup: arc.carcoding finished
Jan 01 00:00:41.582    5 10115     1 00:00:41:582 ARC BENCH_Startup: arc.gem start
Jan 01 00:00:41.624    5 10000     0 00:00:41.312 servicemgr BENCH_Startup 2 5449 [startDomain] domain POSTDOMAIN state 0x0
Jan 01 00:00:41.627    5 10000     0 00:00:41.313 servicemgr BENCH_Startup 2 5452 [SM] AS_LOADED requested for voice_encoder_app
Jan 01 00:00:41.675    5 10115     1 00:00:41:668 ARC BENCH_Startup: arc.gem finished
Jan 01 00:00:41.714    5 10115     1 00:00:41:714 ARC BENCH_Startup: arc.jobs start
Jan 01 00:00:41.774    5 10115     1 00:00:41:774 ARC BENCH_Startup: arc.jobs finished
Jan 01 00:00:41.782    5 10115     1 00:00:41:782 ARC BENCH_Startup: arc.net start
Jan 01 00:00:41.783    5 10115     1 00:00:41:783 ARC BENCH_Startup: arc.net finished
Jan 01 00:00:41.790    5 10115     1 00:00:41:790 ARC BENCH_Startup: service.core.time start
Jan 01 00:00:42.057    5 10000     0 00:00:41.658 servicemgr BENCH_Startup 2 5471 [SM] AS_LOADED reported for voice_encoder_app
Jan 01 00:00:42.058    5 10000     0 00:00:41.665 servicemgr BENCH_Startup 2 5477 [SM] AS_INITIALIZING reported for voice_encoder_app
Jan 01 00:00:42.058    5 10000     0 00:00:41.665 servicemgr BENCH_Startup 2 5479 [SM] AS_INITIALIZED reported for voice_encoder_app
Jan 01 00:00:42.058    5 10000     0 00:00:41.681 servicemgr BENCH_Startup 2 5481 [SM] AS_RUNNING reported for voice_encoder_app
Jan 01 00:00:42.058    5 10000     0 00:00:41.681 servicemgr BENCH_Startup 2 5483 [SM] IS_RUNNING reported for voice_encoder_app
Jan 01 00:00:42.837    5 10115     1 00:00:42:836 ARC BENCH_Startup: service.core.time finished
Jan 01 00:00:42.841    5 10115     1 00:00:42:840 ARC BENCH_Startup: arc.ext start
Jan 01 00:00:42.842    5 10115     1 00:00:42:842 ARC BENCH_Startup: arc.ext finished
Jan 01 00:00:42.852    5 10115     1 00:00:42:851 ARC BENCH_Startup: service.core.diagnose start
Jan 01 00:00:43.231    5 16024   167 watchdog[watchdog.c:167]: Kick AP wdog
Jan 01 00:00:43.925    5 10115     1 00:00:43:925 ARC BENCH_Startup: service.core.diagnose finished
Jan 01 00:00:43.944    5 10115     1 00:00:43:944 ARC BENCH_Startup: arc.update start
Jan 01 00:00:44.256    5 10115     1 00:00:44:255 ARC BENCH_Startup: arc.update finished
Jan 01 00:00:44.261    5 10115     1 00:00:44:261 ARC BENCH_Startup: arc.certificateswapper start
Jan 01 00:00:44.267    5 10115     1 00:00:44:267 ARC BENCH_Startup: arc.certificateswapper finished
Jan 01 00:00:44.305    5 10115     1 00:00:44:305 ARC BENCH_Startup: de.audi.remotehmi start
Jan 01 00:00:44.764    5 10115     1 00:00:44:764 ARC BENCH_Startup: de.audi.remotehmi finished
Jan 01 00:00:44.777    5 10115     1 00:00:44:777 ARC BENCH_Startup: service.core.proxy start
Jan 01 00:00:44.790    5 10115     1 00:00:44:790 ARC BENCH_Startup: service.core.proxy finished
Jan 01 00:00:44.808    5 10115     1 00:00:44:808 ARC BENCH_Startup: service.dsi.destimport start
Jan 01 00:00:44.842    5 10115     1 00:00:44:842 ARC BENCH_Startup: service.dsi.destimport finished
Jan 01 00:00:44.857    5 10115     1 00:00:44:857 ARC BENCH_Startup: service.dsi.onlinedictation start
Jan 01 00:00:44.879    5 10115     1 00:00:44:879 ARC BENCH_Startup: service.dsi.onlinedictation finished
Jan 01 00:00:44.888    5 10115     1 00:00:44:887 ARC BENCH_Startup: service.dsi.onlinetraffic start
Jan 01 00:00:44.909    5 10115     1 00:00:44:909 ARC BENCH_Startup: service.dsi.onlinetraffic finished
Jan 01 00:00:44.914    5 10115     1 00:00:44:913 ARC BENCH_Startup: service.dsi.operatorCall start
Jan 01 00:00:44.930    5 10115     1 00:00:44:930 ARC BENCH_Startup: service.dsi.operatorCall finished
Jan 01 00:00:44.946    5 10115     1 00:00:44:946 ARC BENCH_Startup: service.dsi.picnav start
Jan 01 00:00:44.985    5 10115     1 00:00:44:983 ARC BENCH_Startup: service.dsi.picnav finished
Jan 01 00:00:44.994    5 10115     1 00:00:44:993 ARC BENCH_Startup: service.dsi.poi start
Jan 01 00:00:45.006    5 10115     1 00:00:45:006 ARC BENCH_Startup: service.dsi.poi finished
Jan 01 00:00:45.011    5 10115     1 00:00:45:011 ARC BENCH_Startup: service.dsi.tourimport start
Jan 01 00:00:45.026    5 10115     1 00:00:45:025 ARC BENCH_Startup: service.dsi.tourimport finished
Jan 01 00:00:45.033    5 10115     1 00:00:45:033 ARC BENCH_Startup: service.generic.ols start
Jan 01 00:00:45.048    5 10115     1 00:00:45:048 ARC BENCH_Startup: service.generic.ols finished
Jan 01 00:00:45.056    5 10115     1 00:00:45:056 ARC BENCH_Startup: service.http start
Jan 01 00:00:45.092    5 10115     1 00:00:45:092 ARC BENCH_Startup: service.http finished
Jan 01 00:00:45.105    5 10115     1 00:00:45:105 ARC BENCH_Startup: connectednav.mapcare start
Jan 01 00:00:45.154    5 10115     1 00:00:45:154 ARC BENCH_Startup: connectednav.mapcare finished
Jan 01 00:00:45.178    5 10115     1 00:00:45:178 ARC BENCH_Startup: connectednav.regioncounter start
Jan 01 00:00:45.245    5 10115     1 00:00:45:245 ARC BENCH_Startup: connectednav.regioncounter finished
Jan 01 00:00:45.253    5 10115     1 00:00:45:253 ARC BENCH_Startup: service.vehiclehealth start
Jan 01 00:00:45.259    5 10115     1 00:00:45:259 ARC BENCH_Startup: service.vehiclehealth finished
Jan 01 00:00:45.267    5 10115     1 00:00:45:267 ARC BENCH_Startup: service.jobs start
Jan 01 00:00:45.286    5 10115     1 00:00:45:286 ARC BENCH_Startup: service.jobs finished
Jan 01 00:00:45.289    5 10115     1 00:00:45:288 ARC BENCH_Startup: service.core.registration start
Jan 01 00:00:47.201    7    15     0 qnet(kif): server_lookup(): invalid scoid 118, 118

Jan 01 00:00:47.222    5 10115     1 00:00:47:221 ARC BENCH_Startup: service.core.registration finished
Jan 01 00:00:58.979    5 10113     1 HB: T=41C, CPU=41%, Free mem=834MB
Jan 01 00:01:03.233    5 16024   167 watchdog[watchdog.c:167]: Kick AP wdog
Jan 01 00:01:03.758    2    19   1800 Can not find ssid wen

Jan 01 00:01:03.859    5 16013   1459 qcore[dll_utils.c:254]: DLEXEC: Try loading  with global symbols
Jan 01 00:01:03.860    5 16013   1459 qcore[dll_utils.c:309]: DLEXEC: ,  fcn:ClockDebug_DispatchCommand,  args:info top
Jan 01 00:01:04.594    2    19   1800 Can not find ssid wen

Jan 01 00:01:07.804    5 20002     0 devp-iso-mmx[isoTX2]: io_open: id=3, flags=0x00008880
Jan 01 00:01:07.805    5 20002     0 devp-iso-mmx[isoTX2]: io_close: id=3, handle=-1, rcvID=-1
Jan 01 00:01:07.806    5 20002     0 devp-iso-mmx[isoTX1]: io_open: id=3, flags=0x00008880
Jan 01 00:01:07.807    5 20002     0 devp-iso-mmx[isoTX1]: io_close: id=3, handle=-1, rcvID=-1
Jan 01 00:01:07.808    5 20002     0 devp-iso-mmx[isoRX1]: io_open: id=3, flags=0x00008880
Jan 01 00:01:07.809    5 20002     0 devp-iso-mmx[isoRX1]: io_close: id=3, handle=-1, rcvID=-1
Jan 01 00:01:07.810    5 20002     0 devp-iso-mmx[isoRX2]: io_open: id=3, flags=0x00008880
Jan 01 00:01:07.810    5 20002     0 devp-iso-mmx[isoRX2]: io_close: id=3, handle=-1, rcvID=-1
Jan 01 00:01:07.811    5 20002     0 devp-iso-mmx[isoTX2]: io_open: id=2, flags=0x00008880
Jan 01 00:01:07.817    5 20002     0 devp-iso-mmx[isoTX2]: io_close: id=2, handle=0, rcvID=-1
Jan 01 00:01:07.818    5 20002     0 devp-iso-mmx[isoTX1]: io_open: id=2, flags=0x00008880
Jan 01 00:01:07.830    5 20002     0 devp-iso-mmx[isoTX1]: io_close: id=2, handle=0, rcvID=-1
Jan 01 00:01:07.831    5 20002     0 devp-iso-mmx[isoRX1]: io_open: id=2, flags=0x00008880
Jan 01 00:01:07.833    5 20002     0 devp-iso-mmx[isoRX1]: io_close: id=2, handle=0, rcvID=-1
Jan 01 00:01:07.837    5 20002     0 devp-iso-mmx[isoRX2]: io_open: id=2, flags=0x00008880
Jan 01 00:01:07.841    5 20002     0 devp-iso-mmx[isoRX2]: io_close: id=2, handle=0, rcvID=-1
Jan 01 00:01:07.847    5 20002     0 devp-iso-mmx[isoTX2]: io_open: id=1, flags=0x00008880
Jan 01 00:01:07.847    5 20002     0 devp-iso-mmx[isoTX2]: io_close: id=1, handle=-1, rcvID=-1
Jan 01 00:01:07.850    5 20002     0 devp-iso-mmx[isoTX1]: io_open: id=1, flags=0x00008880
Jan 01 00:01:07.850    5 20002     0 devp-iso-mmx[isoTX1]: io_close: id=1, handle=-1, rcvID=-1
Jan 01 00:01:07.851    5 20002     0 devp-iso-mmx[isoRX1]: io_open: id=1, flags=0x00008880
Jan 01 00:01:07.851    5 20002     0 devp-iso-mmx[isoRX1]: io_close: id=1, handle=-1, rcvID=-1
Jan 01 00:01:07.852    5 20002     0 devp-iso-mmx[isoRX2]: io_open: id=1, flags=0x00008880
Jan 01 00:01:07.853    5 20002     0 devp-iso-mmx[isoRX2]: io_close: id=1, handle=-1, rcvID=-1
Jan 01 00:01:07.854    5 20002     0 devp-iso-mmx[isoTX2]: io_open: id=0, flags=0x00008880
Jan 01 00:01:07.855    5 20002     0 devp-iso-mmx[isoTX2]: io_close: id=0, handle=-1, rcvID=-1
Jan 01 00:01:07.856    5 20002     0 devp-iso-mmx[isoTX1]: io_open: id=0, flags=0x00008880
Jan 01 00:01:07.856    5 20002     0 devp-iso-mmx[isoTX1]: io_close: id=0, handle=-1, rcvID=-1
Jan 01 00:01:07.858    5 20002     0 devp-iso-mmx[isoRX1]: io_open: id=0, flags=0x00008880
Jan 01 00:01:07.858    5 20002     0 devp-iso-mmx[isoRX1]: io_close: id=0, handle=-1, rcvID=-1
Jan 01 00:01:07.860    5 20002     0 devp-iso-mmx[isoRX2]: io_open: id=0, flags=0x00008880
Jan 01 00:01:07.860    5 20002     0 devp-iso-mmx[isoRX2]: io_close: id=0, handle=-1, rcvID=-1
Jan 01 00:01:07.911    5     8   100 (name:screen)(pid:81945)(tid:33) E/Adreno-C2D: <c2d_io_open:132>: Open request from PID 18489477

Jan 01 00:01:08.042    5    17     0 io_open for id = a
Jan 01 00:01:08.042    5    17     0 io_close_ocb
Jan 01 00:01:20.120    2    19   1800 Can not find ssid wen

Jan 01 00:01:20.956    2    19   1800 Can not find ssid wen

Jan 01 00:01:23.234    5 16024   167 watchdog[watchdog.c:167]: Kick AP wdog
Jan 01 00:01:36.481    2    19   1800 Can not find ssid wen

Jan 01 00:01:37.316    2    19   1800 Can not find ssid wen

Jan 01 00:01:38.062    5     8   100 (name:j9)(pid:970804)(tid:36) E/Adreno-ES20: <rb_mem_pool_cleanup_thread:998>: got the pulse
Jan 01 00:01:38.324    5    12   100 UL[1200196:3]USB-0.3:0: vid=05ac, did=12a8: Ignore
Jan 01 00:01:38.437    5 10206     0 [SI] connectDevice: id=1, method=[2|CARPLAY |]
Jan 01 00:01:38.447    5    12   100 UL[1298492:3]CMD: start_stack device,2
Jan 01 00:01:38.447    5    12   100 UL[1298492:3]CMD: start_stack error No error
Jan 01 00:01:38.447    5    12   100 UL[1298492:1]Launch /etc/scripts/start_usb_device_stack.sh -n /dev/io-usb/otg_dev
Jan 01 00:01:38.453    5    12   100 UL[1298492:1]Driver /etc/scripts/start_usb_device_stack.sh has pid 22470786
Jan 01 00:01:38.462    6    12   100 UL[1200196:1]Receive PULSE_CODE_DEV_REMOVE 0x0300
Jan 01 00:01:38.470    5 20002     0 devp-iso-mmx[isoTX2]: io_open: id=3, flags=0x00008002
Jan 01 00:01:38.472    5 20002     0 devp-iso-mmx[isoTX2]: DEVCTL:Queue has been flushed. First Packet cleared
Jan 01 00:01:38.476    5 20002     0 devp-iso-mmx[isoTX2]: DEVCTL: START: create queue supporting DMA 32 12032 18 64
Jan 01 00:01:38.487    5 20002     0 devp-iso-mmx[isoTX2]: pcieIpcInitExchangeDataArea()
Jan 01 00:01:38.488    5 20002     0 devp-iso-mmx[isoTX2]: Transmitter Thread started
Jan 01 00:01:38.488    5 20002     0 devp-iso-mmx[isoTX2]: DEVCTL: START: Queue (size: 12032 blocks: 64) and thread created
Jan 01 00:01:38.488    5 20002     0 devp-iso-mmx[isoTX2]:   use DTCP:           no
Jan 01 00:01:38.488    5 20002     0 devp-iso-mmx[isoTX2]:   PacketSizeMOST:     188
Jan 01 00:01:38.489    5 20002     0 devp-iso-mmx[isoTX2]:   NumTSPacketMax:     64
Jan 01 00:01:38.489    5 20002     0 devp-iso-mmx[isoTX2]:   maxQueueSize:       12032
Jan 01 00:01:38.532    4    12     0 devcfg_usb: state for /devcfg/usb/4 changed from None to On-Device new speed = 0 (usb_driver_fcn:1052)
Jan 01 00:01:38.532    4    12     0 devcfg_usb: state for /devcfg/usb/4 changed from None to On-Device new speed = 0 (usb_driver_fcn:1052)
Jan 01 00:01:38.557    5    12   100 UL[1298492:1]usbdc_detect:252 connected to device usb stack success
Jan 01 00:01:38.564    5    12   100 UL[1298492:1]usbdc_set_descriptors:436 reset device rc 0
Jan 01 00:01:38.571    5    12   100 UL[1298492:1]USB-0.1:0: vid=1a96, did=2018: Detected
Jan 01 00:01:38.572    5    12   100 UL[1298492:1]USB-0.1:0: vid=1a96, did=2018: Launch /armle/usr/sbin/io-otg-cinemo -s /dev/io-usb/otg_dev -lc 212 -v -t 8
Jan 01 00:01:38.578    5    12   100 UL[1298492:1]USB-0.1:0: vid=1a96, did=2018: Driver /armle/usr/sbin/io-otg-cinemo has pid 22499467
Jan 01 00:01:38.581    5    12   100 UL[1298492:1]USB-0.1:1: vid=1a96, did=2018: Launch /etc/scripts/startncm.sh /dev/io-usb/otg_dev carplay io-pkt
Jan 01 00:01:38.587    5 10212     0 io-otg-cinemo INFO: SigHandlerThreadProc() begins
Jan 01 00:01:38.588    5    12   100 UL[1298492:1]USB-0.1:1: vid=1a96, did=2018: Driver /etc/scripts/startncm.sh has pid 22503565
Jan 01 00:01:38.590    5    12   100 UL[1298492:1]USB-0.1:0: vid=1a96, did=2018: bring up link
Jan 01 00:01:38.590    5    12   100 UL[1298492:6]USB-0.1:0: vid=1a96, did=2018: started monitor thread
Jan 01 00:01:38.592    5    12   100 UL[1298492:1]start Device_Stack, pid 22470786: success
Jan 01 00:01:38.619    5    14     0 carplay0
Jan 01 00:01:38.738    7 16304   285 videoCore[ssr_rapi.c:285]: ssrestart_init (rapi) already initialized.
Jan 01 00:01:38.740    5 16013   1459 videoCore[wait.c:43]: [Resource_BlockWait] /dev/mmpm already available !
Jan 01 00:01:38.751    5 10107   1001 00:01:38.750 MMX BENCH_Startup: OperationManager#fireTimer( NavInitializationChecker )
Jan 01 00:01:38.770    5 16303     1 videoCore[smmu_lib.c:388]: Waiting for events from the Server
Jan 01 00:01:38.811    5 16013   1459 vpeCore[wait.c:43]: [Resource_BlockWait] /dev/mmpm already available !
Jan 01 00:01:38.824    5 16303     1 vpeCore[smmu_lib.c:388]: Waiting for events from the Server
Jan 01 00:01:38.832    5 20002     0 devp-iso-mmx[isoTX2]: io_close: id=3, handle=-1, rcvID=-1
Jan 01 00:01:38.839    1 13001     0 qcore[mmpm2_clkmgr.c:373]: [MMPM_LOG_LEVEL_ERROR] MMPM [MmpmClkMgrRelease]: Clock is not requested by the client. coreId = 4 instanceId = 1 clkId = 1 sts = 16 

Jan 01 00:01:38.876    5 20002     0 devp-iso-mmx[isoTX2]: io_open: id=3, flags=0x00008002
Jan 01 00:01:38.883    5 20002     0 devp-iso-mmx[isoTX2]: DEVCTL:Queue has been flushed. First Packet cleared
Jan 01 00:01:38.883    5 20002     0 devp-iso-mmx[isoTX2]: DEVCTL: START: Max queue size set to 12032 (64 blocks)
Jan 01 00:01:38.896    5 16013   1459 videoCore[wait.c:43]: [Resource_BlockWait] /dev/mmpm already available !
Jan 01 00:01:38.909    5 16303     1 videoCore[smmu_lib.c:388]: Waiting for events from the Server
Jan 01 00:01:38.930    5 16013   1459 vpeCore[wait.c:43]: [Resource_BlockWait] /dev/mmpm already available !
Jan 01 00:01:38.937    5 16303     1 vpeCore[smmu_lib.c:388]: Waiting for events from the Server
Jan 01 00:01:38.944    5 20002     0 devp-iso-mmx[isoTX2]: io_close: id=3, handle=-1, rcvID=-1
Jan 01 00:01:38.952    1 13001     0 qcore[mmpm2_clkmgr.c:373]: [MMPM_LOG_LEVEL_ERROR] MMPM [MmpmClkMgrRelease]: Clock is not requested by the client. coreId = 4 instanceId = 1 clkId = 1 sts = 16 

Jan 01 00:01:38.978    5 20002     0 devp-iso-mmx[isoTX2]: io_open: id=3, flags=0x00008002
Jan 01 00:01:38.981    5 20002     0 devp-iso-mmx[isoTX2]: DEVCTL:Queue has been flushed. First Packet cleared
Jan 01 00:01:38.981    5 20002     0 devp-iso-mmx[isoTX2]: DEVCTL: START: Max queue size set to 12032 (64 blocks)
Jan 01 00:01:38.996    5 16013   1459 videoCore[wait.c:43]: [Resource_BlockWait] /dev/mmpm already available !
Jan 01 00:01:39.010    5 16303     1 videoCore[smmu_lib.c:388]: Waiting for events from the Server
Jan 01 00:01:39.030    5 16013   1459 vpeCore[wait.c:43]: [Resource_BlockWait] /dev/mmpm already available !
Jan 01 00:01:39.035    5 16303     1 vpeCore[smmu_lib.c:388]: Waiting for events from the Server
Jan 01 00:01:39.043    5 20002     0 devp-iso-mmx[isoTX2]: io_close: id=3, handle=-1, rcvID=-1
Jan 01 00:01:39.051    1 13001     0 qcore[mmpm2_clkmgr.c:373]: [MMPM_LOG_LEVEL_ERROR] MMPM [MmpmClkMgrRelease]: Clock is not requested by the client. coreId = 4 instanceId = 1 clkId = 1 sts = 16 

Jan 01 00:01:39.076    5    12   100 UL[1298492:4]USB-0.1:0: vid=1a96, did=2018: Device reset
Jan 01 00:01:39.086    5 20002     0 devp-iso-mmx[isoTX2]: io_open: id=3, flags=0x00008002
Jan 01 00:01:39.091    5 20002     0 devp-iso-mmx[isoTX2]: DEVCTL:Queue has been flushed. First Packet cleared
Jan 01 00:01:39.092    5 20002     0 devp-iso-mmx[isoTX2]: DEVCTL: START: Max queue size set to 12032 (64 blocks)
Jan 01 00:01:39.108    5 16013   1459 videoCore[wait.c:43]: [Resource_BlockWait] /dev/mmpm already available !
Jan 01 00:01:39.123    5 16303     1 videoCore[smmu_lib.c:388]: Waiting for events from the Server
Jan 01 00:01:39.152    5 10212     0 io-otg-cinemo INFO: AttachToPipes succeeded
Jan 01 00:01:39.152    5    12   100 UL[1298492:4]USB-0.1:0: vid=1a96, did=2018: Device configured iface 0
Jan 01 00:01:39.152    5 10212     0 io-otg-cinemo INFO: g_otg.hostConfigured = true
Jan 01 00:01:39.160    5 16013   1459 vpeCore[wait.c:43]: [Resource_BlockWait] /dev/mmpm already available !
Jan 01 00:01:39.172    5 16303     1 vpeCore[smmu_lib.c:388]: Waiting for events from the Server
Jan 01 00:01:39.183    5 20002     0 devp-iso-mmx[isoTX2]: io_close: id=3, handle=-1, rcvID=-1
Jan 01 00:01:39.193    1 13001     0 qcore[mmpm2_clkmgr.c:373]: [MMPM_LOG_LEVEL_ERROR] MMPM [MmpmClkMgrRelease]: Clock is not requested by the client. coreId = 4 instanceId = 1 clkId = 1 sts = 16 

Jan 01 00:01:39.228    5 20002     0 devp-iso-mmx[isoTX2]: io_open: id=3, flags=0x00008002
Jan 01 00:01:39.233    5 20002     0 devp-iso-mmx[isoTX2]: DEVCTL:Queue has been flushed. First Packet cleared
Jan 01 00:01:39.233    5 20002     0 devp-iso-mmx[isoTX2]: DEVCTL: START: Max queue size set to 12032 (64 blocks)
Jan 01 00:01:39.256    5 16013   1459 videoCore[wait.c:43]: [Resource_BlockWait] /dev/mmpm already available !
Jan 01 00:01:39.273    5 16303     1 videoCore[smmu_lib.c:388]: Waiting for events from the Server
Jan 01 00:01:39.303    5 16013   1459 vpeCore[wait.c:43]: [Resource_BlockWait] /dev/mmpm already available !
Jan 01 00:01:39.314    5 16303     1 vpeCore[smmu_lib.c:388]: Waiting for events from the Server
Jan 01 00:01:39.324    5 20002     0 devp-iso-mmx[isoTX2]: io_close: id=3, handle=-1, rcvID=-1
Jan 01 00:01:39.334    1 13001     0 qcore[mmpm2_clkmgr.c:373]: [MMPM_LOG_LEVEL_ERROR] MMPM [MmpmClkMgrRelease]: Clock is not requested by the client. coreId = 4 instanceId = 1 clkId = 1 sts = 16 

Jan 01 00:01:39.366    5 20002     0 devp-iso-mmx[isoTX2]: io_open: id=3, flags=0x00008002
Jan 01 00:01:39.373    5 20002     0 devp-iso-mmx[isoTX2]: DEVCTL:Queue has been flushed. First Packet cleared
Jan 01 00:01:39.373    5 20002     0 devp-iso-mmx[isoTX2]: DEVCTL: START: Max queue size set to 12032 (64 blocks)
Jan 01 00:01:39.389    5 16013   1459 videoCore[wait.c:43]: [Resource_BlockWait] /dev/mmpm already available !
Jan 01 00:01:39.404    5 16303     1 videoCore[smmu_lib.c:388]: Waiting for events from the Server
Jan 01 00:01:39.426    5 16013   1459 vpeCore[wait.c:43]: [Resource_BlockWait] /dev/mmpm already available !
Jan 01 00:01:39.432    5 16303     1 vpeCore[smmu_lib.c:388]: Waiting for events from the Server
Jan 01 00:01:39.440    5 20002     0 devp-iso-mmx[isoTX2]: io_close: id=3, handle=-1, rcvID=-1
Jan 01 00:01:39.448    1 13001     0 qcore[mmpm2_clkmgr.c:373]: [MMPM_LOG_LEVEL_ERROR] MMPM [MmpmClkMgrRelease]: Clock is not requested by the client. coreId = 4 instanceId = 1 clkId = 1 sts = 16 

Jan 01 00:01:39.470    5 20002     0 devp-iso-mmx[isoTX2]: io_open: id=3, flags=0x00008002
Jan 01 00:01:39.471    5 20002     0 devp-iso-mmx[isoTX2]: DEVCTL:Queue has been flushed. First Packet cleared
Jan 01 00:01:39.471    5 20002     0 devp-iso-mmx[isoTX2]: DEVCTL: START: Max queue size set to 12032 (64 blocks)
Jan 01 00:01:39.482    5 16013   1459 videoCore[wait.c:43]: [Resource_BlockWait] /dev/mmpm already available !
Jan 01 00:01:39.493    5 16303     1 videoCore[smmu_lib.c:388]: Waiting for events from the Server
Jan 01 00:01:39.513    5 16013   1459 vpeCore[wait.c:43]: [Resource_BlockWait] /dev/mmpm already available !
Jan 01 00:01:39.517    5 16303     1 vpeCore[smmu_lib.c:388]: Waiting for events from the Server
Jan 01 00:01:39.524    5 20002     0 devp-iso-mmx[isoTX2]: io_close: id=3, handle=-1, rcvID=-1
Jan 01 00:01:39.530    1 13001     0 qcore[mmpm2_clkmgr.c:373]: [MMPM_LOG_LEVEL_ERROR] MMPM [MmpmClkMgrRelease]: Clock is not requested by the client. coreId = 4 instanceId = 1 clkId = 1 sts = 16 

Jan 01 00:01:39.553    5 20002     0 devp-iso-mmx[isoTX2]: io_open: id=3, flags=0x00008002
Jan 01 00:01:39.554    5 20002     0 devp-iso-mmx[isoTX2]: DEVCTL:Queue has been flushed. First Packet cleared
Jan 01 00:01:39.555    5 20002     0 devp-iso-mmx[isoTX2]: DEVCTL: START: Max queue size set to 12032 (64 blocks)
Jan 01 00:01:39.569    5 16013   1459 videoCore[wait.c:43]: [Resource_BlockWait] /dev/mmpm already available !
Jan 01 00:01:39.581    5 16303     1 videoCore[smmu_lib.c:388]: Waiting for events from the Server
Jan 01 00:01:39.600    5 16013   1459 vpeCore[wait.c:43]: [Resource_BlockWait] /dev/mmpm already available !
Jan 01 00:01:39.604    5 16303     1 vpeCore[smmu_lib.c:388]: Waiting for events from the Server
Jan 01 00:01:39.610    5 20002     0 devp-iso-mmx[isoTX2]: io_close: id=3, handle=-1, rcvID=-1
Jan 01 00:01:39.615    1 13001     0 qcore[mmpm2_clkmgr.c:373]: [MMPM_LOG_LEVEL_ERROR] MMPM [MmpmClkMgrRelease]: Clock is not requested by the client. coreId = 4 instanceId = 1 clkId = 1 sts = 16 

Jan 01 00:01:39.622    7    15     0 qnet(L4): try_ifp(): ignoring interface carplay0 as per bind option

Jan 01 00:01:39.638    5 20002     0 devp-iso-mmx[isoTX2]: io_open: id=3, flags=0x00008002
Jan 01 00:01:39.640    5 20002     0 devp-iso-mmx[isoTX2]: DEVCTL:Queue has been flushed. First Packet cleared
Jan 01 00:01:39.640    5 20002     0 devp-iso-mmx[isoTX2]: DEVCTL: START: Max queue size set to 12032 (64 blocks)
Jan 01 00:01:39.652    5 16013   1459 videoCore[wait.c:43]: [Resource_BlockWait] /dev/mmpm already available !
Jan 01 00:01:39.663    5 16303     1 videoCore[smmu_lib.c:388]: Waiting for events from the Server
Jan 01 00:01:39.682    5 16013   1459 vpeCore[wait.c:43]: [Resource_BlockWait] /dev/mmpm already available !
Jan 01 00:01:39.687    5 16303     1 vpeCore[smmu_lib.c:388]: Waiting for events from the Server
Jan 01 00:01:39.694    5 20002     0 devp-iso-mmx[isoTX2]: io_close: id=3, handle=-1, rcvID=-1
Jan 01 00:01:39.701    1 13001     0 qcore[mmpm2_clkmgr.c:373]: [MMPM_LOG_LEVEL_ERROR] MMPM [MmpmClkMgrRelease]: Clock is not requested by the client. coreId = 4 instanceId = 1 clkId = 1 sts = 16 

Jan 01 00:01:39.726    5 20002     0 devp-iso-mmx[isoTX2]: io_open: id=3, flags=0x00008002
Jan 01 00:01:39.727    5 20002     0 devp-iso-mmx[isoTX2]: DEVCTL:Queue has been flushed. First Packet cleared
Jan 01 00:01:39.728    5 20002     0 devp-iso-mmx[isoTX2]: DEVCTL: START: Max queue size set to 12032 (64 blocks)
Jan 01 00:01:39.740    5 16013   1459 videoCore[wait.c:43]: [Resource_BlockWait] /dev/mmpm already available !
Jan 01 00:01:39.752    5 16303     1 videoCore[smmu_lib.c:388]: Waiting for events from the Server
Jan 01 00:01:39.771    5 16013   1459 vpeCore[wait.c:43]: [Resource_BlockWait] /dev/mmpm already available !
Jan 01 00:01:39.776    5 16303     1 vpeCore[smmu_lib.c:388]: Waiting for events from the Server
Jan 01 00:01:39.784    5 20002     0 devp-iso-mmx[isoTX2]: io_close: id=3, handle=-1, rcvID=-1
Jan 01 00:01:39.791    1 13001     0 qcore[mmpm2_clkmgr.c:373]: [MMPM_LOG_LEVEL_ERROR] MMPM [MmpmClkMgrRelease]: Clock is not requested by the client. coreId = 4 instanceId = 1 clkId = 1 sts = 16 

Jan 01 00:01:39.815    5 20002     0 devp-iso-mmx[isoTX2]: io_open: id=3, flags=0x00008002
Jan 01 00:01:39.815    5 20002     0 devp-iso-mmx[isoTX2]: DEVCTL:Queue has been flushed. First Packet cleared
Jan 01 00:01:39.816    5 20002     0 devp-iso-mmx[isoTX2]: DEVCTL: START: Max queue size set to 12032 (64 blocks)
Jan 01 00:01:39.829    5 16013   1459 videoCore[wait.c:43]: [Resource_BlockWait] /dev/mmpm already available !
Jan 01 00:01:39.841    5 16303     1 videoCore[smmu_lib.c:388]: Waiting for events from the Server
Jan 01 00:01:39.861    5 16013   1459 vpeCore[wait.c:43]: [Resource_BlockWait] /dev/mmpm already available !
Jan 01 00:01:39.865    5 16303     1 vpeCore[smmu_lib.c:388]: Waiting for events from the Server
Jan 01 00:01:39.871    5 20002     0 devp-iso-mmx[isoTX2]: io_close: id=3, handle=-1, rcvID=-1
Jan 01 00:01:39.878    1 13001     0 qcore[mmpm2_clkmgr.c:373]: [MMPM_LOG_LEVEL_ERROR] MMPM [MmpmClkMgrRelease]: Clock is not requested by the client. coreId = 4 instanceId = 1 clkId = 1 sts = 16 

Jan 01 00:01:39.900    5 20002     0 devp-iso-mmx[isoTX2]: io_open: id=3, flags=0x00008002
Jan 01 00:01:39.901    5 20002     0 devp-iso-mmx[isoTX2]: DEVCTL:Queue has been flushed. First Packet cleared
Jan 01 00:01:39.901    5 20002     0 devp-iso-mmx[isoTX2]: DEVCTL: START: Max queue size set to 12032 (64 blocks)
Jan 01 00:01:39.914    5 16013   1459 videoCore[wait.c:43]: [Resource_BlockWait] /dev/mmpm already available !
Jan 01 00:01:39.927    5 16303     1 videoCore[smmu_lib.c:388]: Waiting for events from the Server
Jan 01 00:01:39.947    5 16013   1459 vpeCore[wait.c:43]: [Resource_BlockWait] /dev/mmpm already available !
Jan 01 00:01:39.951    5 16303     1 vpeCore[smmu_lib.c:388]: Waiting for events from the Server
Jan 01 00:01:39.958    5 20002     0 devp-iso-mmx[isoTX2]: io_close: id=3, handle=-1, rcvID=-1
Jan 01 00:01:39.966    1 13001     0 qcore[mmpm2_clkmgr.c:373]: [MMPM_LOG_LEVEL_ERROR] MMPM [MmpmClkMgrRelease]: Clock is not requested by the client. coreId = 4 instanceId = 1 clkId = 1 sts = 16 

Jan 01 00:01:39.991    5 20002     0 devp-iso-mmx[isoTX2]: io_open: id=3, flags=0x00008002
Jan 01 00:01:39.992    5 20002     0 devp-iso-mmx[isoTX2]: DEVCTL:Queue has been flushed. First Packet cleared
Jan 01 00:01:39.993    5 20002     0 devp-iso-mmx[isoTX2]: DEVCTL: START: Max queue size set to 12032 (64 blocks)
Jan 01 00:01:40.007    5 16013   1459 videoCore[wait.c:43]: [Resource_BlockWait] /dev/mmpm already available !
Jan 01 00:01:40.019    5 16303     1 videoCore[smmu_lib.c:388]: Waiting for events from the Server
Jan 01 00:01:40.038    5 16013   1459 vpeCore[wait.c:43]: [Resource_BlockWait] /dev/mmpm already available !
Jan 01 00:01:40.042    5 16303     1 vpeCore[smmu_lib.c:388]: Waiting for events from the Server
Jan 01 00:01:40.047    5 20002     0 devp-iso-mmx[isoTX2]: io_close: id=3, handle=-1, rcvID=-1
Jan 01 00:01:40.054    1 13001     0 qcore[mmpm2_clkmgr.c:373]: [MMPM_LOG_LEVEL_ERROR] MMPM [MmpmClkMgrRelease]: Clock is not requested by the client. coreId = 4 instanceId = 1 clkId = 1 sts = 16 

Jan 01 00:01:40.082    5 20002     0 devp-iso-mmx[isoTX2]: io_open: id=3, flags=0x00008002
Jan 01 00:01:40.083    5 20002     0 devp-iso-mmx[isoTX2]: DEVCTL:Queue has been flushed. First Packet cleared
Jan 01 00:01:40.083    5 20002     0 devp-iso-mmx[isoTX2]: DEVCTL: START: Max queue size set to 12032 (64 blocks)
Jan 01 00:01:40.095    5 16013   1459 videoCore[wait.c:43]: [Resource_BlockWait] /dev/mmpm already available !
Jan 01 00:01:40.108    5 16303     1 videoCore[smmu_lib.c:388]: Waiting for events from the Server
Jan 01 00:01:40.129    5 16013   1459 vpeCore[wait.c:43]: [Resource_BlockWait] /dev/mmpm already available !
Jan 01 00:01:40.134    5 16303     1 vpeCore[smmu_lib.c:388]: Waiting for events from the Server
Jan 01 00:01:40.141    5 20002     0 devp-iso-mmx[isoTX2]: io_close: id=3, handle=-1, rcvID=-1
Jan 01 00:01:40.148    1 13001     0 qcore[mmpm2_clkmgr.c:373]: [MMPM_LOG_LEVEL_ERROR] MMPM [MmpmClkMgrRelease]: Clock is not requested by the client. coreId = 4 instanceId = 1 clkId = 1 sts = 16 

Jan 01 00:01:40.172    5 20002     0 devp-iso-mmx[isoTX2]: io_open: id=3, flags=0x00008002
Jan 01 00:01:40.173    5 20002     0 devp-iso-mmx[isoTX2]: DEVCTL:Queue has been flushed. First Packet cleared
Jan 01 00:01:40.173    5 20002     0 devp-iso-mmx[isoTX2]: DEVCTL: START: Max queue size set to 12032 (64 blocks)
Jan 01 00:01:40.187    5 16013   1459 videoCore[wait.c:43]: [Resource_BlockWait] /dev/mmpm already available !
Jan 01 00:01:40.202    5 16303     1 videoCore[smmu_lib.c:388]: Waiting for events from the Server
Jan 01 00:01:40.219    5 16013   1459 vpeCore[wait.c:43]: [Resource_BlockWait] /dev/mmpm already available !
Jan 01 00:01:40.224    5 16303     1 vpeCore[smmu_lib.c:388]: Waiting for events from the Server
Jan 01 00:01:40.229    5 20002     0 devp-iso-mmx[isoTX2]: io_close: id=3, handle=-1, rcvID=-1
Jan 01 00:01:40.234    1 13001     0 qcore[mmpm2_clkmgr.c:373]: [MMPM_LOG_LEVEL_ERROR] MMPM [MmpmClkMgrRelease]: Clock is not requested by the client. coreId = 4 instanceId = 1 clkId = 1 sts = 16 

Jan 01 00:01:40.256    5 20002     0 devp-iso-mmx[isoTX2]: io_open: id=3, flags=0x00008002
Jan 01 00:01:40.257    5 20002     0 devp-iso-mmx[isoTX2]: DEVCTL:Queue has been flushed. First Packet cleared
Jan 01 00:01:40.258    5 20002     0 devp-iso-mmx[isoTX2]: DEVCTL: START: Max queue size set to 12032 (64 blocks)
Jan 01 00:01:40.268    5 16013   1459 videoCore[wait.c:43]: [Resource_BlockWait] /dev/mmpm already available !
Jan 01 00:01:40.278    5 16303     1 videoCore[smmu_lib.c:388]: Waiting for events from the Server
Jan 01 00:01:40.296    5 16013   1459 vpeCore[wait.c:43]: [Resource_BlockWait] /dev/mmpm already available !
Jan 01 00:01:40.300    5 16303     1 vpeCore[smmu_lib.c:388]: Waiting for events from the Server
Jan 01 00:01:40.305    5 20002     0 devp-iso-mmx[isoTX2]: io_close: id=3, handle=-1, rcvID=-1
Jan 01 00:01:40.310    1 13001     0 qcore[mmpm2_clkmgr.c:373]: [MMPM_LOG_LEVEL_ERROR] MMPM [MmpmClkMgrRelease]: Clock is not requested by the client. coreId = 4 instanceId = 1 clkId = 1 sts = 16 

Jan 01 00:01:40.334    5 20002     0 devp-iso-mmx[isoTX2]: io_open: id=3, flags=0x00008002
Jan 01 00:01:40.337    5 20002     0 devp-iso-mmx[isoTX2]: DEVCTL:Queue has been flushed. First Packet cleared
Jan 01 00:01:40.338    5 20002     0 devp-iso-mmx[isoTX2]: DEVCTL: START: Max queue size set to 12032 (64 blocks)
Jan 01 00:01:40.352    5 16013   1459 videoCore[wait.c:43]: [Resource_BlockWait] /dev/mmpm already available !
Jan 01 00:01:40.367    5 16303     1 videoCore[smmu_lib.c:388]: Waiting for events from the Server
Jan 01 00:01:40.385    5 16013   1459 vpeCore[wait.c:43]: [Resource_BlockWait] /dev/mmpm already available !
Jan 01 00:01:40.392    5 16303     1 vpeCore[smmu_lib.c:388]: Waiting for events from the Server
Jan 01 00:01:40.400    5 20002     0 devp-iso-mmx[isoTX2]: io_close: id=3, handle=-1, rcvID=-1
Jan 01 00:01:40.408    1 13001     0 qcore[mmpm2_clkmgr.c:373]: [MMPM_LOG_LEVEL_ERROR] MMPM [MmpmClkMgrRelease]: Clock is not requested by the client. coreId = 4 instanceId = 1 clkId = 1 sts = 16 

Jan 01 00:01:40.434    5 20002     0 devp-iso-mmx[isoTX2]: io_open: id=3, flags=0x00008002
Jan 01 00:01:40.435    5 20002     0 devp-iso-mmx[isoTX2]: DEVCTL:Queue has been flushed. First Packet cleared
Jan 01 00:01:40.436    5 20002     0 devp-iso-mmx[isoTX2]: DEVCTL: START: Max queue size set to 12032 (64 blocks)
Jan 01 00:01:40.449    5 16013   1459 videoCore[wait.c:43]: [Resource_BlockWait] /dev/mmpm already available !
Jan 01 00:01:40.461    5 16303     1 videoCore[smmu_lib.c:388]: Waiting for events from the Server
Jan 01 00:01:40.479    5 16013   1459 vpeCore[wait.c:43]: [Resource_BlockWait] /dev/mmpm already available !
Jan 01 00:01:40.485    5 16303     1 vpeCore[smmu_lib.c:388]: Waiting for events from the Server
Jan 01 00:01:40.493    5 20002     0 devp-iso-mmx[isoTX2]: io_close: id=3, handle=-1, rcvID=-1
Jan 01 00:01:40.502    1 13001     0 qcore[mmpm2_clkmgr.c:373]: [MMPM_LOG_LEVEL_ERROR] MMPM [MmpmClkMgrRelease]: Clock is not requested by the client. coreId = 4 instanceId = 1 clkId = 1 sts = 16 

Jan 01 00:01:40.526    5 20002     0 devp-iso-mmx[isoTX2]: io_open: id=3, flags=0x00008002
Jan 01 00:01:40.527    5 20002     0 devp-iso-mmx[isoTX2]: DEVCTL:Queue has been flushed. First Packet cleared
Jan 01 00:01:40.527    5 20002     0 devp-iso-mmx[isoTX2]: DEVCTL: START: Max queue size set to 12032 (64 blocks)
Jan 01 00:01:40.541    5 16013   1459 videoCore[wait.c:43]: [Resource_BlockWait] /dev/mmpm already available !
Jan 01 00:01:40.554    5 16303     1 videoCore[smmu_lib.c:388]: Waiting for events from the Server
Jan 01 00:01:40.574    5 16013   1459 vpeCore[wait.c:43]: [Resource_BlockWait] /dev/mmpm already available !
Jan 01 00:01:40.580    5 16303     1 vpeCore[smmu_lib.c:388]: Waiting for events from the Server
Jan 01 00:01:40.586    5 20002     0 devp-iso-mmx[isoTX2]: io_close: id=3, handle=-1, rcvID=-1
Jan 01 00:01:40.594    1 13001     0 qcore[mmpm2_clkmgr.c:373]: [MMPM_LOG_LEVEL_ERROR] MMPM [MmpmClkMgrRelease]: Clock is not requested by the client. coreId = 4 instanceId = 1 clkId = 1 sts = 16 

Jan 01 00:01:40.621    5 20002     0 devp-iso-mmx[isoTX2]: io_open: id=3, flags=0x00008002
Jan 01 00:01:40.623    5 20002     0 devp-iso-mmx[isoTX2]: DEVCTL:Queue has been flushed. First Packet cleared
Jan 01 00:01:40.623    5 20002     0 devp-iso-mmx[isoTX2]: DEVCTL: START: Max queue size set to 12032 (64 blocks)
Jan 01 00:01:40.629    7    15     0 qnet(L4): try_ifp(): ignoring interface carplay0 as per bind option

Jan 01 00:01:40.641    5 16013   1459 videoCore[wait.c:43]: [Resource_BlockWait] /dev/mmpm already available !
Jan 01 00:01:40.653    5 16303     1 videoCore[smmu_lib.c:388]: Waiting for events from the Server
Jan 01 00:01:40.671    5 16013   1459 vpeCore[wait.c:43]: [Resource_BlockWait] /dev/mmpm already available !
Jan 01 00:01:40.675    5 16303     1 vpeCore[smmu_lib.c:388]: Waiting for events from the Server
Jan 01 00:01:40.681    5 20002     0 devp-iso-mmx[isoTX2]: io_close: id=3, handle=-1, rcvID=-1
Jan 01 00:01:40.687    1 13001     0 qcore[mmpm2_clkmgr.c:373]: [MMPM_LOG_LEVEL_ERROR] MMPM [MmpmClkMgrRelease]: Clock is not requested by the client. coreId = 4 instanceId = 1 clkId = 1 sts = 16 

Jan 01 00:01:40.710    5 20002     0 devp-iso-mmx[isoTX2]: io_open: id=3, flags=0x00008002
Jan 01 00:01:40.711    5 20002     0 devp-iso-mmx[isoTX2]: DEVCTL:Queue has been flushed. First Packet cleared
Jan 01 00:01:40.712    5 20002     0 devp-iso-mmx[isoTX2]: DEVCTL: START: Max queue size set to 12032 (64 blocks)
Jan 01 00:01:40.722    5 16013   1459 videoCore[wait.c:43]: [Resource_BlockWait] /dev/mmpm already available !
Jan 01 00:01:40.733    5 16303     1 videoCore[smmu_lib.c:388]: Waiting for events from the Server
Jan 01 00:01:40.753    5 16013   1459 vpeCore[wait.c:43]: [Resource_BlockWait] /dev/mmpm already available !
Jan 01 00:01:40.758    5 16303     1 vpeCore[smmu_lib.c:388]: Waiting for events from the Server
Jan 01 00:01:40.765    5 20002     0 devp-iso-mmx[isoTX2]: io_close: id=3, handle=-1, rcvID=-1
Jan 01 00:01:40.774    1 13001     0 qcore[mmpm2_clkmgr.c:373]: [MMPM_LOG_LEVEL_ERROR] MMPM [MmpmClkMgrRelease]: Clock is not requested by the client. coreId = 4 instanceId = 1 clkId = 1 sts = 16 

Jan 01 00:01:40.796    5 20002     0 devp-iso-mmx[isoTX2]: io_open: id=3, flags=0x00008002
Jan 01 00:01:40.797    5 20002     0 devp-iso-mmx[isoTX2]: DEVCTL:Queue has been flushed. First Packet cleared
Jan 01 00:01:40.797    5 20002     0 devp-iso-mmx[isoTX2]: DEVCTL: START: Max queue size set to 12032 (64 blocks)
Jan 01 00:01:40.812    5 16013   1459 videoCore[wait.c:43]: [Resource_BlockWait] /dev/mmpm already available !
Jan 01 00:01:40.823    5 16303     1 videoCore[smmu_lib.c:388]: Waiting for events from the Server
Jan 01 00:01:40.844    5 16013   1459 vpeCore[wait.c:43]: [Resource_BlockWait] /dev/mmpm already available !
Jan 01 00:01:40.847    5 16303     1 vpeCore[smmu_lib.c:388]: Waiting for events from the Server
Jan 01 00:01:40.853    5 20002     0 devp-iso-mmx[isoTX2]: io_close: id=3, handle=-1, rcvID=-1
Jan 01 00:01:40.858    1 13001     0 qcore[mmpm2_clkmgr.c:373]: [MMPM_LOG_LEVEL_ERROR] MMPM [MmpmClkMgrRelease]: Clock is not requested by the client. coreId = 4 instanceId = 1 clkId = 1 sts = 16 

Jan 01 00:01:40.880    5 20002     0 devp-iso-mmx[isoTX2]: io_open: id=3, flags=0x00008002
Jan 01 00:01:40.881    5 20002     0 devp-iso-mmx[isoTX2]: DEVCTL:Queue has been flushed. First Packet cleared
Jan 01 00:01:40.882    5 20002     0 devp-iso-mmx[isoTX2]: DEVCTL: START: Max queue size set to 12032 (64 blocks)
Jan 01 00:01:40.894    5 16013   1459 videoCore[wait.c:43]: [Resource_BlockWait] /dev/mmpm already available !
Jan 01 00:01:40.905    5 16303     1 videoCore[smmu_lib.c:388]: Waiting for events from the Server
Jan 01 00:01:40.923    5 16013   1459 vpeCore[wait.c:43]: [Resource_BlockWait] /dev/mmpm already available !
Jan 01 00:01:40.928    5 16303     1 vpeCore[smmu_lib.c:388]: Waiting for events from the Server
Jan 01 00:01:40.936    5 20002     0 devp-iso-mmx[isoTX2]: io_close: id=3, handle=-1, rcvID=-1
Jan 01 00:01:40.941    1 13001     0 qcore[mmpm2_clkmgr.c:373]: [MMPM_LOG_LEVEL_ERROR] MMPM [MmpmClkMgrRelease]: Clock is not requested by the client. coreId = 4 instanceId = 1 clkId = 1 sts = 16 

Jan 01 00:01:40.969    5 20002     0 devp-iso-mmx[isoTX2]: io_open: id=3, flags=0x00008002
Jan 01 00:01:40.974    5 20002     0 devp-iso-mmx[isoTX2]: DEVCTL:Queue has been flushed. First Packet cleared
Jan 01 00:01:40.974    5 20002     0 devp-iso-mmx[isoTX2]: DEVCTL: START: Max queue size set to 12032 (64 blocks)
Jan 01 00:01:40.992    5 16013   1459 videoCore[wait.c:43]: [Resource_BlockWait] /dev/mmpm already available !
Jan 01 00:01:41.006    5 16303     1 videoCore[smmu_lib.c:388]: Waiting for events from the Server
Jan 01 00:01:41.027    5 16013   1459 vpeCore[wait.c:43]: [Resource_BlockWait] /dev/mmpm already available !
Jan 01 00:01:41.031    5 16303     1 vpeCore[smmu_lib.c:388]: Waiting for events from the Server
Jan 01 00:01:41.038    5 20002     0 devp-iso-mmx[isoTX2]: io_close: id=3, handle=-1, rcvID=-1
Jan 01 00:01:41.047    1 13001     0 qcore[mmpm2_clkmgr.c:373]: [MMPM_LOG_LEVEL_ERROR] MMPM [MmpmClkMgrRelease]: Clock is not requested by the client. coreId = 4 instanceId = 1 clkId = 1 sts = 16 

Jan 01 00:01:41.064    5 10208     0 <DIO_MAIN> DIOManagerApp with pid=22470787 started, sleeping on condition...
Jan 01 00:01:41.087    5 20002     0 devp-iso-mmx[isoTX2]: io_open: id=3, flags=0x00008002
Jan 01 00:01:41.090    5 20002     0 devp-iso-mmx[isoTX2]: DEVCTL:Queue has been flushed. First Packet cleared
Jan 01 00:01:41.091    5 20002     0 devp-iso-mmx[isoTX2]: DEVCTL: START: Max queue size set to 12032 (64 blocks)
Jan 01 00:01:41.106    5 16013   1459 videoCore[wait.c:43]: [Resource_BlockWait] /dev/mmpm already available !
Jan 01 00:01:41.118    5 16303     1 videoCore[smmu_lib.c:388]: Waiting for events from the Server
Jan 01 00:01:41.137    5 16013   1459 vpeCore[wait.c:43]: [Resource_BlockWait] /dev/mmpm already available !
Jan 01 00:01:41.145    5 16303     1 vpeCore[smmu_lib.c:388]: Waiting for events from the Server
Jan 01 00:01:41.152    5 20002     0 devp-iso-mmx[isoTX2]: io_close: id=3, handle=-1, rcvID=-1
Jan 01 00:01:41.160    1 13001     0 qcore[mmpm2_clkmgr.c:373]: [MMPM_LOG_LEVEL_ERROR] MMPM [MmpmClkMgrRelease]: Clock is not requested by the client. coreId = 4 instanceId = 1 clkId = 1 sts = 16 

Jan 01 00:01:41.190    5 20002     0 devp-iso-mmx[isoTX2]: io_open: id=3, flags=0x00008002
Jan 01 00:01:41.196    5 20002     0 devp-iso-mmx[isoTX2]: DEVCTL:Queue has been flushed. First Packet cleared
Jan 01 00:01:41.198    5 20002     0 devp-iso-mmx[isoTX2]: DEVCTL: START: Max queue size set to 12032 (64 blocks)
Jan 01 00:01:41.211    5 16013   1459 videoCore[wait.c:43]: [Resource_BlockWait] /dev/mmpm already available !
Jan 01 00:01:41.223    5 16303     1 videoCore[smmu_lib.c:388]: Waiting for events from the Server
Jan 01 00:01:41.253    5 16013   1459 vpeCore[wait.c:43]: [Resource_BlockWait] /dev/mmpm already available !
Jan 01 00:01:41.258    5 16303     1 vpeCore[smmu_lib.c:388]: Waiting for events from the Server
Jan 01 00:01:41.263    5 20002     0 devp-iso-mmx[isoTX2]: io_close: id=3, handle=-1, rcvID=-1
Jan 01 00:01:41.269    1 13001     0 qcore[mmpm2_clkmgr.c:373]: [MMPM_LOG_LEVEL_ERROR] MMPM [MmpmClkMgrRelease]: Clock is not requested by the client. coreId = 4 instanceId = 1 clkId = 1 sts = 16 

Jan 01 00:01:41.295    5 20002     0 devp-iso-mmx[isoTX2]: io_open: id=3, flags=0x00008002
Jan 01 00:01:41.296    5 20002     0 devp-iso-mmx[isoTX2]: DEVCTL:Queue has been flushed. First Packet cleared
Jan 01 00:01:41.296    5 20002     0 devp-iso-mmx[isoTX2]: DEVCTL: START: Max queue size set to 12032 (64 blocks)
Jan 01 00:01:41.310    5 16013   1459 videoCore[wait.c:43]: [Resource_BlockWait] /dev/mmpm already available !
Jan 01 00:01:41.322    5 16303     1 videoCore[smmu_lib.c:388]: Waiting for events from the Server
Jan 01 00:01:41.338    5 16013   1459 vpeCore[wait.c:43]: [Resource_BlockWait] /dev/mmpm already available !
Jan 01 00:01:41.342    5 16303     1 vpeCore[smmu_lib.c:388]: Waiting for events from the Server
Jan 01 00:01:41.347    5 20002     0 devp-iso-mmx[isoTX2]: io_close: id=3, handle=-1, rcvID=-1
Jan 01 00:01:41.352    1 13001     0 qcore[mmpm2_clkmgr.c:373]: [MMPM_LOG_LEVEL_ERROR] MMPM [MmpmClkMgrRelease]: Clock is not requested by the client. coreId = 4 instanceId = 1 clkId = 1 sts = 16 

Jan 01 00:01:41.378    5 20002     0 devp-iso-mmx[isoTX2]: io_open: id=3, flags=0x00008002
Jan 01 00:01:41.379    5 20002     0 devp-iso-mmx[isoTX2]: DEVCTL:Queue has been flushed. First Packet cleared
Jan 01 00:01:41.380    5 20002     0 devp-iso-mmx[isoTX2]: DEVCTL: START: Max queue size set to 12032 (64 blocks)
Jan 01 00:01:41.399    5 16013   1459 videoCore[wait.c:43]: [Resource_BlockWait] /dev/mmpm already available !
Jan 01 00:01:41.416    5 16303     1 videoCore[smmu_lib.c:388]: Waiting for events from the Server
Jan 01 00:01:41 mDNSResponder: mDNSResponder (Engineering Build) starting
Jan 01 00:01:41 mDNSResponder: mDNSPlatformDefaultProbeCountForTypeUnique set to value 0
Jan 01 00:01:41.444    5 16013   1459 vpeCore[wait.c:43]: [Resource_BlockWait] /dev/mmpm already available !
Jan 01 00:01:41.454    5 16303     1 vpeCore[smmu_lib.c:388]: Waiting for events from the Server
Jan 01 00:01:41.467    5 20002     0 devp-iso-mmx[isoTX2]: io_close: id=3, handle=-1, rcvID=-1
Jan 01 00:01:41.478    1 13001     0 qcore[mmpm2_clkmgr.c:373]: [MMPM_LOG_LEVEL_ERROR] MMPM [MmpmClkMgrRelease]: Clock is not requested by the client. coreId = 4 instanceId = 1 clkId = 1 sts = 16 

Jan 01 00:01:41.511    5 20002     0 devp-iso-mmx[isoTX2]: io_open: id=3, flags=0x00008002
Jan 01 00:01:41.513    5 20002     0 devp-iso-mmx[isoTX2]: DEVCTL:Queue has been flushed. First Packet cleared
Jan 01 00:01:41.514    5 20002     0 devp-iso-mmx[isoTX2]: DEVCTL: START: Max queue size set to 12032 (64 blocks)
Jan 01 00:01:41.530    5 16013   1459 videoCore[wait.c:43]: [Resource_BlockWait] /dev/mmpm already available !
Jan 01 00:01:41.549    5 16303     1 videoCore[smmu_lib.c:388]: Waiting for events from the Server
Jan 01 00:01:41 mDNSResponder: Unable to parse DNS server list. Unicast DNS-SD unavailable
Jan 01 00:01:41.581    5 16013   1459 vpeCore[wait.c:43]: [Resource_BlockWait] /dev/mmpm already available !
Jan 01 00:01:41.593    5 16303     1 vpeCore[smmu_lib.c:388]: Waiting for events from the Server
Jan 01 00:01:41 mDNSResponder: WARNING: mdnsd continuing as root because user "nobody" does not exist
Jan 01 00:01:41.603    5 20002     0 devp-iso-mmx[isoTX2]: io_close: id=3, handle=-1, rcvID=-1
Jan 01 00:01:41.615    1 13001     0 qcore[mmpm2_clkmgr.c:373]: [MMPM_LOG_LEVEL_ERROR] MMPM [MmpmClkMgrRelease]: Clock is not requested by the client. coreId = 4 instanceId = 1 clkId = 1 sts = 16 

Jan 01 00:01:41.621    7    15     0 qnet(L4): try_ifp(): ignoring interface carplay0 as per bind option

Jan 01 00:01:41.647    5 20002     0 devp-iso-mmx[isoTX2]: io_open: id=3, flags=0x00008002
Jan 01 00:01:41.651    5 20002     0 devp-iso-mmx[isoTX2]: DEVCTL:Queue has been flushed. First Packet cleared
Jan 01 00:01:41.652    5 20002     0 devp-iso-mmx[isoTX2]: DEVCTL: START: Max queue size set to 12032 (64 blocks)
Jan 01 00:01:41.676    5 16013   1459 videoCore[wait.c:43]: [Resource_BlockWait] /dev/mmpm already available !
Jan 01 00:01:41.692    5 16303     1 videoCore[smmu_lib.c:388]: Waiting for events from the Server
Jan 01 00:01:41.717    5 16013   1459 vpeCore[wait.c:43]: [Resource_BlockWait] /dev/mmpm already available !
Jan 01 00:01:41.723    5 16303     1 vpeCore[smmu_lib.c:388]: Waiting for events from the Server
Jan 01 00:01:41.734    5 20002     0 devp-iso-mmx[isoTX2]: io_close: id=3, handle=-1, rcvID=-1
Jan 01 00:01:41.745    1 13001     0 qcore[mmpm2_clkmgr.c:373]: [MMPM_LOG_LEVEL_ERROR] MMPM [MmpmClkMgrRelease]: Clock is not requested by the client. coreId = 4 instanceId = 1 clkId = 1 sts = 16 

Jan 01 00:01:41.781    5 20002     0 devp-iso-mmx[isoTX2]: io_open: id=3, flags=0x00008002
Jan 01 00:01:41.782    5 20002     0 devp-iso-mmx[isoTX2]: DEVCTL:Queue has been flushed. First Packet cleared
Jan 01 00:01:41.783    5 20002     0 devp-iso-mmx[isoTX2]: DEVCTL: START: Max queue size set to 12032 (64 blocks)
Jan 01 00:01:41.800    5 16013   1459 videoCore[wait.c:43]: [Resource_BlockWait] /dev/mmpm already available !
Jan 01 00:01:41.816    5 16303     1 videoCore[smmu_lib.c:388]: Waiting for events from the Server
Jan 01 00:01:41.844    5 16013   1459 vpeCore[wait.c:43]: [Resource_BlockWait] /dev/mmpm already available !
Jan 01 00:01:41.851    5 16303     1 vpeCore[smmu_lib.c:388]: Waiting for events from the Server
Jan 01 00:01:41.860    5 20002     0 devp-iso-mmx[isoTX2]: io_close: id=3, handle=-1, rcvID=-1
Jan 01 00:01:41.870    1 13001     0 qcore[mmpm2_clkmgr.c:373]: [MMPM_LOG_LEVEL_ERROR] MMPM [MmpmClkMgrRelease]: Clock is not requested by the client. coreId = 4 instanceId = 1 clkId = 1 sts = 16 

Jan 01 00:01:41.907    5 20002     0 devp-iso-mmx[isoTX2]: io_open: id=3, flags=0x00008002
Jan 01 00:01:41.910    5 20002     0 devp-iso-mmx[isoTX2]: DEVCTL:Queue has been flushed. First Packet cleared
Jan 01 00:01:41.910    5 20002     0 devp-iso-mmx[isoTX2]: DEVCTL: START: Max queue size set to 12032 (64 blocks)
Jan 01 00:01:41.925    5 16013   1459 videoCore[wait.c:43]: [Resource_BlockWait] /dev/mmpm already available !
Jan 01 00:01:41.940    5 16303     1 videoCore[smmu_lib.c:388]: Waiting for events from the Server
Jan 01 00:01:41.962    5 16013   1459 vpeCore[wait.c:43]: [Resource_BlockWait] /dev/mmpm already available !
Jan 01 00:01:41.967    5 16303     1 vpeCore[smmu_lib.c:388]: Waiting for events from the Server
Jan 01 00:01:41.972    5 20002     0 devp-iso-mmx[isoTX2]: io_close: id=3, handle=-1, rcvID=-1
Jan 01 00:01:41.980    1 13001     0 qcore[mmpm2_clkmgr.c:373]: [MMPM_LOG_LEVEL_ERROR] MMPM [MmpmClkMgrRelease]: Clock is not requested by the client. coreId = 4 instanceId = 1 clkId = 1 sts = 16 

Jan 01 00:01:42.007    5 20002     0 devp-iso-mmx[isoTX2]: io_open: id=3, flags=0x00008002
Jan 01 00:01:42.008    5 20002     0 devp-iso-mmx[isoTX2]: DEVCTL:Queue has been flushed. First Packet cleared
Jan 01 00:01:42.010    5 20002     0 devp-iso-mmx[isoTX2]: DEVCTL: START: Max queue size set to 12032 (64 blocks)
Jan 01 00:01:42.029    5 16013   1459 videoCore[wait.c:43]: [Resource_BlockWait] /dev/mmpm already available !
Jan 01 00:01:42.044    5 16303     1 videoCore[smmu_lib.c:388]: Waiting for events from the Server
Jan 01 00:01:42.065    5 16013   1459 vpeCore[wait.c:43]: [Resource_BlockWait] /dev/mmpm already available !
Jan 01 00:01:42.070    5 16303     1 vpeCore[smmu_lib.c:388]: Waiting for events from the Server
Jan 01 00:01:42.079    5 20002     0 devp-iso-mmx[isoTX2]: io_close: id=3, handle=-1, rcvID=-1
Jan 01 00:01:42.090    1 13001     0 qcore[mmpm2_clkmgr.c:373]: [MMPM_LOG_LEVEL_ERROR] MMPM [MmpmClkMgrRelease]: Clock is not requested by the client. coreId = 4 instanceId = 1 clkId = 1 sts = 16 

Jan 01 00:01:42.114    5 20002     0 devp-iso-mmx[isoTX2]: io_open: id=3, flags=0x00008002
Jan 01 00:01:42.117    5 20002     0 devp-iso-mmx[isoTX2]: DEVCTL:Queue has been flushed. First Packet cleared
Jan 01 00:01:42.118    5 20002     0 devp-iso-mmx[isoTX2]: DEVCTL: START: Max queue size set to 12032 (64 blocks)
Jan 01 00:01:42.132    5 16013   1459 videoCore[wait.c:43]: [Resource_BlockWait] /dev/mmpm already available !
Jan 01 00:01:42.146    5 16303     1 videoCore[smmu_lib.c:388]: Waiting for events from the Server
Jan 01 00:01:42 mDNSResponder: mDNSPlatformSendUDP got error 250 (Network is down) sending packet to FF02:0000:0000:0000:0000:0000:0000:00FB on interface FE80:0000:0000:0000:0000:22FF:FE44:6688/c
Jan 01 00:01:42.170    5 16013   1459 vpeCore[wait.c:43]: [Resource_BlockWait] /dev/mmpm already available !
Jan 01 00:01:42.177    5 16303     1 vpeCore[smmu_lib.c:388]: Waiting for events from the Server
Jan 01 00:01:42.185    5 20002     0 devp-iso-mmx[isoTX2]: io_close: id=3, handle=-1, rcvID=-1
Jan 01 00:01:42.193    1 13001     0 qcore[mmpm2_clkmgr.c:373]: [MMPM_LOG_LEVEL_ERROR] MMPM [MmpmClkMgrRelease]: Clock is not requested by the client. coreId = 4 instanceId = 1 clkId = 1 sts = 16 

Jan 01 00:01:42.221    5 20002     0 devp-iso-mmx[isoTX2]: io_open: id=3, flags=0x00008002
Jan 01 00:01:42.223    5 20002     0 devp-iso-mmx[isoTX2]: DEVCTL:Queue has been flushed. First Packet cleared
Jan 01 00:01:42.223    5 20002     0 devp-iso-mmx[isoTX2]: DEVCTL: START: Max queue size set to 12032 (64 blocks)
Jan 01 00:01:42.242    5 16013   1459 videoCore[wait.c:43]: [Resource_BlockWait] /dev/mmpm already available !
Jan 01 00:01:42.258    5 16303     1 videoCore[smmu_lib.c:388]: Waiting for events from the Server
Jan 01 00:01:42.284    5 16013   1459 vpeCore[wait.c:43]: [Resource_BlockWait] /dev/mmpm already available !
Jan 01 00:01:42.298    5 16303     1 vpeCore[smmu_lib.c:388]: Waiting for events from the Server
Jan 01 00:01:42.307    5 20002     0 devp-iso-mmx[isoTX2]: io_close: id=3, handle=-1, rcvID=-1
Jan 01 00:01:42.318    1 13001     0 qcore[mmpm2_clkmgr.c:373]: [MMPM_LOG_LEVEL_ERROR] MMPM [MmpmClkMgrRelease]: Clock is not requested by the client. coreId = 4 instanceId = 1 clkId = 1 sts = 16 

Jan 01 00:01:42.343    5 20002     0 devp-iso-mmx[isoTX2]: io_open: id=3, flags=0x00008002
Jan 01 00:01:42.344    5 20002     0 devp-iso-mmx[isoTX2]: DEVCTL:Queue has been flushed. First Packet cleared
Jan 01 00:01:42.345    5 20002     0 devp-iso-mmx[isoTX2]: DEVCTL: START: Max queue size set to 12032 (64 blocks)
Jan 01 00:01:42.357    5 16013   1459 videoCore[wait.c:43]: [Resource_BlockWait] /dev/mmpm already available !
Jan 01 00:01:42.372    5 16303     1 videoCore[smmu_lib.c:388]: Waiting for events from the Server
Jan 01 00:01:42.391    5 16013   1459 vpeCore[wait.c:43]: [Resource_BlockWait] /dev/mmpm already available !
Jan 01 00:01:42.396    5 16303     1 vpeCore[smmu_lib.c:388]: Waiting for events from the Server
Jan 01 00:01:42.403    5 20002     0 devp-iso-mmx[isoTX2]: io_close: id=3, handle=-1, rcvID=-1
Jan 01 00:01:42.410    1 13001     0 qcore[mmpm2_clkmgr.c:373]: [MMPM_LOG_LEVEL_ERROR] MMPM [MmpmClkMgrRelease]: Clock is not requested by the client. coreId = 4 instanceId = 1 clkId = 1 sts = 16 

Jan 01 00:01:42.440    5 20002     0 devp-iso-mmx[isoTX2]: io_open: id=3, flags=0x00008002
Jan 01 00:01:42.441    5 20002     0 devp-iso-mmx[isoTX2]: DEVCTL:Queue has been flushed. First Packet cleared
Jan 01 00:01:42.443    5 20002     0 devp-iso-mmx[isoTX2]: DEVCTL: START: Max queue size set to 12032 (64 blocks)
Jan 01 00:01:42.463    5 16013   1459 videoCore[wait.c:43]: [Resource_BlockWait] /dev/mmpm already available !
Jan 01 00:01:42.476    5 16303     1 videoCore[smmu_lib.c:388]: Waiting for events from the Server
Jan 01 00:01:42.498    5 16013   1459 vpeCore[wait.c:43]: [Resource_BlockWait] /dev/mmpm already available !
Jan 01 00:01:42.505    5 16303     1 vpeCore[smmu_lib.c:388]: Waiting for events from the Server
Jan 01 00:01:42.514    5 20002     0 devp-iso-mmx[isoTX2]: io_close: id=3, handle=-1, rcvID=-1
Jan 01 00:01:42.521    1 13001     0 qcore[mmpm2_clkmgr.c:373]: [MMPM_LOG_LEVEL_ERROR] MMPM [MmpmClkMgrRelease]: Clock is not requested by the client. coreId = 4 instanceId = 1 clkId = 1 sts = 16 

Jan 01 00:01:42.565    5 20002     0 devp-iso-mmx[isoTX2]: io_open: id=3, flags=0x00008002
Jan 01 00:01:42.566    5 20002     0 devp-iso-mmx[isoTX2]: DEVCTL:Queue has been flushed. First Packet cleared
Jan 01 00:01:42.566    5 20002     0 devp-iso-mmx[isoTX2]: DEVCTL: START: Max queue size set to 12032 (64 blocks)
Jan 01 00:01:42.581    5 16013   1459 videoCore[wait.c:43]: [Resource_BlockWait] /dev/mmpm already available !
Jan 01 00:01:42.514    5 20002     0 devp-iso-mmx[isoTX2]: io_close: id=3, handle=-1, rcvID=-1
Jan 01 00:01:42.521    1 13001     0 qcore[mmpm2_clkmgr.c:373]: [MMPM_LOG_LEVEL_ERROR] MMPM [MmpmClkMgrRelease]: Clock is not requested by the client. coreId = 4 instanceId = 1 clkId = 1 sts = 16 

Jan 01 00:01:42.565    5 20002     0 devp-iso-mmx[isoTX2]: io_open: id=3, flags=0x00008002
Jan 01 00:01:42.566    5 20002     0 devp-iso-mmx[isoTX2]: DEVCTL:Queue has been flushed. First Packet cleared
Jan 01 00:01:42.566    5 20002     0 devp-iso-mmx[isoTX2]: DEVCTL: START: Max queue size set to 12032 (64 blocks)
Jan 01 00:01:42.581    5 16013   1459 videoCore[wait.c:43]: [Resource_BlockWait] /dev/mmpm already available !
Jan 01 00:01:42.595    2    12     0 EHCI file:EHCI_ProcessTD--line=2927  Ctrlr=0,Device_address=2,EP=0,Interface=0,Dir=0
Jan 01 00:01:42.595    6    12     0 EHCI - Error on Control Transfer ( 0x80008d41, 0x30406002 0x28cf6560 ),EHCI_Error_Code=0x4
Jan 01 00:01:42.596    5 16303     1 videoCore[smmu_lib.c:388]: Waiting for events from the Server
Jan 01 00:01:42.603    2    12     0 EHCI file:EHCI_ProcessTD--line=2927  Ctrlr=0,Device_address=2,EP=0,Interface=0,Dir=0
Jan 01 00:01:42.603    6    12     0 EHCI - Error on Control Transfer ( 0x80008d41, 0x30406002 0x28cf6560 ),EHCI_Error_Code=0x4
Jan 01 00:01:42.616    2    12     0 EHCI file:EHCI_ProcessTD--line=2927  Ctrlr=0,Device_address=2,EP=0,Interface=0,Dir=0
Jan 01 00:01:42.616    6    12     0 EHCI - Error on Control Transfer ( 0x80008d41, 0x30406002 0x28cf6560 ),EHCI_Error_Code=0x4
Jan 01 00:01:42.619    5 16013   1459 vpeCore[wait.c:43]: [Resource_BlockWait] /dev/mmpm already available !
Jan 01 00:01:42.622    7    15     0 qnet(L4): try_ifp(): ignoring interface carplay0 as per bind option

Jan 01 00:01:42.622    2    12     0 EHCI file:EHCI_ProcessTD--line=2927  Ctrlr=0,Device_address=2,EP=0,Interface=0,Dir=0
Jan 01 00:01:42.622    6    12     0 EHCI - Error on Control Transfer ( 0x80008d41, 0x30406002 0x28cf6560 ),EHCI_Error_Code=0x4
Jan 01 00:01:42.628    5 16303     1 vpeCore[smmu_lib.c:388]: Waiting for events from the Server
Jan 01 00:01:42.630    2    12     0 EHCI file:EHCI_ProcessTD--line=2927  Ctrlr=0,Device_address=2,EP=0,Interface=0,Dir=0
Jan 01 00:01:42.630    6    12     0 EHCI - Error on Control Transfer ( 0x80008d41, 0x30406002 0x28cf6560 ),EHCI_Error_Code=0x4
Jan 01 00:01:42.643    2    12     0 EHCI file:EHCI_ProcessTD--line=2927  Ctrlr=0,Device_address=2,EP=0,Interface=0,Dir=0
Jan 01 00:01:42.643    6    12     0 EHCI - Error on Control Transfer ( 0x80008d41, 0x30406002 0x28cf6560 ),EHCI_Error_Code=0x4
Jan 01 00:01:42.646    5 20002     0 devp-iso-mmx[isoTX2]: io_close: id=3, handle=-1, rcvID=-1
Jan 01 00:01:42.648    2    12     0 EHCI file:EHCI_ProcessTD--line=2927  Ctrlr=0,Device_address=2,EP=0,Interface=0,Dir=0
Jan 01 00:01:42.649    6    12     0 EHCI - Error on Control Transfer ( 0x80008d41, 0x30406002 0x28cf6560 ),EHCI_Error_Code=0x4
Jan 01 00:01:42.656    1 13001     0 qcore[mmpm2_clkmgr.c:373]: [MMPM_LOG_LEVEL_ERROR] MMPM [MmpmClkMgrRelease]: Clock is not requested by the client. coreId = 4 instanceId = 1 clkId = 1 sts = 16 

Jan 01 00:01:42.657    2    12     0 EHCI file:EHCI_ProcessTD--line=2927  Ctrlr=0,Device_address=2,EP=0,Interface=0,Dir=0
Jan 01 00:01:42.657    6    12     0 EHCI - Error on Control Transfer ( 0x80008d41, 0x30406002 0x28cf6560 ),EHCI_Error_Code=0x4
Jan 01 00:01:42.670    2    12     0 EHCI file:EHCI_ProcessTD--line=2927  Ctrlr=0,Device_address=2,EP=0,Interface=0,Dir=0
Jan 01 00:01:42.670    6    12     0 EHCI - Error on Control Transfer ( 0x80008d41, 0x30406002 0x28cf6560 ),EHCI_Error_Code=0x4
Jan 01 00:01:42.677    2    12     0 EHCI file:EHCI_ProcessTD--line=2927  Ctrlr=0,Device_address=2,EP=0,Interface=0,Dir=0
Jan 01 00:01:42.677    6    12     0 EHCI - Error on Control Transfer ( 0x80008d41, 0x30406002 0x28cf6560 ),EHCI_Error_Code=0x4
Jan 01 00:01:42.685    2    12     0 EHCI file:EHCI_ProcessTD--line=2927  Ctrlr=0,Device_address=2,EP=0,Interface=0,Dir=0
Jan 01 00:01:42.685    6    12     0 EHCI - Error on Control Transfer ( 0x80008d41, 0x30406002 0x28cf6560 ),EHCI_Error_Code=0x4
Jan 01 00:01:42.689    5 20002     0 devp-iso-mmx[isoTX2]: io_open: id=3, flags=0x00008002
Jan 01 00:01:42.692    5 20002     0 devp-iso-mmx[isoTX2]: DEVCTL:Queue has been flushed. First Packet cleared
Jan 01 00:01:42.693    5 20002     0 devp-iso-mmx[isoTX2]: DEVCTL: START: Max queue size set to 12032 (64 blocks)
Jan 01 00:01:42.698    2    12     0 EHCI file:EHCI_ProcessTD--line=2927  Ctrlr=0,Device_address=2,EP=0,Interface=0,Dir=0
Jan 01 00:01:42.698    6    12     0 EHCI - Error on Control Transfer ( 0x80008d41, 0x30406002 0x28cf6560 ),EHCI_Error_Code=0x4
Jan 01 00:01:42.705    2    12     0 EHCI file:EHCI_ProcessTD--line=2927  Ctrlr=0,Device_address=2,EP=0,Interface=0,Dir=0
Jan 01 00:01:42.705    6    12     0 EHCI - Error on Control Transfer ( 0x80008d41, 0x30406002 0x28cf6560 ),EHCI_Error_Code=0x4
Jan 01 00:01:42.710    5 16013   1459 videoCore[wait.c:43]: [Resource_BlockWait] /dev/mmpm already available !
Jan 01 00:01:42.713    2    12     0 EHCI file:EHCI_ProcessTD--line=2927  Ctrlr=0,Device_address=2,EP=0,Interface=0,Dir=0
Jan 01 00:01:42.713    6    12     0 EHCI - Error on Control Transfer ( 0x80008d41, 0x30406002 0x28cf6560 ),EHCI_Error_Code=0x4
Jan 01 00:01:42.727    2    12     0 EHCI file:EHCI_ProcessTD--line=2927  Ctrlr=0,Device_address=2,EP=0,Interface=0,Dir=0
Jan 01 00:01:42.727    6    12     0 EHCI - Error on Control Transfer ( 0x80008d41, 0x30406002 0x28cf6560 ),EHCI_Error_Code=0x4
Jan 01 00:01:42.730    5 16303     1 videoCore[smmu_lib.c:388]: Waiting for events from the Server
Jan 01 00:01:42.733    2    12     0 EHCI file:EHCI_ProcessTD--line=2927  Ctrlr=0,Device_address=2,EP=0,Interface=0,Dir=0
Jan 01 00:01:42.733    6    12     0 EHCI - Error on Control Transfer ( 0x80008d41, 0x30406002 0x28cf6560 ),EHCI_Error_Code=0x4
Jan 01 00:01:42.741    2    12     0 EHCI file:EHCI_ProcessTD--line=2927  Ctrlr=0,Device_address=2,EP=0,Interface=0,Dir=0
Jan 01 00:01:42.741    6    12     0 EHCI - Error on Control Transfer ( 0x80008d41, 0x30406002 0x28cf6560 ),EHCI_Error_Code=0x4
Jan 01 00:01:42.749    5 16013   1459 vpeCore[wait.c:43]: [Resource_BlockWait] /dev/mmpm already available !
Jan 01 00:01:42.754    2    12     0 EHCI file:EHCI_ProcessTD--line=2927  Ctrlr=0,Device_address=2,EP=0,Interface=0,Dir=0
Jan 01 00:01:42.754    6    12     0 EHCI - Error on Control Transfer ( 0x80008d41, 0x30406002 0x28cf6560 ),EHCI_Error_Code=0x4
Jan 01 00:01:42.760    2    12     0 EHCI file:EHCI_ProcessTD--line=2927  Ctrlr=0,Device_address=2,EP=0,Interface=0,Dir=0
Jan 01 00:01:42.760    6    12     0 EHCI - Error on Control Transfer ( 0x80008d41, 0x30406002 0x28cf6560 ),EHCI_Error_Code=0x4
Jan 01 00:01:42.760    5 16303     1 vpeCore[smmu_lib.c:388]: Waiting for events from the Server
Jan 01 00:01:42.766    5 20002     0 devp-iso-mmx[isoTX2]: io_close: id=3, handle=-1, rcvID=-1
Jan 01 00:01:42.768    2    12     0 EHCI file:EHCI_ProcessTD--line=2927  Ctrlr=0,Device_address=2,EP=0,Interface=0,Dir=0
Jan 01 00:01:42.768    6    12     0 EHCI - Error on Control Transfer ( 0x80008d41, 0x30406002 0x28cf6560 ),EHCI_Error_Code=0x4
Jan 01 00:01:42.776    1 13001     0 qcore[mmpm2_clkmgr.c:373]: [MMPM_LOG_LEVEL_ERROR] MMPM [MmpmClkMgrRelease]: Clock is not requested by the client. coreId = 4 instanceId = 1 clkId = 1 sts = 16 

Jan 01 00:01:42.807    5 20002     0 devp-iso-mmx[isoTX2]: io_open: id=3, flags=0x00008002
Jan 01 00:01:42.810    5 20002     0 devp-iso-mmx[isoTX2]: DEVCTL:Queue has been flushed. First Packet cleared
Jan 01 00:01:42.810    5 20002     0 devp-iso-mmx[isoTX2]: DEVCTL: START: Max queue size set to 12032 (64 blocks)
Jan 01 00:01:42.824    5 16013   1459 videoCore[wait.c:43]: [Resource_BlockWait] /dev/mmpm already available !
Jan 01 00:01:42.838    5 16303     1 videoCore[smmu_lib.c:388]: Waiting for events from the Server
Jan 01 00:01:42.861    5 16013   1459 vpeCore[wait.c:43]: [Resource_BlockWait] /dev/mmpm already available !
Jan 01 00:01:42.870    5 16303     1 vpeCore[smmu_lib.c:388]: Waiting for events from the Server
Jan 01 00:01:42.878    5 20002     0 devp-iso-mmx[isoTX2]: io_close: id=3, handle=-1, rcvID=-1
Jan 01 00:01:42.886    1 13001     0 qcore[mmpm2_clkmgr.c:373]: [MMPM_LOG_LEVEL_ERROR] MMPM [MmpmClkMgrRelease]: Clock is not requested by the client. coreId = 4 instanceId = 1 clkId = 1 sts = 16 

Jan 01 00:01:42.917    5 20002     0 devp-iso-mmx[isoTX2]: io_open: id=3, flags=0x00008002
Jan 01 00:01:42.917    5 20002     0 devp-iso-mmx[isoTX2]: DEVCTL:Queue has been flushed. First Packet cleared
Jan 01 00:01:42.918    5 20002     0 devp-iso-mmx[isoTX2]: DEVCTL: START: Max queue size set to 12032 (64 blocks)
Jan 01 00:01:42.934    5 16013   1459 videoCore[wait.c:43]: [Resource_BlockWait] /dev/mmpm already available !
Jan 01 00:01:42.949    5 16303     1 videoCore[smmu_lib.c:388]: Waiting for events from the Server
Jan 01 00:01:42.972    5 16013   1459 vpeCore[wait.c:43]: [Resource_BlockWait] /dev/mmpm already available !
Jan 01 00:01:42.980    5 16303     1 vpeCore[smmu_lib.c:388]: Waiting for events from the Server
Jan 01 00:01:42.988    5 20002     0 devp-iso-mmx[isoTX2]: io_close: id=3, handle=-1, rcvID=-1
Jan 01 00:01:42.998    5 10206     0 [SI] updateDeviceConnectionState: id=1, state=[1|CONNECTED], method=[0x4|CARPLAYVERIFIED |]
Jan 01 00:01:43.010    1 13001     0 qcore[mmpm2_clkmgr.c:373]: [MMPM_LOG_LEVEL_ERROR] MMPM [MmpmClkMgrRelease]: Clock is not requested by the client. coreId = 4 instanceId = 1 clkId = 1 sts = 16 

Jan 01 00:01:43.046    4 10208     0 1970-01-01 12:01:43.045301 AM [Screen] Registered screen e5f7a68d-7b0f-4305-984b-974f677a150b 1024 x 480, 30 FPS
Jan 01 00:01:43.048    5 20002     0 devp-iso-mmx[isoTX2]: io_open: id=3, flags=0x00008002
Jan 01 00:01:43.054    5 20002     0 devp-iso-mmx[isoTX2]: DEVCTL:Queue has been flushed. First Packet cleared
Jan 01 00:01:43.055    5 20002     0 devp-iso-mmx[isoTX2]: DEVCTL: START: Max queue size set to 12032 (64 blocks)
Jan 01 00:01:43.055    4 10208     0 1970-01-01 12:01:43.055373 AM [HID] Registered HID "Eso_Playback", 5e2e598f-585e-4a04-bf21-3076d253aed1
Jan 01 00:01:43.056    4 10208     0 1970-01-01 12:01:43.056381 AM [HID] Registered HID "Eso_Telephony", b3b02532-d975-4d33-9557-a71f189413dc
Jan 01 00:01:43.057    4 10208     0 1970-01-01 12:01:43.057388 AM [HID] Registered HID "Eso_Knob", b2ddc779-b324-4a1a-9456-3897e2cffb2b
Jan 01 00:01:43.059    4 10208     0 1970-01-01 12:01:43.059402 AM [HID] Registered HID "Eso_TrackPad", 1aa62589-82f1-42d6-8a53-06d5775d26ec
Jan 01 00:01:43.071    5 16013   1459 videoCore[wait.c:43]: [Resource_BlockWait] /dev/mmpm already available !
Jan 01 00:01:43.089    5 16303     1 videoCore[smmu_lib.c:388]: Waiting for events from the Server
Jan 01 00:01:43.118    5 16013   1459 vpeCore[wait.c:43]: [Resource_BlockWait] /dev/mmpm already available !
Jan 01 00:01:43.127    5 16303     1 vpeCore[smmu_lib.c:388]: Waiting for events from the Server
Jan 01 00:01:43.137    5 20002     0 devp-iso-mmx[isoTX2]: io_close: id=3, handle=-1, rcvID=-1
Jan 01 00:01:43.150    1 13001     0 qcore[mmpm2_clkmgr.c:373]: [MMPM_LOG_LEVEL_ERROR] MMPM [MmpmClkMgrRelease]: Clock is not requested by the client. coreId = 4 instanceId = 1 clkId = 1 sts = 16 

Jan 01 00:01:43.178    5 20002     0 devp-iso-mmx[isoTX2]: io_open: id=3, flags=0x00008002
Jan 01 00:01:43.180    5 20002     0 devp-iso-mmx[isoTX2]: DEVCTL:Queue has been flushed. First Packet cleared
Jan 01 00:01:43.180    5 20002     0 devp-iso-mmx[isoTX2]: DEVCTL: START: Max queue size set to 12032 (64 blocks)
Jan 01 00:01:43.197    5 16013   1459 videoCore[wait.c:43]: [Resource_BlockWait] /dev/mmpm already available !
Jan 01 00:01:43.214    5 16303     1 videoCore[smmu_lib.c:388]: Waiting for events from the Server
Jan 01 00:01:43.236    5 16024   167 watchdog[watchdog.c:167]: Kick AP wdog
Jan 01 00:01:43.238    5 16013   1459 vpeCore[wait.c:43]: [Resource_BlockWait] /dev/mmpm already available !
Jan 01 00:01:43.242    5 16303     1 vpeCore[smmu_lib.c:388]: Waiting for events from the Server
Jan 01 00:01:43.248    5 20002     0 devp-iso-mmx[isoTX2]: io_close: id=3, handle=-1, rcvID=-1
Jan 01 00:01:43.254    1 13001     0 qcore[mmpm2_clkmgr.c:373]: [MMPM_LOG_LEVEL_ERROR] MMPM [MmpmClkMgrRelease]: Clock is not requested by the client. coreId = 4 instanceId = 1 clkId = 1 sts = 16 

Jan 01 00:01:43.280    5 20002     0 devp-iso-mmx[isoTX2]: io_open: id=3, flags=0x00008002
Jan 01 00:01:43.281    5 20002     0 devp-iso-mmx[isoTX2]: DEVCTL:Queue has been flushed. First Packet cleared
Jan 01 00:01:43.282    5 20002     0 devp-iso-mmx[isoTX2]: DEVCTL: START: Max queue size set to 12032 (64 blocks)
Jan 01 00:01:43.302    5 16013   1459 videoCore[wait.c:43]: [Resource_BlockWait] /dev/mmpm already available !
Jan 01 00:01:43.315    5 16303     1 videoCore[smmu_lib.c:388]: Waiting for events from the Server
Jan 01 00:01:43.335    5 16013   1459 vpeCore[wait.c:43]: [Resource_BlockWait] /dev/mmpm already available !
Jan 01 00:01:43.339    5 16303     1 vpeCore[smmu_lib.c:388]: Waiting for events from the Server
Jan 01 00:01:43.345    5 20002     0 devp-iso-mmx[isoTX2]: io_close: id=3, handle=-1, rcvID=-1
Jan 01 00:01:43.351    1 13001     0 qcore[mmpm2_clkmgr.c:373]: [MMPM_LOG_LEVEL_ERROR] MMPM [MmpmClkMgrRelease]: Clock is not requested by the client. coreId = 4 instanceId = 1 clkId = 1 sts = 16 

Jan 01 00:01:43.377    5 20002     0 devp-iso-mmx[isoTX2]: io_open: id=3, flags=0x00008002
Jan 01 00:01:43.379    5 20002     0 devp-iso-mmx[isoTX2]: DEVCTL:Queue has been flushed. First Packet cleared
Jan 01 00:01:43.379    5 20002     0 devp-iso-mmx[isoTX2]: DEVCTL: START: Max queue size set to 12032 (64 blocks)
Jan 01 00:01:43.392    5 16013   1459 videoCore[wait.c:43]: [Resource_BlockWait] /dev/mmpm already available !
Jan 01 00:01:43.395    4 10208     0 1970-01-01 12:01:43.395803 AM [AirPlay] <AirPlay> Name: 'CarPlay'
Jan 01 00:01:43.396    4 10208     0 1970-01-01 12:01:43.395803 AM [AirPlay] Name changed '[]' -> '[CarPlay]'
Jan 01 00:01:43.396    4 10208     0 1970-01-01 12:01:43.396810 AM [AirPlay] [_StartServers] Servers already started: 0
Jan 01 00:01:43.397    4 10208     0 1970-01-01 12:01:43.396810 AM [AirPlay] [AirTunesServer_EnsureCreated] RTSP/HTTP server: 0x00000000
Jan 01 00:01:43.401    4 10208     0 1970-01-01 12:01:43.400838 AM [CDIOManager] <AIRPLAY_SERVER> Property: features
Jan 01 00:01:43.402    4 10208     0 1970-01-01 12:01:43.401846 AM [CDIOManager] <AIRPLAY_SERVER> Property: firmwareRevision
Jan 01 00:01:43.402    4 10208     0 1970-01-01 12:01:43.402853 AM [AirPlay] [_UpdateBonjourAirPlay]<MODEL>  AUDI 4915
Jan 01 00:01:43.403    4 10208     0 1970-01-01 12:01:43.402853 AM [AirPlay] <AirPlay> Name: 'CarPlay'
Jan 01 00:01:43.405    5 16303     1 videoCore[smmu_lib.c:388]: Waiting for events from the Server
Jan 01 00:01:43.407    4 10208     0 1970-01-01 12:01:43.407889 AM [AirPlay] Registering Bonjour _airplay._tcp. port 5000
Jan 01 00:01:43.408    4 10208     0 1970-01-01 12:01:43.407889 AM [AirPlay] [_StartServers] Servers successfully started
Jan 01 00:01:43.425    5 16013   1459 vpeCore[wait.c:43]: [Resource_BlockWait] /dev/mmpm already available !
Jan 01 00:01:43.429    5 16303     1 vpeCore[smmu_lib.c:388]: Waiting for events from the Server
Jan 01 00:01:43.435    5 20002     0 devp-iso-mmx[isoTX2]: io_close: id=3, handle=-1, rcvID=-1
Jan 01 00:01:43.442    1 13001     0 qcore[mmpm2_clkmgr.c:373]: [MMPM_LOG_LEVEL_ERROR] MMPM [MmpmClkMgrRelease]: Clock is not requested by the client. coreId = 4 instanceId = 1 clkId = 1 sts = 16 

Jan 01 00:01:43.463    5 20002     0 devp-iso-mmx[isoTX2]: io_open: id=3, flags=0x00008002
Jan 01 00:01:43.465    5 20002     0 devp-iso-mmx[isoTX2]: DEVCTL:Queue has been flushed. First Packet cleared
Jan 01 00:01:43.465    5 20002     0 devp-iso-mmx[isoTX2]: DEVCTL: START: Max queue size set to 12032 (64 blocks)
Jan 01 00:01:43.477    5 16013   1459 videoCore[wait.c:43]: [Resource_BlockWait] /dev/mmpm already available !
Jan 01 00:01:43.489    5 16303     1 videoCore[smmu_lib.c:388]: Waiting for events from the Server
Jan 01 00:01:43.511    5 16013   1459 vpeCore[wait.c:43]: [Resource_BlockWait] /dev/mmpm already available !
Jan 01 00:01:43.515    5 16303     1 vpeCore[smmu_lib.c:388]: Waiting for events from the Server
Jan 01 00:01:43.520    5 20002     0 devp-iso-mmx[isoTX2]: io_close: id=3, handle=-1, rcvID=-1
Jan 01 00:01:43.528    1 13001     0 qcore[mmpm2_clkmgr.c:373]: [MMPM_LOG_LEVEL_ERROR] MMPM [MmpmClkMgrRelease]: Clock is not requested by the client. coreId = 4 instanceId = 1 clkId = 1 sts = 16 

Jan 01 00:01:43.544    6 10208     0 [SocketSetKeepAlive] <AirPlay> SO_KEEPALIVE set (1).Error: 0(No error)

Jan 01 00:01:43.547    6 10208     0 [SocketSetKeepAlive] <AirPlay> TCP_KEEPALIVE: idle seconds before sending first probe (7). Error: 0(No error)

Jan 01 00:01:43.553    6 10208     0 [SocketSetKeepAlive] <AirPlay> <QNX> TCPCTL_KEEPINTVL: seconds between probes (7).Error: 0(No error)

Jan 01 00:01:43.555    6 10208     0 [SocketSetKeepAlive] <AirPlay> <QNX> TCPCTL_KEEPCNT: max. number of tries (5).Error: 0(No error)

Jan 01 00:01:43.561    5 20002     0 devp-iso-mmx[isoTX2]: io_open: id=3, flags=0x00008002
Jan 01 00:01:43.562    5 20002     0 devp-iso-mmx[isoTX2]: DEVCTL:Queue has been flushed. First Packet cleared
Jan 01 00:01:43.562    5 20002     0 devp-iso-mmx[isoTX2]: DEVCTL: START: Max queue size set to 12032 (64 blocks)
Jan 01 00:01:43.567    4 10208     0 1970-01-01 12:01:43.564003 AM [HTTPServer] [_HTTPServerAcceptConnection]<AirPlay> Accepted connection from: [fe80::1861:5cd4:afe4:ff70%carplay0]:54217 (host address: [fe80::22ff:fe44:6688%carplay0]:5000)
Jan 01 00:01:43.574    4 10208     0 1970-01-01 12:01:43.567024 AM [HTTPServer] <AirPlay> Accepted connection from [fe80::1861:5cd4:afe4:ff70%carplay0]:54217 to [fe80::22ff:fe44:6688%carplay0]:5000
Jan 01 00:01:43.578    5 16013   1459 videoCore[wait.c:43]: [Resource_BlockWait] /dev/mmpm already available !
Jan 01 00:01:43.592    5 16303     1 videoCore[smmu_lib.c:388]: Waiting for events from the Server
Jan 01 00:01:43.593    2    12     0 EHCI file:EHCI_ProcessTD--line=2927  Ctrlr=0,Device_address=2,EP=0,Interface=0,Dir=0
Jan 01 00:01:43.593    6    12     0 EHCI - Error on Control Transfer ( 0x80008d41, 0x30406002 0x28cf6560 ),EHCI_Error_Code=0x4
Jan 01 00:01:43.601    2    12     0 EHCI file:EHCI_ProcessTD--line=2927  Ctrlr=0,Device_address=2,EP=0,Interface=0,Dir=0
Jan 01 00:01:43.601    6    12     0 EHCI - Error on Control Transfer ( 0x80008d41, 0x30406002 0x28cf6560 ),EHCI_Error_Code=0x4
Jan 01 00:01:43.610    5 16013   1459 vpeCore[wait.c:43]: [Resource_BlockWait] /dev/mmpm already available !
Jan 01 00:01:43.614    2    12     0 EHCI file:EHCI_ProcessTD--line=2927  Ctrlr=0,Device_address=2,EP=0,Interface=0,Dir=0
Jan 01 00:01:43.614    6    12     0 EHCI - Error on Control Transfer ( 0x80008d41, 0x30406002 0x28cf6560 ),EHCI_Error_Code=0x4
Jan 01 00:01:43.616    5 16303     1 vpeCore[smmu_lib.c:388]: Waiting for events from the Server
Jan 01 00:01:43.621    5 20002     0 devp-iso-mmx[isoTX2]: io_close: id=3, handle=-1, rcvID=-1
Jan 01 00:01:43.622    7    15     0 qnet(L4): try_ifp(): ignoring interface carplay0 as per bind option

Jan 01 00:01:43.622    2    12     0 EHCI file:EHCI_ProcessTD--line=2927  Ctrlr=0,Device_address=2,EP=0,Interface=0,Dir=0
Jan 01 00:01:43.622    6    12     0 EHCI - Error on Control Transfer ( 0x80008d41, 0x30406002 0x28cf6560 ),EHCI_Error_Code=0x4
Jan 01 00:01:43.627    1 13001     0 qcore[mmpm2_clkmgr.c:373]: [MMPM_LOG_LEVEL_ERROR] MMPM [MmpmClkMgrRelease]: Clock is not requested by the client. coreId = 4 instanceId = 1 clkId = 1 sts = 16 

Jan 01 00:01:43.630    2    12     0 EHCI file:EHCI_ProcessTD--line=2927  Ctrlr=0,Device_address=2,EP=0,Interface=0,Dir=0
Jan 01 00:01:43.630    6    12     0 EHCI - Error on Control Transfer ( 0x80008d41, 0x30406002 0x28cf6560 ),EHCI_Error_Code=0x4
Jan 01 00:01:43.644    2    12     0 EHCI file:EHCI_ProcessTD--line=2927  Ctrlr=0,Device_address=2,EP=0,Interface=0,Dir=0
Jan 01 00:01:43.644    6    12     0 EHCI - Error on Control Transfer ( 0x80008d41, 0x30406002 0x28cf6560 ),EHCI_Error_Code=0x4
Jan 01 00:01:43.650    5 20002     0 devp-iso-mmx[isoTX2]: io_open: id=3, flags=0x00008002
Jan 01 00:01:43.651    5 20002     0 devp-iso-mmx[isoTX2]: DEVCTL:Queue has been flushed. First Packet cleared
Jan 01 00:01:43.652    5 20002     0 devp-iso-mmx[isoTX2]: DEVCTL: START: Max queue size set to 12032 (64 blocks)
Jan 01 00:01:43.652    2    12     0 EHCI file:EHCI_ProcessTD--line=2927  Ctrlr=0,Device_address=2,EP=0,Interface=0,Dir=0
Jan 01 00:01:43.652    6    12     0 EHCI - Error on Control Transfer ( 0x80008d41, 0x30406002 0x28cf6560 ),EHCI_Error_Code=0x4
Jan 01 00:01:43.661    2    12     0 EHCI file:EHCI_ProcessTD--line=2927  Ctrlr=0,Device_address=2,EP=0,Interface=0,Dir=0
Jan 01 00:01:43.661    6    12     0 EHCI - Error on Control Transfer ( 0x80008d41, 0x30406002 0x28cf6560 ),EHCI_Error_Code=0x4
Jan 01 00:01:43.662    5 16013   1459 videoCore[wait.c:43]: [Resource_BlockWait] /dev/mmpm already available !
Jan 01 00:01:43.671    5 16303     1 videoCore[smmu_lib.c:388]: Waiting for events from the Server
Jan 01 00:01:43.674    2    12     0 EHCI file:EHCI_ProcessTD--line=2927  Ctrlr=0,Device_address=2,EP=0,Interface=0,Dir=0
Jan 01 00:01:43.674    6    12     0 EHCI - Error on Control Transfer ( 0x80008d41, 0x30406002 0x28cf6560 ),EHCI_Error_Code=0x4
Jan 01 00:01:43.684    2    12     0 EHCI file:EHCI_ProcessTD--line=2927  Ctrlr=0,Device_address=2,EP=0,Interface=0,Dir=0
Jan 01 00:01:43.684    6    12     0 EHCI - Error on Control Transfer ( 0x80008d41, 0x30406002 0x28cf6560 ),EHCI_Error_Code=0x4
Jan 01 00:01:43.692    5 16013   1459 vpeCore[wait.c:43]: [Resource_BlockWait] /dev/mmpm already available !
Jan 01 00:01:43.692    2    12     0 EHCI file:EHCI_ProcessTD--line=2927  Ctrlr=0,Device_address=2,EP=0,Interface=0,Dir=0
Jan 01 00:01:43.692    6    12     0 EHCI - Error on Control Transfer ( 0x80008d41, 0x30406002 0x28cf6560 ),EHCI_Error_Code=0x4
Jan 01 00:01:43.695    5 16303     1 vpeCore[smmu_lib.c:388]: Waiting for events from the Server
Jan 01 00:01:43.702    5 20002     0 devp-iso-mmx[isoTX2]: io_close: id=3, handle=-1, rcvID=-1
Jan 01 00:01:43.706    2    12     0 EHCI file:EHCI_ProcessTD--line=2927  Ctrlr=0,Device_address=2,EP=0,Interface=0,Dir=0
Jan 01 00:01:43.706    6    12     0 EHCI - Error on Control Transfer ( 0x80008d41, 0x30406002 0x28cf6560 ),EHCI_Error_Code=0x4
Jan 01 00:01:43.708    1 13001     0 qcore[mmpm2_clkmgr.c:373]: [MMPM_LOG_LEVEL_ERROR] MMPM [MmpmClkMgrRelease]: Clock is not requested by the client. coreId = 4 instanceId = 1 clkId = 1 sts = 16 

Jan 01 00:01:43.715    2    12     0 EHCI file:EHCI_ProcessTD--line=2927  Ctrlr=0,Device_address=2,EP=0,Interface=0,Dir=0
Jan 01 00:01:43.715    6    12     0 EHCI - Error on Control Transfer ( 0x80008d41, 0x30406002 0x28cf6560 ),EHCI_Error_Code=0x4
Jan 01 00:01:43.723    2    12     0 EHCI file:EHCI_ProcessTD--line=2927  Ctrlr=0,Device_address=2,EP=0,Interface=0,Dir=0
Jan 01 00:01:43.723    6    12     0 EHCI - Error on Control Transfer ( 0x80008d41, 0x30406002 0x28cf6560 ),EHCI_Error_Code=0x4
Jan 01 00:01:43.733    5 20002     0 devp-iso-mmx[isoTX2]: io_open: id=3, flags=0x00008002
Jan 01 00:01:43.734    5 20002     0 devp-iso-mmx[isoTX2]: DEVCTL:Queue has been flushed. First Packet cleared
Jan 01 00:01:43.734    5 20002     0 devp-iso-mmx[isoTX2]: DEVCTL: START: Max queue size set to 12032 (64 blocks)
Jan 01 00:01:43.737    2    12     0 EHCI file:EHCI_ProcessTD--line=2927  Ctrlr=0,Device_address=2,EP=0,Interface=0,Dir=0
Jan 01 00:01:43.737    6    12     0 EHCI - Error on Control Transfer ( 0x80008d41, 0x30406002 0x28cf6560 ),EHCI_Error_Code=0x4
Jan 01 00:01:43.744    5 16013   1459 videoCore[wait.c:43]: [Resource_BlockWait] /dev/mmpm already available !
Jan 01 00:01:43.747    2    12     0 EHCI file:EHCI_ProcessTD--line=2927  Ctrlr=0,Device_address=2,EP=0,Interface=0,Dir=0
Jan 01 00:01:43.747    6    12     0 EHCI - Error on Control Transfer ( 0x80008d41, 0x30406002 0x28cf6560 ),EHCI_Error_Code=0x4
Jan 01 00:01:43.755    5 16303     1 videoCore[smmu_lib.c:388]: Waiting for events from the Server
Jan 01 00:01:43.755    2    12     0 EHCI file:EHCI_ProcessTD--line=2927  Ctrlr=0,Device_address=2,EP=0,Interface=0,Dir=0
Jan 01 00:01:43.755    6    12     0 EHCI - Error on Control Transfer ( 0x80008d41, 0x30406002 0x28cf6560 ),EHCI_Error_Code=0x4
Jan 01 00:01:43.768    2    12     0 EHCI file:EHCI_ProcessTD--line=2927  Ctrlr=0,Device_address=2,EP=0,Interface=0,Dir=0
Jan 01 00:01:43.768    6    12     0 EHCI - Error on Control Transfer ( 0x80008d41, 0x30406002 0x28cf6560 ),EHCI_Error_Code=0x4
Jan 01 00:01:43.773    5 16013   1459 vpeCore[wait.c:43]: [Resource_BlockWait] /dev/mmpm already available !
Jan 01 00:01:43.776    2    12     0 EHCI file:EHCI_ProcessTD--line=2927  Ctrlr=0,Device_address=2,EP=0,Interface=0,Dir=0
Jan 01 00:01:43.777    6    12     0 EHCI - Error on Control Transfer ( 0x80008d41, 0x30406002 0x28cf6560 ),EHCI_Error_Code=0x4
Jan 01 00:01:43.778    5 16303     1 vpeCore[smmu_lib.c:388]: Waiting for events from the Server
Jan 01 00:01:43.784    5 20002     0 devp-iso-mmx[isoTX2]: io_close: id=3, handle=-1, rcvID=-1
Jan 01 00:01:43.785    2    12     0 EHCI file:EHCI_ProcessTD--line=2927  Ctrlr=0,Device_address=2,EP=0,Interface=0,Dir=0
Jan 01 00:01:43.785    6    12     0 EHCI - Error on Control Transfer ( 0x80008d41, 0x30406002 0x28cf6560 ),EHCI_Error_Code=0x4
Jan 01 00:01:43.790    1 13001     0 qcore[mmpm2_clkmgr.c:373]: [MMPM_LOG_LEVEL_ERROR] MMPM [MmpmClkMgrRelease]: Clock is not requested by the client. coreId = 4 instanceId = 1 clkId = 1 sts = 16 

Jan 01 00:01:43.798    2    12     0 EHCI file:EHCI_ProcessTD--line=2927  Ctrlr=0,Device_address=2,EP=0,Interface=0,Dir=0
Jan 01 00:01:43.798    6    12     0 EHCI - Error on Control Transfer ( 0x80008d41, 0x30406002 0x28cf6560 ),EHCI_Error_Code=0x4
Jan 01 00:01:43.816    5 20002     0 devp-iso-mmx[isoTX2]: io_open: id=3, flags=0x00008002
Jan 01 00:01:43.817    5 20002     0 devp-iso-mmx[isoTX2]: DEVCTL:Queue has been flushed. First Packet cleared
Jan 01 00:01:43.817    5 20002     0 devp-iso-mmx[isoTX2]: DEVCTL: START: Max queue size set to 12032 (64 blocks)
Jan 01 00:01:43.827    5 16013   1459 videoCore[wait.c:43]: [Resource_BlockWait] /dev/mmpm already available !
Jan 01 00:01:43.837    5 16303     1 videoCore[smmu_lib.c:388]: Waiting for events from the Server
Jan 01 00:01:43.856    5 16013   1459 vpeCore[wait.c:43]: [Resource_BlockWait] /dev/mmpm already available !
Jan 01 00:01:43.860    5 16303     1 vpeCore[smmu_lib.c:388]: Waiting for events from the Server
Jan 01 00:01:43.864    5 20002     0 devp-iso-mmx[isoTX2]: io_close: id=3, handle=-1, rcvID=-1
Jan 01 00:01:43.870    1 13001     0 qcore[mmpm2_clkmgr.c:373]: [MMPM_LOG_LEVEL_ERROR] MMPM [MmpmClkMgrRelease]: Clock is not requested by the client. coreId = 4 instanceId = 1 clkId = 1 sts = 16 

Jan 01 00:01:43.873    4 10208     0 1970-01-01 12:01:43.872202 AM [CDIOManager] <AIRPLAY_SERVER> Property: playbackAllowed
Jan 01 00:01:43.873    3 10208     0 1970-01-01 12:01:43.873209 AM [AirPlay] [_AirTunesServer_PlaybackAllowed] gAirTunesPlaybackAllowed: 1 | playbackAllowed: 1
Jan 01 00:01:43.878    4 10208     0 1970-01-01 12:01:43.876231 AM [AirPlay] [AirPlayReceiverSessionCreate] <SESSION>  ID: 17373957336960224347
Jan 01 00:01:43.894    4 10208     0 1970-01-01 12:01:43.894360 AM [AirPlay] <AirPlay> osBuildVersion 23D8133
Jan 01 00:01:43.896    4 10208     0 1970-01-01 12:01:43.895367 AM [AirPlay] [AirPlayReceiverSessionPlatformControl] command: setUpStreams
Jan 01 00:01:43.898    5 20002     0 devp-iso-mmx[isoTX2]: io_open: id=3, flags=0x00008002
Jan 01 00:01:43.899    6 10208     0 1970-01-01 12:01:43.899396 AM [AirPlay] HID started
Jan 01 00:01:43.899    5 20002     0 devp-iso-mmx[isoTX2]: DEVCTL:Queue has been flushed. First Packet cleared
Jan 01 00:01:43.900    5 20002     0 devp-iso-mmx[isoTX2]: DEVCTL: START: Max queue size set to 12032 (64 blocks)
Jan 01 00:01:43.912    5 16013   1459 videoCore[wait.c:43]: [Resource_BlockWait] /dev/mmpm already available !
Jan 01 00:01:43.915    4 10208     0 1970-01-01 12:01:43.914504 AM [AirPlay] [AirPlayReceiverServerPlatformCopyProperty]<INFO>(0x01849174) AudioInputFormats = 0X10
Jan 01 00:01:43.915    4 10208     0 1970-01-01 12:01:43.915511 AM [AudioStream] <AirPlay> Supported output formats: 0X8010
Jan 01 00:01:43.915    4 10208     0 1970-01-01 12:01:43.915511 AM [AirPlay] [AirPlayReceiverServerPlatformCopyProperty]<INFO>(0x01849174) AudioOutputFormats = 0X8010
Jan 01 00:01:43.916    4 10208     0 1970-01-01 12:01:43.916518 AM [AirPlay] [AirPlayReceiverServerPlatformCopyProperty]<INFO>(0x01849174) AudioInputFormats = 0X10
Jan 01 00:01:43.916    4 10208     0 1970-01-01 12:01:43.916518 AM [AudioStream] <AirPlay> Supported output formats: 0X10
Jan 01 00:01:43.917    4 10208     0 1970-01-01 12:01:43.916518 AM [AirPlay] [AirPlayReceiverServerPlatformCopyProperty]<INFO>(0x01849174) AudioOutputFormats = 0X10
Jan 01 00:01:43.917    4 10208     0 1970-01-01 12:01:43.917525 AM [AudioStream] <LATENCY> Default: audioLatencyIn=95[ms], audioLatencyOut=80[ms]
Jan 01 00:01:43.917    4 10208     0 1970-01-01 12:01:43.917525 AM [AudioStream] <LATENCY> Telephony: audioLatencyIn=85[ms], audioLatencyOut=80[ms]
Jan 01 00:01:43.918    4 10208     0 1970-01-01 12:01:43.917525 AM [AudioStream] <LATENCY> Speech: audioLatencyIn=85[ms], audioLatencyOut=80[ms]
Jan 01 00:01:43.918    4 10208     0 1970-01-01 12:01:43.918533 AM [CDIOManager] <AIRPLAY_SERVER> Property: bluetoothIDs
Jan 01 00:01:43.926    5 16303     1 videoCore[smmu_lib.c:388]: Waiting for events from the Server
Jan 01 00:01:43.936    4 10208     0 1970-01-01 12:01:43.936662 AM [CDIOManager] <AIRPLAY_SERVER> Property: features
Jan 01 00:01:43.937    4 10208     0 1970-01-01 12:01:43.937669 AM [CDIOManager] <AIRPLAY_SERVER> Property: firmwareRevision
Jan 01 00:01:43.937    4 10208     0 1970-01-01 12:01:43.937669 AM [CDIOManager] <AIRPLAY_SERVER> Property: hardwareRevision
Jan 01 00:01:43.940    4 10208     0 1970-01-01 12:01:43.938676 AM [CDIOManager] <AIRPLAY_SERVER> Property: hidLanguages
Jan 01 00:01:43.942    4 10208     0 1970-01-01 12:01:43.941698 AM [CDIOManager] <AIRPLAY_SERVER> Property: limitedUIElements
Jan 01 00:01:43.944    4 10208     0 1970-01-01 12:01:43.943712 AM [CDIOManager] <AIRPLAY_SERVER> Property: limitedUI
Jan 01 00:01:43.945    4 10208     0 1970-01-01 12:01:43.944719 AM [CDIOManager] <AIRPLAY_SERVER> Property: manufacturer
Jan 01 00:01:43.945    4 10208     0 1970-01-01 12:01:43.945727 AM [CDIOManager] <AIRPLAY_SERVER> Property: model
Jan 01 00:01:43.946    5 16013   1459 vpeCore[wait.c:43]: [Resource_BlockWait] /dev/mmpm already available !
Jan 01 00:01:43.947    4 10208     0 1970-01-01 12:01:43.946734 AM [CDIOManager] <AIRPLAY_SESSION> Property: modes
Jan 01 00:01:43.949    4 10208     0 1970-01-01 12:01:43.949755 AM [AirPlay] <AirPlay> Name: 'CarPlay'
Jan 01 00:01:43.949    4 10208     0 1970-01-01 12:01:43.949755 AM [CDIOManager] <AIRPLAY_SERVER> Property: nightMode
Jan 01 00:01:43.950    4 10208     0 1970-01-01 12:01:43.950763 AM [CDIOManager] <AIRPLAY_SERVER> Property: oemIcon
Jan 01 00:01:43.952    5 16303     1 vpeCore[smmu_lib.c:388]: Waiting for events from the Server
Jan 01 00:01:43.957    4 10208     0 1970-01-01 12:01:43.957813 AM [CDIOManager] <AIRPLAY_SERVER> Property: oemIconLabel
Jan 01 00:01:43.958    4 10208     0 1970-01-01 12:01:43.957813 AM [CDIOManager] <AIRPLAY_SERVER> Property: oemIconVisible
Jan 01 00:01:43.958    4 10208     0 1970-01-01 12:01:43.958820 AM [CDIOManager] <AIRPLAY_SERVER> Property: OSInfo
Jan 01 00:01:43.959    4 10208     0 1970-01-01 12:01:43.959827 AM [CDIOManager] <AIRPLAY_SERVER> Property: rightHandDrive
Jan 01 00:01:43.959    5 20002     0 devp-iso-mmx[isoTX2]: io_close: id=3, handle=-1, rcvID=-1
Jan 01 00:01:43.960    4 10208     0 1970-01-01 12:01:43.959827 AM [CDIOManager] <AIRPLAY_SERVER> Property: settingsIcon
Jan 01 00:01:43.967    1 13001     0 qcore[mmpm2_clkmgr.c:373]: [MMPM_LOG_LEVEL_ERROR] MMPM [MmpmClkMgrRelease]: Clock is not requested by the client. coreId = 4 instanceId = 1 clkId = 1 sts = 16 

Jan 01 00:01:43.971    4 10208     0 1970-01-01 12:01:43.970906 AM [AirPlay] <AirPlay>[AirPlayReceiverSessionStart] Session: 0x00742BB8
Jan 01 00:01:43.979    5 10113     1 HB: T=44C, CPU=99%, Free mem=811MB
Jan 01 00:01:43.982    5 10113     1 HB: proc/boot/procnto-smp-instr (1) 10.56%: n/a, n/a, n/a, n/a

Jan 01 00:01:44.001    5 10113     1 HB: ./navigation (2429051) 6.43%: SCREEN01 (130) 5.73% [11], NVSI (137) 0.14% [12], asi.navigation.carsensordata2.CarSensorData2Consumer (150) 0.10% [15], DTI12 (163) 0.05% [9]

Jan 01 00:01:44.006    4 10208     0 1970-01-01 12:01:44.002129 AM [AirPlay] <AirPlay> timeSyncClientThreadPriority: 19(env="TIME_SYNC_CLIENT_THREAD_PRIO")
Jan 01 00:01:44.008    4 10208     0 1970-01-01 12:01:44.007165 AM [AirPlay] [AirPlayReceiverSessionPlatformControl] command: startSession
Jan 01 00:01:44.009    4 10208     0 1970-01-01 12:01:44.008172 AM [CDIOManager] <SESSION> Command received: startSession
Jan 01 00:01:44.011    5 10206     0 [SI] updateDeviceConnectionState: id=1, state=[2|STARTED], method=[0x4|CARPLAYVERIFIED |]
Jan 01 00:01:44.013    4 10208     0 1970-01-01 12:01:44.010187 AM [AirPlay] <AirPlay>[error: 0/0x0 noErr] session started: From=iPhone D=0xf0c725e8d0d6 A=[fe80::1861:5cd4:afe4:ff70%carplay0]:54217 T=Enet C=? Bonjour=0 ms Conn=0 ms Auth=0 ms Ann=0 ms Setup=0 ms Rec=38 [ms]
Jan 01 00:01:44.015    5 20002     0 devp-iso-mmx[isoTX2]: io_open: id=3, flags=0x00008002
Jan 01 00:01:44.017    5 20002     0 devp-iso-mmx[isoTX2]: DEVCTL:Queue has been flushed. First Packet cleared
Jan 01 00:01:44.018    5 20002     0 devp-iso-mmx[isoTX2]: DEVCTL: START: Max queue size set to 12032 (64 blocks)
Jan 01 00:01:44.030    5 16013   1459 videoCore[wait.c:43]: [Resource_BlockWait] /dev/mmpm already available !
Jan 01 00:01:44.041    5 16303     1 videoCore[smmu_lib.c:388]: Waiting for events from the Server
Jan 01 00:01:44.060    5 16013   1459 vpeCore[wait.c:43]: [Resource_BlockWait] /dev/mmpm already available !
Jan 01 00:01:44.063    5 16303     1 vpeCore[smmu_lib.c:388]: Waiting for events from the Server
Jan 01 00:01:44.069    4 10208     0 1970-01-01 12:01:44.068603 AM [CDIOManager] <AIRPLAY_SERVER> Property: playbackAllowed
Jan 01 00:01:44.069    3 10208     0 1970-01-01 12:01:44.069611 AM [AirPlay] [_AirTunesServer_PlaybackAllowed] gAirTunesPlaybackAllowed: 1 | playbackAllowed: 1
Jan 01 00:01:44.069    5 20002     0 devp-iso-mmx[isoTX2]: io_close: id=3, handle=-1, rcvID=-1
Jan 01 00:01:44.070    4 10208     0 1970-01-01 12:01:44.070618 AM [AirPlay] [AirPlayReceiverSessionPlatformControl] command: setUpStreams
Jan 01 00:01:44.071    4 10208     0 1970-01-01 12:01:44.070618 AM [AirPlayReceiverSessionScreen] [AirPlayReceiverSessionScreen_Setup]<SCREEN> Latency: 25
Jan 01 00:01:44.076    1 13001     0 qcore[mmpm2_clkmgr.c:373]: [MMPM_LOG_LEVEL_ERROR] MMPM [MmpmClkMgrRelease]: Clock is not requested by the client. coreId = 4 instanceId = 1 clkId = 1 sts = 16 

Jan 01 00:01:44.103    5 20002     0 devp-iso-mmx[isoTX2]: io_open: id=3, flags=0x00008002
Jan 01 00:01:44.104    5 20002     0 devp-iso-mmx[isoTX2]: DEVCTL:Queue has been flushed. First Packet cleared
Jan 01 00:01:44.105    5 20002     0 devp-iso-mmx[isoTX2]: DEVCTL: START: Max queue size set to 12032 (64 blocks)
Jan 01 00:01:44.117    5 16013   1459 videoCore[wait.c:43]: [Resource_BlockWait] /dev/mmpm already available !
Jan 01 00:01:44.129    5 16303     1 videoCore[smmu_lib.c:388]: Waiting for events from the Server
Jan 01 00:01:44.146    5 16013   1459 vpeCore[wait.c:43]: [Resource_BlockWait] /dev/mmpm already available !
Jan 01 00:01:44.150    5 16303     1 vpeCore[smmu_lib.c:388]: Waiting for events from the Server
Jan 01 00:01:44.156    5 20002     0 devp-iso-mmx[isoTX2]: io_close: id=3, handle=-1, rcvID=-1
Jan 01 00:01:44.163    1 13001     0 qcore[mmpm2_clkmgr.c:373]: [MMPM_LOG_LEVEL_ERROR] MMPM [MmpmClkMgrRelease]: Clock is not requested by the client. coreId = 4 instanceId = 1 clkId = 1 sts = 16 

Jan 01 00:01:44.190    5 20002     0 devp-iso-mmx[isoTX2]: io_open: id=3, flags=0x00008002
Jan 01 00:01:44.191    5 20002     0 devp-iso-mmx[isoTX2]: DEVCTL:Queue has been flushed. First Packet cleared
Jan 01 00:01:44.191    5 20002     0 devp-iso-mmx[isoTX2]: DEVCTL: START: Max queue size set to 12032 (64 blocks)
Jan 01 00:01:44.206    5 16013   1459 videoCore[wait.c:43]: [Resource_BlockWait] /dev/mmpm already available !
Jan 01 00:01:44.217    5 16303     1 videoCore[smmu_lib.c:388]: Waiting for events from the Server
Jan 01 00:01:44.236    5 16013   1459 vpeCore[wait.c:43]: [Resource_BlockWait] /dev/mmpm already available !
Jan 01 00:01:44.241    5 16303     1 vpeCore[smmu_lib.c:388]: Waiting for events from the Server
Jan 01 00:01:44.246    5 20002     0 devp-iso-mmx[isoTX2]: io_close: id=3, handle=-1, rcvID=-1
Jan 01 00:01:44.253    1 13001     0 qcore[mmpm2_clkmgr.c:373]: [MMPM_LOG_LEVEL_ERROR] MMPM [MmpmClkMgrRelease]: Clock is not requested by the client. coreId = 4 instanceId = 1 clkId = 1 sts = 16 

Jan 01 00:01:44.281    5 20002     0 devp-iso-mmx[isoTX2]: io_open: id=3, flags=0x00008002
Jan 01 00:01:44.282    5 20002     0 devp-iso-mmx[isoTX2]: DEVCTL:Queue has been flushed. First Packet cleared
Jan 01 00:01:44.282    5 20002     0 devp-iso-mmx[isoTX2]: DEVCTL: START: Max queue size set to 12032 (64 blocks)
Jan 01 00:01:44.299    5 16013   1459 videoCore[wait.c:43]: [Resource_BlockWait] /dev/mmpm already available !
Jan 01 00:01:44.313    5 16303     1 videoCore[smmu_lib.c:388]: Waiting for events from the Server
Jan 01 00:01:44.334    5 16013   1459 vpeCore[wait.c:43]: [Resource_BlockWait] /dev/mmpm already available !
Jan 01 00:01:44.341    5 16303     1 vpeCore[smmu_lib.c:388]: Waiting for events from the Server
Jan 01 00:01:44.350    5 20002     0 devp-iso-mmx[isoTX2]: io_close: id=3, handle=-1, rcvID=-1
Jan 01 00:01:44.359    1 13001     0 qcore[mmpm2_clkmgr.c:373]: [MMPM_LOG_LEVEL_ERROR] MMPM [MmpmClkMgrRelease]: Clock is not requested by the client. coreId = 4 instanceId = 1 clkId = 1 sts = 16 

Jan 01 00:01:44.386    5 20002     0 devp-iso-mmx[isoTX2]: io_open: id=3, flags=0x00008002
Jan 01 00:01:44.387    5 20002     0 devp-iso-mmx[isoTX2]: DEVCTL:Queue has been flushed. First Packet cleared
Jan 01 00:01:44.388    5 20002     0 devp-iso-mmx[isoTX2]: DEVCTL: START: Max queue size set to 12032 (64 blocks)
Jan 01 00:01:44.401    5 16013   1459 videoCore[wait.c:43]: [Resource_BlockWait] /dev/mmpm already available !
Jan 01 00:01:44.414    5 16303     1 videoCore[smmu_lib.c:388]: Waiting for events from the Server
Jan 01 00:01:44.436    5 16013   1459 vpeCore[wait.c:43]: [Resource_BlockWait] /dev/mmpm already available !
Jan 01 00:01:44.440    5 16303     1 vpeCore[smmu_lib.c:388]: Waiting for events from the Server
Jan 01 00:01:44.446    5 20002     0 devp-iso-mmx[isoTX2]: io_close: id=3, handle=-1, rcvID=-1
Jan 01 00:01:44.453    1 13001     0 qcore[mmpm2_clkmgr.c:373]: [MMPM_LOG_LEVEL_ERROR] MMPM [MmpmClkMgrRelease]: Clock is not requested by the client. coreId = 4 instanceId = 1 clkId = 1 sts = 16 

Jan 01 00:01:44.476    5 20002     0 devp-iso-mmx[isoTX2]: io_open: id=3, flags=0x00008002
Jan 01 00:01:44.477    5 20002     0 devp-iso-mmx[isoTX2]: DEVCTL:Queue has been flushed. First Packet cleared
Jan 01 00:01:44.477    5 20002     0 devp-iso-mmx[isoTX2]: DEVCTL: START: Max queue size set to 12032 (64 blocks)
Jan 01 00:01:44.491    5 16013   1459 videoCore[wait.c:43]: [Resource_BlockWait] /dev/mmpm already available !
Jan 01 00:01:44.502    5 16303     1 videoCore[smmu_lib.c:388]: Waiting for events from the Server
Jan 01 00:01:44.520    5 16013   1459 vpeCore[wait.c:43]: [Resource_BlockWait] /dev/mmpm already available !
Jan 01 00:01:44.525    5 16303     1 vpeCore[smmu_lib.c:388]: Waiting for events from the Server
Jan 01 00:01:44.531    5 20002     0 devp-iso-mmx[isoTX2]: io_close: id=3, handle=-1, rcvID=-1
Jan 01 00:01:44.537    1 13001     0 qcore[mmpm2_clkmgr.c:373]: [MMPM_LOG_LEVEL_ERROR] MMPM [MmpmClkMgrRelease]: Clock is not requested by the client. coreId = 4 instanceId = 1 clkId = 1 sts = 16 

Jan 01 00:01:44.566    5 20002     0 devp-iso-mmx[isoTX2]: io_open: id=3, flags=0x00008002
Jan 01 00:01:44.566    5 20002     0 devp-iso-mmx[isoTX2]: DEVCTL:Queue has been flushed. First Packet cleared
Jan 01 00:01:44.567    5 20002     0 devp-iso-mmx[isoTX2]: DEVCTL: START: Max queue size set to 12032 (64 blocks)
Jan 01 00:01:44.577    5 16013   1459 videoCore[wait.c:43]: [Resource_BlockWait] /dev/mmpm already available !
Jan 01 00:01:44.588    5 16303     1 videoCore[smmu_lib.c:388]: Waiting for events from the Server
Jan 01 00:01:44.612    5 16013   1459 vpeCore[wait.c:43]: [Resource_BlockWait] /dev/mmpm already available !
Jan 01 00:01:44.619    5 16303     1 vpeCore[smmu_lib.c:388]: Waiting for events from the Server
Jan 01 00:01:44.628    5 20002     0 devp-iso-mmx[isoTX2]: io_close: id=3, handle=-1, rcvID=-1
Jan 01 00:01:44.630    5 10107   1001 00:01:44.630 MMX BENCH_Startup: [AUDIO] fade-to EAC: 154
Jan 01 00:01:44.637    1 13001     0 qcore[mmpm2_clkmgr.c:373]: [MMPM_LOG_LEVEL_ERROR] MMPM [MmpmClkMgrRelease]: Clock is not requested by the client. coreId = 4 instanceId = 1 clkId = 1 sts = 16 

Jan 01 00:01:44.665    5 20002     0 devp-iso-mmx[isoTX2]: io_open: id=3, flags=0x00008002
Jan 01 00:01:44.666    5 20002     0 devp-iso-mmx[isoTX2]: DEVCTL:Queue has been flushed. First Packet cleared
Jan 01 00:01:44.667    5 20002     0 devp-iso-mmx[isoTX2]: DEVCTL: START: Max queue size set to 12032 (64 blocks)
Jan 01 00:01:44.678    5 16013   1459 videoCore[wait.c:43]: [Resource_BlockWait] /dev/mmpm already available !
Jan 01 00:01:44.693    5 16303     1 videoCore[smmu_lib.c:388]: Waiting for events from the Server
Jan 01 00:01:44.712    5 16013   1459 vpeCore[wait.c:43]: [Resource_BlockWait] /dev/mmpm already available !
Jan 01 00:01:44.716    5 16303     1 vpeCore[smmu_lib.c:388]: Waiting for events from the Server
Jan 01 00:01:44.724    5 20002     0 devp-iso-mmx[isoTX2]: io_close: id=3, handle=-1, rcvID=-1
Jan 01 00:01:44.731    1 13001     0 qcore[mmpm2_clkmgr.c:373]: [MMPM_LOG_LEVEL_ERROR] MMPM [MmpmClkMgrRelease]: Clock is not requested by the client. coreId = 4 instanceId = 1 clkId = 1 sts = 16 

Jan 01 00:01:44.765    5 20002     0 devp-iso-mmx[isoTX2]: io_open: id=3, flags=0x00008002
Jan 01 00:01:44.767    5 20002     0 devp-iso-mmx[isoTX2]: DEVCTL:Queue has been flushed. First Packet cleared
Jan 01 00:01:44.767    5 20002     0 devp-iso-mmx[isoTX2]: DEVCTL: START: Max queue size set to 12032 (64 blocks)
Jan 01 00:01:44.781    5 16013   1459 videoCore[wait.c:43]: [Resource_BlockWait] /dev/mmpm already available !
Jan 01 00:01:44.794    5 16303     1 videoCore[smmu_lib.c:388]: Waiting for events from the Server
Jan 01 00:01:44.816    5 16013   1459 vpeCore[wait.c:43]: [Resource_BlockWait] /dev/mmpm already available !
Jan 01 00:01:44.820    5 16303     1 vpeCore[smmu_lib.c:388]: Waiting for events from the Server
Jan 01 00:01:44.826    5 20002     0 devp-iso-mmx[isoTX2]: io_close: id=3, handle=-1, rcvID=-1
Jan 01 00:01:44.832    1 13001     0 qcore[mmpm2_clkmgr.c:373]: [MMPM_LOG_LEVEL_ERROR] MMPM [MmpmClkMgrRelease]: Clock is not requested by the client. coreId = 4 instanceId = 1 clkId = 1 sts = 16 

Jan 01 00:01:44.854    5 20002     0 devp-iso-mmx[isoTX2]: io_open: id=3, flags=0x00008002
Jan 01 00:01:44.855    5 20002     0 devp-iso-mmx[isoTX2]: DEVCTL:Queue has been flushed. First Packet cleared
Jan 01 00:01:44.856    5 20002     0 devp-iso-mmx[isoTX2]: DEVCTL: START: Max queue size set to 12032 (64 blocks)
Jan 01 00:01:44.867    5 16013   1459 videoCore[wait.c:43]: [Resource_BlockWait] /dev/mmpm already available !
Jan 01 00:01:44.878    5 16303     1 videoCore[smmu_lib.c:388]: Waiting for events from the Server
Jan 01 00:01:44.896    5 16013   1459 vpeCore[wait.c:43]: [Resource_BlockWait] /dev/mmpm already available !
Jan 01 00:01:44.902    5 16303     1 vpeCore[smmu_lib.c:388]: Waiting for events from the Server
Jan 01 00:01:44.906    5 20002     0 devp-iso-mmx[isoTX2]: io_close: id=3, handle=-1, rcvID=-1
Jan 01 00:01:44.912    1 13001     0 qcore[mmpm2_clkmgr.c:373]: [MMPM_LOG_LEVEL_ERROR] MMPM [MmpmClkMgrRelease]: Clock is not requested by the client. coreId = 4 instanceId = 1 clkId = 1 sts = 16 

Jan 01 00:01:44.933    5 20002     0 devp-iso-mmx[isoTX2]: io_open: id=3, flags=0x00008002
Jan 01 00:01:44.934    5 20002     0 devp-iso-mmx[isoTX2]: DEVCTL:Queue has been flushed. First Packet cleared
Jan 01 00:01:44.934    5 20002     0 devp-iso-mmx[isoTX2]: DEVCTL: START: Max queue size set to 12032 (64 blocks)
Jan 01 00:01:44.946    5 16013   1459 videoCore[wait.c:43]: [Resource_BlockWait] /dev/mmpm already available !
Jan 01 00:01:44.956    5 16303     1 videoCore[smmu_lib.c:388]: Waiting for events from the Server
Jan 01 00:01:44.974    5 16013   1459 vpeCore[wait.c:43]: [Resource_BlockWait] /dev/mmpm already available !
Jan 01 00:01:44.979    5 16303     1 vpeCore[smmu_lib.c:388]: Waiting for events from the Server
Jan 01 00:01:44.984    5 20002     0 devp-iso-mmx[isoTX2]: io_close: id=3, handle=-1, rcvID=-1
Jan 01 00:01:44.989    1 13001     0 qcore[mmpm2_clkmgr.c:373]: [MMPM_LOG_LEVEL_ERROR] MMPM [MmpmClkMgrRelease]: Clock is not requested by the client. coreId = 4 instanceId = 1 clkId = 1 sts = 16 

Jan 01 00:01:45.016    5 20002     0 devp-iso-mmx[isoTX2]: io_open: id=3, flags=0x00008002
Jan 01 00:01:45.016    5 20002     0 devp-iso-mmx[isoTX2]: DEVCTL:Queue has been flushed. First Packet cleared
Jan 01 00:01:45.017    5 20002     0 devp-iso-mmx[isoTX2]: DEVCTL: START: Max queue size set to 12032 (64 blocks)
Jan 01 00:01:45.029    5 16013   1459 videoCore[wait.c:43]: [Resource_BlockWait] /dev/mmpm already available !
Jan 01 00:01:45.041    5 16303     1 videoCore[smmu_lib.c:388]: Waiting for events from the Server
Jan 01 00:01:45.057    5 16013   1459 vpeCore[wait.c:43]: [Resource_BlockWait] /dev/mmpm already available !
Jan 01 00:01:45.061    5 16303     1 vpeCore[smmu_lib.c:388]: Waiting for events from the Server
Jan 01 00:01:45.066    5 20002     0 devp-iso-mmx[isoTX2]: io_close: id=3, handle=-1, rcvID=-1
Jan 01 00:01:45.072    1 13001     0 qcore[mmpm2_clkmgr.c:373]: [MMPM_LOG_LEVEL_ERROR] MMPM [MmpmClkMgrRelease]: Clock is not requested by the client. coreId = 4 instanceId = 1 clkId = 1 sts = 16 

Jan 01 00:01:45.094    5 20002     0 devp-iso-mmx[isoTX2]: io_open: id=3, flags=0x00008002
Jan 01 00:01:45.095    5 20002     0 devp-iso-mmx[isoTX2]: DEVCTL:Queue has been flushed. First Packet cleared
Jan 01 00:01:45.095    5 20002     0 devp-iso-mmx[isoTX2]: DEVCTL: START: Max queue size set to 12032 (64 blocks)
Jan 01 00:01:45.113    5 16013   1459 videoCore[wait.c:43]: [Resource_BlockWait] /dev/mmpm already available !
Jan 01 00:01:45.123    5 16303     1 videoCore[smmu_lib.c:388]: Waiting for events from the Server
Jan 01 00:01:45.139    5 16013   1459 vpeCore[wait.c:43]: [Resource_BlockWait] /dev/mmpm already available !
Jan 01 00:01:45.145    5 16303     1 vpeCore[smmu_lib.c:388]: Waiting for events from the Server
Jan 01 00:01:45.150    5 20002     0 devp-iso-mmx[isoTX2]: io_close: id=3, handle=-1, rcvID=-1
Jan 01 00:01:45.156    1 13001     0 qcore[mmpm2_clkmgr.c:373]: [MMPM_LOG_LEVEL_ERROR] MMPM [MmpmClkMgrRelease]: Clock is not requested by the client. coreId = 4 instanceId = 1 clkId = 1 sts = 16 

Jan 01 00:01:45.181    5 20002     0 devp-iso-mmx[isoTX2]: io_open: id=3, flags=0x00008002
Jan 01 00:01:45.183    5 20002     0 devp-iso-mmx[isoTX2]: DEVCTL:Queue has been flushed. First Packet cleared
Jan 01 00:01:45.184    5 20002     0 devp-iso-mmx[isoTX2]: DEVCTL: START: Max queue size set to 12032 (64 blocks)
Jan 01 00:01:45.197    5 16013   1459 videoCore[wait.c:43]: [Resource_BlockWait] /dev/mmpm already available !
Jan 01 00:01:45.208    5 16303     1 videoCore[smmu_lib.c:388]: Waiting for events from the Server
Jan 01 00:01:45.229    5 16013   1459 vpeCore[wait.c:43]: [Resource_BlockWait] /dev/mmpm already available !
Jan 01 00:01:45.233    5 16303     1 vpeCore[smmu_lib.c:388]: Waiting for events from the Server
Jan 01 00:01:45.242    5 20002     0 devp-iso-mmx[isoTX2]: io_close: id=3, handle=-1, rcvID=-1
Jan 01 00:01:45.250    1 13001     0 qcore[mmpm2_clkmgr.c:373]: [MMPM_LOG_LEVEL_ERROR] MMPM [MmpmClkMgrRelease]: Clock is not requested by the client. coreId = 4 instanceId = 1 clkId = 1 sts = 16 

Jan 01 00:01:45.274    5 20002     0 devp-iso-mmx[isoTX2]: io_open: id=3, flags=0x00008002
Jan 01 00:01:45.275    5 20002     0 devp-iso-mmx[isoTX2]: DEVCTL:Queue has been flushed. First Packet cleared
Jan 01 00:01:45.276    5 20002     0 devp-iso-mmx[isoTX2]: DEVCTL: START: Max queue size set to 12032 (64 blocks)
Jan 01 00:01:45.291    5 16013   1459 videoCore[wait.c:43]: [Resource_BlockWait] /dev/mmpm already available !
Jan 01 00:01:45.305    5 16303     1 videoCore[smmu_lib.c:388]: Waiting for events from the Server
Jan 01 00:01:45.328    5 16013   1459 vpeCore[wait.c:43]: [Resource_BlockWait] /dev/mmpm already available !
Jan 01 00:01:45.334    5 16303     1 vpeCore[smmu_lib.c:388]: Waiting for events from the Server
Jan 01 00:01:45.342    5 20002     0 devp-iso-mmx[isoTX2]: io_close: id=3, handle=-1, rcvID=-1
Jan 01 00:01:45.353    1 13001     0 qcore[mmpm2_clkmgr.c:373]: [MMPM_LOG_LEVEL_ERROR] MMPM [MmpmClkMgrRelease]: Clock is not requested by the client. coreId = 4 instanceId = 1 clkId = 1 sts = 16 

Jan 01 00:01:45.387    5 20002     0 devp-iso-mmx[isoTX2]: io_open: id=3, flags=0x00008002
Jan 01 00:01:45.391    5 20002     0 devp-iso-mmx[isoTX2]: DEVCTL:Queue has been flushed. First Packet cleared
Jan 01 00:01:45.392    5 20002     0 devp-iso-mmx[isoTX2]: DEVCTL: START: Max queue size set to 12032 (64 blocks)
Jan 01 00:01:45.409    5 16013   1459 videoCore[wait.c:43]: [Resource_BlockWait] /dev/mmpm already available !
Jan 01 00:01:45.428    4 10256    23 [81945:31][wfd_BindSourceToPipelineInternal:1194]ATTACHING A NULL SOURCE TO PIPELINE, layer_id=5, pipe->src_image=0x00000000, pPort=0x782137b8, pBoundPort=0x00000000
Jan 01 00:01:45.428    4 10256    23 [81945:31][wfd_BindSourceToPipelineInternal:1194]ATTACHING A NULL SOURCE TO PIPELINE, layer_id=6, pipe->src_image=0x00000000, pPort=0x782137b8, pBoundPort=0x00000000
Jan 01 00:01:45.429    5 16303     1 videoCore[smmu_lib.c:388]: Waiting for events from the Server
Jan 01 00:01:45.430    4 10256    23 [81945:27][wfdCreateWFDEGLImagesQNX:1843]CREATED count=2 nativeImages with width=328, height=181, format=8, usage=0x00000026, flags=0x2, size=0x00042000, strides=[1408 0]
Jan 01 00:01:45.474    5     8   100 (name:maneuver_render)(pid:23715889)(tid:1) I/Adreno-EGL: <qeglDrvAPI_eglInitialize:379>: EGL 1.4 QUALCOMM Build: 3929146
Jan 01 00:01:45.476    5 16013   1459 vpeCore[wait.c:43]: [Resource_BlockWait] /dev/mmpm already available !
Jan 01 00:01:45.494    5 16303     1 vpeCore[smmu_lib.c:388]: Waiting for events from the Server
Jan 01 00:01:45.513    5 20002     0 devp-iso-mmx[isoTX2]: io_close: id=3, handle=-1, rcvID=-1
Jan 01 00:01:45.515    5     8   100 (name:maneuver_render)(pid:23715889)(tid:1) E/Adreno-ES20: <rb_context_create:936>: using num_swaps_before_free = 200
Jan 01 00:01:45.515    5     8   100 (name:maneuver_render)(pid:23715889)(tid:1) E/Adreno-ES20: <rb_context_create:943>: using aging_ts_threshold = 20
Jan 01 00:01:45.515    5     8   100 (name:maneuver_render)(pid:23715889)(tid:3) E/Adreno-ES20: <rb_mem_pool_cleanup_thread:985>: mem_pool thread created 
Jan 01 00:01:45.521    5     8   100 (name:maneuver_render)(pid:23715889)(tid:1) E/Adreno-ES20: <api_profiler_control_open:1134>: API TRACE PROFILER: checking control
Jan 01 00:01:45.539    1 13001     0 qcore[mmpm2_clkmgr.c:373]: [MMPM_LOG_LEVEL_ERROR] MMPM [MmpmClkMgrRelease]: Clock is not requested by the client. coreId = 4 instanceId = 1 clkId = 1 sts = 16 

Jan 01 00:01:45.597    5 20002     0 devp-iso-mmx[isoTX2]: io_open: id=3, flags=0x00008002
Jan 01 00:01:45.602    5 20002     0 devp-iso-mmx[isoTX2]: DEVCTL:Queue has been flushed. First Packet cleared
Jan 01 00:01:45.603    5 20002     0 devp-iso-mmx[isoTX2]: DEVCTL: START: Max queue size set to 12032 (64 blocks)
Jan 01 00:01:45.636    5 16013   1459 videoCore[wait.c:43]: [Resource_BlockWait] /dev/mmpm already available !
Jan 01 00:01:45.664    5 16303     1 videoCore[smmu_lib.c:388]: Waiting for events from the Server
Jan 01 00:01:45.698    5 16013   1459 vpeCore[wait.c:43]: [Resource_BlockWait] /dev/mmpm already available !
Jan 01 00:01:45.707    5 16303     1 vpeCore[smmu_lib.c:388]: Waiting for events from the Server
Jan 01 00:01:45.719    5 20002     0 devp-iso-mmx[isoTX2]: io_close: id=3, handle=-1, rcvID=-1
Jan 01 00:01:45.732    1 13001     0 qcore[mmpm2_clkmgr.c:373]: [MMPM_LOG_LEVEL_ERROR] MMPM [MmpmClkMgrRelease]: Clock is not requested by the client. coreId = 4 instanceId = 1 clkId = 1 sts = 16 

Jan 01 00:01:45.766    5 10000     0 00:01:45.766 MMX BENCH_Startup DisplayManager: new window available 98
Jan 01 00:01:45.773    5 20002     0 devp-iso-mmx[isoTX2]: io_open: id=3, flags=0x00008002
Jan 01 00:01:45.775    5 20002     0 devp-iso-mmx[isoTX2]: DEVCTL:Queue has been flushed. First Packet cleared
Jan 01 00:01:45.775    5 20002     0 devp-iso-mmx[isoTX2]: DEVCTL: START: Max queue size set to 12032 (64 blocks)
Jan 01 00:01:45.789    5 16013   1459 videoCore[wait.c:43]: [Resource_BlockWait] /dev/mmpm already available !
Jan 01 00:01:45.801    5 16303     1 videoCore[smmu_lib.c:388]: Waiting for events from the Server
Jan 01 00:01:45.829    7    15     0 qnet(kif): server_lookup(): invalid scoid 122, 122

Jan 01 00:01:45.830    5 16013   1459 vpeCore[wait.c:43]: [Resource_BlockWait] /dev/mmpm already available !
Jan 01 00:01:45.837    5 16303     1 vpeCore[smmu_lib.c:388]: Waiting for events from the Server
Jan 01 00:01:45.846    5 20002     0 devp-iso-mmx[isoTX2]: io_close: id=3, handle=-1, rcvID=-1
Jan 01 00:01:45.858    1 13001     0 qcore[mmpm2_clkmgr.c:373]: [MMPM_LOG_LEVEL_ERROR] MMPM [MmpmClkMgrRelease]: Clock is not requested by the client. coreId = 4 instanceId = 1 clkId = 1 sts = 16 

Jan 01 00:01:45.889    5 20002     0 devp-iso-mmx[isoTX2]: io_open: id=3, flags=0x00008002
Jan 01 00:01:45.891    5 20002     0 devp-iso-mmx[isoTX2]: DEVCTL:Queue has been flushed. First Packet cleared
Jan 01 00:01:45.891    5 20002     0 devp-iso-mmx[isoTX2]: DEVCTL: START: Max queue size set to 12032 (64 blocks)
Jan 01 00:01:45.905    5 16013   1459 videoCore[wait.c:43]: [Resource_BlockWait] /dev/mmpm already available !
Jan 01 00:01:45.918    5 16303     1 videoCore[smmu_lib.c:388]: Waiting for events from the Server
Jan 01 00:01:45.942    5 16013   1459 vpeCore[wait.c:43]: [Resource_BlockWait] /dev/mmpm already available !
Jan 01 00:01:45.948    5 16303     1 vpeCore[smmu_lib.c:388]: Waiting for events from the Server
Jan 01 00:01:45.955    5 20002     0 devp-iso-mmx[isoTX2]: io_close: id=3, handle=-1, rcvID=-1
Jan 01 00:01:45.964    1 13001     0 qcore[mmpm2_clkmgr.c:373]: [MMPM_LOG_LEVEL_ERROR] MMPM [MmpmClkMgrRelease]: Clock is not requested by the client. coreId = 4 instanceId = 1 clkId = 1 sts = 16 

Jan 01 00:01:45.993    5 20002     0 devp-iso-mmx[isoTX2]: io_open: id=3, flags=0x00008002
Jan 01 00:01:45.995    5 20002     0 devp-iso-mmx[isoTX2]: DEVCTL:Queue has been flushed. First Packet cleared
Jan 01 00:01:45.996    5 20002     0 devp-iso-mmx[isoTX2]: DEVCTL: START: Max queue size set to 12032 (64 blocks)
Jan 01 00:01:46.015    5 16013   1459 videoCore[wait.c:43]: [Resource_BlockWait] /dev/mmpm already available !
Jan 01 00:01:46.028    5 16303     1 videoCore[smmu_lib.c:388]: Waiting for events from the Server
Jan 01 00:01:46.049    5 16013   1459 vpeCore[wait.c:43]: [Resource_BlockWait] /dev/mmpm already available !
Jan 01 00:01:46.054    5 16303     1 vpeCore[smmu_lib.c:388]: Waiting for events from the Server
Jan 01 00:01:46.062    5 20002     0 devp-iso-mmx[isoTX2]: io_close: id=3, handle=-1, rcvID=-1
Jan 01 00:01:46.067    1 13001     0 qcore[mmpm2_clkmgr.c:373]: [MMPM_LOG_LEVEL_ERROR] MMPM [MmpmClkMgrRelease]: Clock is not requested by the client. coreId = 4 instanceId = 1 clkId = 1 sts = 16 

Jan 01 00:01:46.094    5 20002     0 devp-iso-mmx[isoTX2]: io_open: id=3, flags=0x00008002
Jan 01 00:01:46.096    5 20002     0 devp-iso-mmx[isoTX2]: DEVCTL:Queue has been flushed. First Packet cleared
Jan 01 00:01:46.097    5 20002     0 devp-iso-mmx[isoTX2]: DEVCTL: START: Max queue size set to 12032 (64 blocks)
Jan 01 00:01:46.111    5 16013   1459 videoCore[wait.c:43]: [Resource_BlockWait] /dev/mmpm already available !
Jan 01 00:01:46.123    5 16303     1 videoCore[smmu_lib.c:388]: Waiting for events from the Server
Jan 01 00:01:46.141    5 16013   1459 vpeCore[wait.c:43]: [Resource_BlockWait] /dev/mmpm already available !
Jan 01 00:01:46.146    5 16303     1 vpeCore[smmu_lib.c:388]: Waiting for events from the Server
Jan 01 00:01:46.152    5 20002     0 devp-iso-mmx[isoTX2]: io_close: id=3, handle=-1, rcvID=-1
Jan 01 00:01:46.159    1 13001     0 qcore[mmpm2_clkmgr.c:373]: [MMPM_LOG_LEVEL_ERROR] MMPM [MmpmClkMgrRelease]: Clock is not requested by the client. coreId = 4 instanceId = 1 clkId = 1 sts = 16 

Jan 01 00:01:46.179    5 20002     0 devp-iso-mmx[isoTX2]: io_open: id=3, flags=0x00008002
Jan 01 00:01:46.180    5 20002     0 devp-iso-mmx[isoTX2]: DEVCTL:Queue has been flushed. First Packet cleared
Jan 01 00:01:46.181    5 20002     0 devp-iso-mmx[isoTX2]: DEVCTL: START: Max queue size set to 12032 (64 blocks)
Jan 01 00:01:46.194    5 16013   1459 videoCore[wait.c:43]: [Resource_BlockWait] /dev/mmpm already available !
Jan 01 00:01:46.205    5 16303     1 videoCore[smmu_lib.c:388]: Waiting for events from the Server
Jan 01 00:01:46.225    5 16013   1459 vpeCore[wait.c:43]: [Resource_BlockWait] /dev/mmpm already available !
Jan 01 00:01:46.230    5 16303     1 vpeCore[smmu_lib.c:388]: Waiting for events from the Server
Jan 01 00:01:46.239    5 20002     0 devp-iso-mmx[isoTX2]: io_close: id=3, handle=-1, rcvID=-1
Jan 01 00:01:46.248    1 13001     0 qcore[mmpm2_clkmgr.c:373]: [MMPM_LOG_LEVEL_ERROR] MMPM [MmpmClkMgrRelease]: Clock is not requested by the client. coreId = 4 instanceId = 1 clkId = 1 sts = 16 

Jan 01 00:01:46.275    5 20002     0 devp-iso-mmx[isoTX2]: io_open: id=3, flags=0x00008002
Jan 01 00:01:46.277    5 20002     0 devp-iso-mmx[isoTX2]: DEVCTL:Queue has been flushed. First Packet cleared
Jan 01 00:01:46.278    5 20002     0 devp-iso-mmx[isoTX2]: DEVCTL: START: Max queue size set to 12032 (64 blocks)
Jan 01 00:01:46.301    5 16013   1459 videoCore[wait.c:43]: [Resource_BlockWait] /dev/mmpm already available !
Jan 01 00:01:46.302    4 10208     0 1970-01-01 12:01:46.302544 AM [AirPlay] <AirPlay> Modes changed: screen accessory, mainAudio accessory, speech n/a (none), phone n/a, turns n/a
Jan 01 00:01:46.305    4 10208     0 1970-01-01 12:01:46.304559 AM [ScreenStream] <SCREEN> Creating...
Jan 01 00:01:46.306    4 10208     0 1970-01-01 12:01:46.306573 AM [OmxVideoImpl] [initialize]<VIDEO_STREAMING> Initializing...
Jan 01 00:01:46.307    4 10208     0 1970-01-01 12:01:46.307580 AM [COMXVideoDecoder] [init]<VIDEO_DECODER> Initialize (thread: name=videoDecoderThread, prio = 18, slots = 16)
Jan 01 00:01:46.308    4 10208     0 1970-01-01 12:01:46.308587 AM [CCommandThread] [thread]<COMMAND_THREAD> Starting thread...
Jan 01 00:01:46.309    4 10208     0 1970-01-01 12:01:46.309595 AM [AirPlay] [AirPlayReceiverSessionPlatformControl] command: disableBluetooth
Jan 01 00:01:46.310    4 10208     0 1970-01-01 12:01:46.309595 AM [CDIOManager] <SESSION> Command received: disableBluetooth
Jan 01 00:01:46.315    4 10208     0 1970-01-01 12:01:46.314630 AM [AirPlay] <AirPlay> Modes changed: screen accessory, mainAudio controller, speech controller (speaking), phone n/a, turns n/a
Jan 01 00:01:46.320    5 16013   1459 dio_manager[wait.c:47]: [Resource_BlockWait] Waiting for /dev/diag ..
Jan 01 00:01:46.322    4 10208     0 1970-01-01 12:01:46.321681 AM [AirPlay] <AirPlay> Modes changed: screen controller, mainAudio controller, speech controller (speaking), phone n/a, turns n/a
Jan 01 00:01:46.322    5 16303     1 videoCore[smmu_lib.c:388]: Waiting for events from the Server
Jan 01 00:01:46.331    4 10208     0 1970-01-01 12:01:46.331753 AM [CDIOManager] <AIRPLAY_SERVER> Property: playbackAllowed
Jan 01 00:01:46.332    3 10208     0 1970-01-01 12:01:46.332760 AM [AirPlay] [_AirTunesServer_PlaybackAllowed] gAirTunesPlaybackAllowed: 1 | playbackAllowed: 1
Jan 01 00:01:46.336    4 10208     0 1970-01-01 12:01:46.336789 AM [AirPlay] <AirPlay><RTP_AUDIO> Buffering 50 [ms], sample rate: 16000, bpf: 2
Jan 01 00:01:46.344    4 10208     0 1970-01-01 12:01:46.343839 AM [ScreenStream] [_ScreenStreamSetProperty]<SCREEN> inProperty: maxFPS
Jan 01 00:01:46.345    4 10208     0 1970-01-01 12:01:46.344846 AM [ScreenStream] [_ScreenStreamSetProperty]<SCREEN> inProperty: xOffset
Jan 01 00:01:46.345    4 10208     0 1970-01-01 12:01:46.345853 AM [ScreenStream] [_ScreenStreamSetProperty]<SCREEN> inProperty: yOffset
Jan 01 00:01:46.346    4 10208     0 1970-01-01 12:01:46.346860 AM [ScreenStream] [_ScreenStreamSetProperty]<SCREEN> inProperty: windowWidth
Jan 01 00:01:46.346    4 10208     0 1970-01-01 12:01:46.346860 AM [ScreenStream] [_ScreenStreamSetProperty]<SCREEN> inProperty: windowHeight
Jan 01 00:01:46.347    4 10208     0 1970-01-01 12:01:46.346860 AM [ScreenStream] [_ScreenStreamSetProperty]<SCREEN> inProperty: widthPixels
Jan 01 00:01:46.347    4 10208     0 1970-01-01 12:01:46.347868 AM [ScreenStream] [_ScreenStreamSetProperty]<SCREEN> inProperty: heightPixels
Jan 01 00:01:46.348    4 10208     0 1970-01-01 12:01:46.348875 AM [OmxVideoImpl] [start]<VIDEO_STREAMING> Starting...
Jan 01 00:01:46.356    4 10208     0 1970-01-01 12:01:46.351896 AM [CCommandThread] [thread]<COMMAND_THREAD> Starting thread...
Jan 01 00:01:46.364    4 10208     0 1970-01-01 12:01:46.363983 AM [AirPlay] <AirPlay> audioThreadPriority: 18(env="AUDIO_RECEIVER_THREAD_PRIO")
Jan 01 00:01:46.367    4 10208     0 1970-01-01 12:01:46.365997 AM [AirPlay] [AirPlayReceiverSessionPlatformControl] command: setUpStreams
Jan 01 00:01:46.368    4 10208     0 1970-01-01 12:01:46.367004 AM [AirPlay] [_UpdateStreams]<AUDIO> Main audio setting up PCM/16000/16/1 for speechRecognition, input yes, loopback no, volume no
Jan 01 00:01:46.368    5 16013   1459 vpeCore[wait.c:43]: [Resource_BlockWait] /dev/mmpm already available !
Jan 01 00:01:46.369    5 10208     0 1970-01-01 12:01:46.369019 AM [AudioStream] <iPhone>Audio type: speechRecognition
Jan 01 00:01:46.370    4 10208     0 1970-01-01 12:01:46.369019 AM [AudioStream] <AirPlay> Audio type: speechRecognition
Jan 01 00:01:46.371    4 10208     0 1970-01-01 12:01:46.370026 AM [AudioStream] <AirPlay> Audio Format: (16000[kHz] | 16[bits] | channels: 1)
Jan 01 00:01:46.371    4 10208     0 1970-01-01 12:01:46.371033 AM [AudioStream] <AirPlay> [AudioStreamPrepare] [0x00315B28] Audio type provided by iPhone : "kAudioTypeSpeech"
Jan 01 00:01:46.381    5 16303     1 vpeCore[smmu_lib.c:388]: Waiting for events from the Server
Jan 01 00:01:46.390    5 10107   1001 00:01:46.390 MMX BENCH_Startup: StartupManager.requestAppStart(43)
Jan 01 00:01:46.390    5 10107   1001 00:01:46.390 MMX BENCH_Startup: LastmodeHandler#enqueueLastmodeChange(-1, 43)
Jan 01 00:01:46.398    5 20002     0 devp-iso-mmx[isoTX2]: io_close: id=3, handle=-1, rcvID=-1
Jan 01 00:01:46.408    1 13001     0 qcore[mmpm2_clkmgr.c:373]: [MMPM_LOG_LEVEL_ERROR] MMPM [MmpmClkMgrRelease]: Clock is not requested by the client. coreId = 4 instanceId = 1 clkId = 1 sts = 16 

Jan 01 00:01:46.439    5 20002     0 devp-iso-mmx[isoTX2]: io_open: id=3, flags=0x00008002
Jan 01 00:01:46.441    5 20002     0 devp-iso-mmx[isoTX2]: DEVCTL:Queue has been flushed. First Packet cleared
Jan 01 00:01:46.442    5 20002     0 devp-iso-mmx[isoTX2]: DEVCTL: START: Max queue size set to 12032 (64 blocks)
Jan 01 00:01:46.467    5 16013   1459 videoCore[wait.c:43]: [Resource_BlockWait] /dev/mmpm already available !
Jan 01 00:01:46.485    5 16303     1 videoCore[smmu_lib.c:388]: Waiting for events from the Server
Jan 01 00:01:46.505    5 16013   1459 vpeCore[wait.c:43]: [Resource_BlockWait] /dev/mmpm already available !
Jan 01 00:01:46.512    5 16303     1 vpeCore[smmu_lib.c:388]: Waiting for events from the Server
Jan 01 00:01:46.522    5 20002     0 devp-iso-mmx[isoTX2]: io_close: id=3, handle=-1, rcvID=-1
Jan 01 00:01:46.529    1 13001     0 qcore[mmpm2_clkmgr.c:373]: [MMPM_LOG_LEVEL_ERROR] MMPM [MmpmClkMgrRelease]: Clock is not requested by the client. coreId = 4 instanceId = 1 clkId = 1 sts = 16 

Jan 01 00:01:46.557    5 20002     0 devp-iso-mmx[isoTX2]: io_open: id=3, flags=0x00008002
Jan 01 00:01:46.560    5 20002     0 devp-iso-mmx[isoTX2]: DEVCTL:Queue has been flushed. First Packet cleared
Jan 01 00:01:46.560    5 20002     0 devp-iso-mmx[isoTX2]: DEVCTL: START: Max queue size set to 12032 (64 blocks)
Jan 01 00:01:46.572    5 16013   1459 videoCore[wait.c:43]: [Resource_BlockWait] /dev/mmpm already available !
Jan 01 00:01:46.580    5 10107   1001 00:01:46.580 MMX BENCH_Startup: AbstractScreenWidget#connected id 3200000 start
Jan 01 00:01:46.587    5 16303     1 videoCore[smmu_lib.c:388]: Waiting for events from the Server
Jan 01 00:01:46.589    5 10107   1001 00:01:46.589 MMX BENCH_Startup: AbstractScreenWidget#connected id 3200000 finished
Jan 01 00:01:46.594    5 10107   1001 00:01:46.593 MMX BENCH_Startup: AbstractScreenWidget#paint id 3200000 start
Jan 01 00:01:46.595    5 10107   1001 00:01:46.595 MMX BENCH_Startup: AbstractScreenWidget#paint id 3200000 finished
Jan 01 00:01:46.612    4 10208     0 1970-01-01 12:01:46.612758 AM [COMXVideoDecoder] [open]<VIDEO_DECODER> Decoder handle created successfully (0x001DE668)
Jan 01 00:01:46.613    4 10208     0 1970-01-01 12:01:46.612758 AM [ScreenStream] <SCREEN> Configuring video decoder: w=1440, h=542. Window: w =0, h=0, offset(0,0), fps=60)
Jan 01 00:01:46.613    4 10208     0 1970-01-01 12:01:46.613765 AM [OmxVideoImpl] [configure]<VIDEO_STREAMING> Configuring...
Jan 01 00:01:46.615    5 16013   1459 vpeCore[wait.c:43]: [Resource_BlockWait] /dev/mmpm already available !
Jan 01 00:01:46.619    5 16303     1 vpeCore[smmu_lib.c:388]: Waiting for events from the Server
Jan 01 00:01:46.621    4 10208     0 1970-01-01 12:01:46.621823 AM [COMXVideoDecoder] [createBuffers]<VIDEO_DECODER> Input Buffer:  Count = 15 (minNo: 3), Size =  1175040 [B] (width: 1440, height: 542, fps: 60)
Jan 01 00:01:46.622    4 10208     0 1970-01-01 12:01:46.622830 AM [COMXVideoDecoder] [createBuffers]<VIDEO_DECODER> Output Buffer:  Count = 15 (minN0 12), Size =  1278000[B] (width: 1440, height: 542, fps: 60)
Jan 01 00:01:46.624    5 20002     0 devp-iso-mmx[isoTX2]: io_close: id=3, handle=-1, rcvID=-1
Jan 01 00:01:46.625    4 10208     0 1970-01-01 12:01:46.625851 AM [CScreenRender] [config]<SCREEN_RENDERING> Window ID: 58
Jan 01 00:01:46.625    4 10208     0 1970-01-01 12:01:46.625851 AM [CScreenRender] [config]<SCREEN_RENDERING> Window's size: (width: 1440, height: 542)
Jan 01 00:01:46.625    4 10208     0 1970-01-01 12:01:46.625851 AM [CScreenRender] [config]<SCREEN_RENDERING> Window's offset: (x: 0, y: 0)
Jan 01 00:01:46.626    4 10208     0 1970-01-01 12:01:46.626858 AM [CScreenRender] [config]<SCREEN_RENDERING> Number of buffers: 15
Jan 01 00:01:46.626    4 10208     0 1970-01-01 12:01:46.626858 AM [CScreenRender] [setNumOfRenderBuffers]<SCREEN_RENDER> Number of buffers: 15
Jan 01 00:01:46.628    4 10256    23 [81945:25][wfd_BindSourceToPipelineInternal:1194]ATTACHING A NULL SOURCE TO PIPELINE, layer_id=5, pipe->src_image=0x00000000, pPort=0x782137b8, pBoundPort=0x00000000
Jan 01 00:01:46.628    4 10256    23 [81945:25][wfd_BindSourceToPipelineInternal:1194]ATTACHING A NULL SOURCE TO PIPELINE, layer_id=6, pipe->src_image=0x00000000, pPort=0x782137b8, pBoundPort=0x00000000
Jan 01 00:01:46.557    5 20002     0 devp-iso-mmx[isoTX2]: io_open: id=3, flags=0x00008002
Jan 01 00:01:46.560    5 20002     0 devp-iso-mmx[isoTX2]: DEVCTL:Queue has been flushed. First Packet cleared
Jan 01 00:01:46.560    5 20002     0 devp-iso-mmx[isoTX2]: DEVCTL: START: Max queue size set to 12032 (64 blocks)
Jan 01 00:01:46.572    5 16013   1459 videoCore[wait.c:43]: [Resource_BlockWait] /dev/mmpm already available !
Jan 01 00:01:46.580    5 10107   1001 00:01:46.580 MMX BENCH_Startup: AbstractScreenWidget#connected id 3200000 start
Jan 01 00:01:46.587    5 16303     1 videoCore[smmu_lib.c:388]: Waiting for events from the Server
Jan 01 00:01:46.589    5 10107   1001 00:01:46.589 MMX BENCH_Startup: AbstractScreenWidget#connected id 3200000 finished
Jan 01 00:01:46.594    5 10107   1001 00:01:46.593 MMX BENCH_Startup: AbstractScreenWidget#paint id 3200000 start
Jan 01 00:01:46.595    5 10107   1001 00:01:46.595 MMX BENCH_Startup: AbstractScreenWidget#paint id 3200000 finished
Jan 01 00:01:46.612    4 10208     0 1970-01-01 12:01:46.612758 AM [COMXVideoDecoder] [open]<VIDEO_DECODER> Decoder handle created successfully (0x001DE668)
Jan 01 00:01:46.613    4 10208     0 1970-01-01 12:01:46.612758 AM [ScreenStream] <SCREEN> Configuring video decoder: w=1440, h=542. Window: w =0, h=0, offset(0,0), fps=60)
Jan 01 00:01:46.613    4 10208     0 1970-01-01 12:01:46.613765 AM [OmxVideoImpl] [configure]<VIDEO_STREAMING> Configuring...
Jan 01 00:01:46.615    5 16013   1459 vpeCore[wait.c:43]: [Resource_BlockWait] /dev/mmpm already available !
Jan 01 00:01:46.619    5 16303     1 vpeCore[smmu_lib.c:388]: Waiting for events from the Server
Jan 01 00:01:46.621    4 10208     0 1970-01-01 12:01:46.621823 AM [COMXVideoDecoder] [createBuffers]<VIDEO_DECODER> Input Buffer:  Count = 15 (minNo: 3), Size =  1175040 [B] (width: 1440, height: 542, fps: 60)
Jan 01 00:01:46.622    4 10208     0 1970-01-01 12:01:46.622830 AM [COMXVideoDecoder] [createBuffers]<VIDEO_DECODER> Output Buffer:  Count = 15 (minN0 12), Size =  1278000[B] (width: 1440, height: 542, fps: 60)
Jan 01 00:01:46.624    5 20002     0 devp-iso-mmx[isoTX2]: io_close: id=3, handle=-1, rcvID=-1
Jan 01 00:01:46.625    4 10208     0 1970-01-01 12:01:46.625851 AM [CScreenRender] [config]<SCREEN_RENDERING> Window ID: 58
Jan 01 00:01:46.625    4 10208     0 1970-01-01 12:01:46.625851 AM [CScreenRender] [config]<SCREEN_RENDERING> Window's size: (width: 1440, height: 542)
Jan 01 00:01:46.625    4 10208     0 1970-01-01 12:01:46.625851 AM [CScreenRender] [config]<SCREEN_RENDERING> Window's offset: (x: 0, y: 0)
Jan 01 00:01:46.626    4 10208     0 1970-01-01 12:01:46.626858 AM [CScreenRender] [config]<SCREEN_RENDERING> Number of buffers: 15
Jan 01 00:01:46.626    4 10208     0 1970-01-01 12:01:46.626858 AM [CScreenRender] [setNumOfRenderBuffers]<SCREEN_RENDER> Number of buffers: 15
Jan 01 00:01:46.628    4 10256    23 [81945:25][wfd_BindSourceToPipelineInternal:1194]ATTACHING A NULL SOURCE TO PIPELINE, layer_id=5, pipe->src_image=0x00000000, pPort=0x782137b8, pBoundPort=0x00000000
Jan 01 00:01:46.628    4 10256    23 [81945:25][wfd_BindSourceToPipelineInternal:1194]ATTACHING A NULL SOURCE TO PIPELINE, layer_id=6, pipe->src_image=0x00000000, pPort=0x782137b8, pBoundPort=0x00000000
Jan 01 00:01:46.667    5 20002     0 devp-iso-mmx[isoTX2]: io_open: id=3, flags=0x00008002
Jan 01 00:01:46.670    5 20002     0 devp-iso-mmx[isoTX2]: DEVCTL:Queue has been flushed. First Packet cleared
Jan 01 00:01:46.672    5 20002     0 devp-iso-mmx[isoTX2]: DEVCTL: START: Max queue size set to 12032 (64 blocks)
Jan 01 00:01:46.677    4 10256    23 [81945:32][wfdCreateWFDEGLImagesQNX:1843]CREATED count=15 nativeImages with width=1440, height=542, format=65548, usage=0x00000486, flags=0x2, size=0x00139000, strides=[1536 0]
Jan 01 00:01:46.678    4 10208     0 1970-01-01 12:01:46.678225 AM [COMXVideoDecoder] [start]<VIDEO_DECODER> Starting
Jan 01 00:01:46.679    4 10208     0 1970-01-01 12:01:46.679232 AM [COMXVideoDecoder] [goToExecutingState]<VIDEO_DECODER> State: OMX_StateLoaded
Jan 01 00:01:46.679    4 10208     0 1970-01-01 12:01:46.679232 AM [COMXVideoDecoder] [goToIdleState]<VIDEO_DECODER> State: OMX_StateLoaded
Jan 01 00:01:46.680    4 10208     0 1970-01-01 12:01:46.679232 AM [COMXVideoDecoder] [setState]<VIDEO_DECODER> State: OMX_StateIdle
Jan 01 00:01:46.715    5 16013   1459 vpeCore[wait.c:43]: [Resource_BlockWait] /dev/mmpm already available !
Jan 01 00:01:46.721    5 16303     1 vpeCore[smmu_lib.c:388]: Waiting for events from the Server
Jan 01 00:01:46.735    5 20002     0 devp-iso-mmx[isoTX2]: io_close: id=3, handle=-1, rcvID=-1
Jan 01 00:01:46.767    5 20002     0 devp-iso-mmx[isoTX2]: io_open: id=3, flags=0x00008002
Jan 01 00:01:46.768    5 20002     0 devp-iso-mmx[isoTX2]: DEVCTL:Queue has been flushed. First Packet cleared
Jan 01 00:01:46.769    5 20002     0 devp-iso-mmx[isoTX2]: DEVCTL: START: Max queue size set to 12032 (64 blocks)
Jan 01 00:01:46.804    5 16013   1459 vpeCore[wait.c:43]: [Resource_BlockWait] /dev/mmpm already available !
Jan 01 00:01:46.808    5 16303     1 vpeCore[smmu_lib.c:388]: Waiting for events from the Server
Jan 01 00:01:46.815    5 20002     0 devp-iso-mmx[isoTX2]: io_close: id=3, handle=-1, rcvID=-1
Jan 01 00:01:46.844    5 20002     0 devp-iso-mmx[isoTX2]: io_open: id=3, flags=0x00008002
Jan 01 00:01:46.846    5 20002     0 devp-iso-mmx[isoTX2]: DEVCTL:Queue has been flushed. First Packet cleared
Jan 01 00:01:46.846    5 20002     0 devp-iso-mmx[isoTX2]: DEVCTL: START: Max queue size set to 12032 (64 blocks)
Jan 01 00:01:46.883    5 16013   1459 vpeCore[wait.c:43]: [Resource_BlockWait] /dev/mmpm already available !
Jan 01 00:01:46.892    5 16303     1 vpeCore[smmu_lib.c:388]: Waiting for events from the Server
Jan 01 00:01:46.901    5 20002     0 devp-iso-mmx[isoTX2]: io_close: id=3, handle=-1, rcvID=-1
Jan 01 00:01:46.913    4 10208     0 1970-01-01 12:01:46.912900 AM [COMXVideoDecoder] [onEventCallback]<VIDEO_DECODER> Event: OMX_EventCmdComplete (command: OMX_CommandStateSet, data: 2)
Jan 01 00:01:46.915    4 10208     0 1970-01-01 12:01:46.914914 AM [COMXVideoDecoder] [waitState]<VIDEO_DECODER> State (wait: OMX_StateIdle | signaled: OMX_StateIdle)
Jan 01 00:01:46.916    4 10208     0 1970-01-01 12:01:46.916928 AM [COMXVideoDecoder] [setState]<VIDEO_DECODER> State: OMX_StateExecuting
Jan 01 00:01:46.939    4 10208     0 1970-01-01 12:01:46.939086 AM [COMXVideoDecoder] [onEventCallback]<VIDEO_DECODER> Event: OMX_EventCmdComplete (command: OMX_CommandStateSet, data: 3)
Jan 01 00:01:46.940    5 20002     0 devp-iso-mmx[isoTX2]: io_open: id=3, flags=0x00008002
Jan 01 00:01:46.940    4 10208     0 1970-01-01 12:01:46.939086 AM [COMXVideoDecoder] [waitState]<VIDEO_DECODER> State (wait: OMX_StateExecuting | signaled: OMX_StateExecuting)
Jan 01 00:01:46.943    5 20002     0 devp-iso-mmx[isoTX2]: DEVCTL:Queue has been flushed. First Packet cleared
Jan 01 00:01:46.943    5 20002     0 devp-iso-mmx[isoTX2]: DEVCTL: START: Max queue size set to 12032 (64 blocks)
Jan 01 00:01:46.949    4 10208     0 1970-01-01 12:01:46.949158 AM [ScreenStream] [ScreenStreamStart]<SCREEN> Decoder started successfully (configured=1)
Jan 01 00:01:46.958    4 10208     0 1970-01-01 12:01:46.957216 AM [ScreenStream] [_ScreenStreamSetProperty]<SCREEN> inProperty: widthPixels
Jan 01 00:01:46.960    4 10208     0 1970-01-01 12:01:46.959230 AM [ScreenStream] [_ScreenStreamSetProperty]<SCREEN> inProperty: heightPixels
Jan 01 00:01:46.961    4 10208     0 1970-01-01 12:01:46.960237 AM [ScreenStream] [_ScreenStreamSetProperty]<SCREEN> inProperty: avcc
Jan 01 00:01:46.961    4 10208     0 1970-01-01 12:01:46.961245 AM [ScreenStream] [_ScreenStreamSetProperty]<SCREEN> Annex B Header (ptr: 0x007059B8, length: 33)
Jan 01 00:01:46.965    3 10208     0 1970-01-01 12:01:46.965273 AM [AirPlayReceiverSessionScreen] [_AirPlayReceiverSessionScreen_ProcessFrame]<SCREEN> Late frame (623 ms, 1 total late frames)
Jan 01 00:01:46.972    2 13103     0 io-audio[deva_mixer.c:481]: DEVA: deva_mixer_switch_routing_get: ENTER
Jan 01 00:01:46.973    2 13103     0 io-audio[deva_srf_mixer_router.c:1104]: DEVA: deva_mixer_router_get_switch_routing: ENTER
Jan 01 00:01:46.978    2 13103     0 io-audio[deva_srf_mixer_router.c:1121]: DEVA: deva_mixer_router_get_switch_routing: Routing Type: 2
Jan 01 00:01:46.979    2 13103     0 io-audio[deva_srf_mixer_router.c:1144]: DEVA: deva_mixer_router_get_switch_routing: Active Routing:    Input[1]	Output[1]
Jan 01 00:01:46.981    2 13103     0 io-audio[deva_srf_mixer_router.c:1147]: DEVA: deva_mixer_router_get_switch_routing:                    9		131
Jan 01 00:01:46.984    2 13103     0 io-audio[deva_srf_mixer_router.c:1149]: DEVA: deva_mixer_router_get_switch_routing: Available Routing: Input[6]
Jan 01 00:01:46.984    4 10208     0 1970-01-01 12:01:46.984410 AM [AirPlayReceiverSessionScreen] [AirPlayReceiverSessionScreen_UpdateState]<SCREEN>[threadId:44] NONE -> READY
Jan 01 00:01:46.986    2 13103     0 io-audio[deva_srf_mixer_router.c:1152]: DEVA: deva_mixer_router_get_switch_routing:                    0
Jan 01 00:01:46.986    2 10906     2  <videoCore> QTV_VIDEO_TASK:vcdSub.c:9770:2 Invalid frame type
Jan 01 00:01:46.992    2 13103     0 io-audio[deva_srf_mixer_router.c:1152]: DEVA: deva_mixer_router_get_switch_routing:                    9
Jan 01 00:01:46.994    2 13103     0 io-audio[deva_srf_mixer_router.c:1152]: DEVA: deva_mixer_router_get_switch_routing:                    11
Jan 01 00:01:46.995    2 13103     0 io-audio[deva_srf_mixer_router.c:1152]: DEVA: deva_mixer_router_get_switch_routing:                    14
Jan 01 00:01:46.996    2 13103     0 io-audio[deva_srf_mixer_router.c:1152]: DEVA: deva_mixer_router_get_switch_routing:                    15
Jan 01 00:01:46.998    2 13103     0 io-audio[deva_srf_mixer_router.c:1152]: DEVA: deva_mixer_router_get_switch_routing:                    17
Jan 01 00:01:47.001    3 10208     0 1970-01-01 12:01:46.999518 AM [AirPlayReceiverSessionScreen] [_AirPlayReceiverSessionScreen_ProcessFrame]<SCREEN> Late frame (641 ms, 2 total late frames)
Jan 01 00:01:47.001    2 13103     0 io-audio[deva_srf_mixer_router.c:1154]: DEVA: deva_mixer_router_get_switch_routing: Available Routing: Output[2]
Jan 01 00:01:47.003    2 13103     0 io-audio[deva_srf_mixer_router.c:1157]: DEVA: deva_mixer_router_get_switch_routing:                    0
Jan 01 00:01:47.007    2 13103     0 io-audio[deva_srf_mixer_router.c:1157]: DEVA: deva_mixer_router_get_switch_routing:                    131
Jan 01 00:01:47.009    2 13103     0 io-audio[deva_srf_mixer_router.c:1161]: DEVA: deva_mixer_router_get_switch_routing: LEAVE
Jan 01 00:01:47.010    2 13103     0 io-audio[deva_mixer.c:497]: DEVA: deva_mixer_switch_routing_get: LEAVE
Jan 01 00:01:47.015    3 10208     0 1970-01-01 12:01:47.012611 AM [AirPlayReceiverSessionScreen] [_AirPlayReceiverSessionScreen_ProcessFrame]<SCREEN> Late frame (637 ms, 3 total late frames)
Jan 01 00:01:47.017    5 16013   1459 vpeCore[wait.c:43]: [Resource_BlockWait] /dev/mmpm already available !
Jan 01 00:01:47.017    2 13103     0 io-audio[deva_mixer.c:423]: DEVA: deva_mixer_switch_routing_set: ENTER
Jan 01 00:01:47.017    2 13103     0 io-audio[deva_srf_mixer_router.c:852]: DEVA: deva_mixer_router_set_switch_routing: ENTER
Jan 01 00:01:47.018    2 13103     0 io-audio[deva_srf_mixer_router.c:869]: DEVA: deva_mixer_router_set_switch_routing: Routing Type: 2
Jan 01 00:01:47.018    2 13103     0 io-audio[deva_srf_session.c:1287]: DEVA: session_csd_detach_device: ENTER
Jan 01 00:01:47.019    2 13103     0 io-audio[deva_srf_session.c:485]: DEVA: session_deva_timer_detach_stream: ENTER
Jan 01 00:01:47.021    2 13103     0 io-audio[deva_srf_session.c:1191]: DEVA: session_csd_stop: ENTER
Jan 01 00:01:47.022    2 13103     0 io-audio[deva_srf_session.c:1201]: DEVA: session_csd_stop: session state is <1> instead of ACTIVE (2), skipping
Jan 01 00:01:47.023    3 10208     0 1970-01-01 12:01:47.022683 AM [AirPlayReceiverSessionScreen] [_AirPlayReceiverSessionScreen_ProcessFrame]<SCREEN> Late frame (631 ms, 4 total late frames)
Jan 01 00:01:47.023    2 13103     0 io-audio[deva_srf_session.c:1237]: DEVA: session_csd_stop: LEAVE (rc=0x0)
Jan 01 00:01:47.024    5 10000     0 00:01:47.024 MMX BENCH_Startup DisplayManager: new window available 58
Jan 01 00:01:47.024    2 13103     0 io-audio[deva_srf_session.c:543]: DEVA: session_deva_timer_detach_stream: LEAVE (rc=0x0)
Jan 01 00:01:47.025    2 13103     0 io-audio[deva_srf_session.c:1310]: DEVA: session_csd_detach_device: LEAVE (rc=0x0)
Jan 01 00:01:47.026    2 13103     0 io-audio[deva_srf_session.c:1033]: DEVA: session_csd_teardown: ENTER
Jan 01 00:01:47.026    2 13103     0 io-audio[deva_srf_session.c:1628]: DEVA: session_csd_teardown_playback: ENTER
Jan 01 00:01:47.027    3 10208     0 1970-01-01 12:01:47.027719 AM [AirPlayReceiverSessionScreen] [_AirPlayReceiverSessionScreen_ProcessFrame]<SCREEN> Late frame (619 ms, 5 total late frames)
Jan 01 00:01:47.030    2 13103     0 io-audio[deva_csd_priv.c:612]: DEVA: disableContext: SUCCEEDED!
Jan 01 00:01:47.032    2 13103     0 io-audio[deva_csd_priv.c:636]: DEVA: streamDetach: SUCCEEDED!
Jan 01 00:01:47.034    2 13103     0 io-audio[deva_csd_priv.c:677]: DEVA: CSD CLOSE audio context: SUCCEEDED! 
Jan 01 00:01:47.035    2 13103     0 io-audio[deva_csd_priv.c:1397]: DEVA: freeCsdBufferPool: ENTER
Jan 01 00:01:47.037    5 16303     1 vpeCore[smmu_lib.c:388]: Waiting for events from the Server
Jan 01 00:01:47.039    4 10256    23 [81945:32][wfdCreateWFDEGLImagesQNX:1843]CREATED count=1 nativeImages with width=1440, height=542, format=12, usage=0x0000000a, flags=0x2, size=0x0011dd20, strides=[1440 0]
Jan 01 00:01:47.062    2 13103     0 io-audio[deva_csd_priv.c:1433]: DEVA: freeCsdBufferPool: LEAVE (rc=0x0)
Jan 01 00:01:47.063    5 20002     0 devp-iso-mmx[isoTX2]: io_close: id=3, handle=-1, rcvID=-1
Jan 01 00:01:47.063    6 13102     0 io-audio[csd_proxy.c:526]: CSD_IPC_Client: mq_receive (CSD_CLIENT_CB_THREAD_EXIT) cb_thread Exiting!!!!
Jan 01 00:01:47.064    6 13102     0 io-audio[csd_proxy.c:270]: CSD_IPC_Client:mmiCbHandlerCleanup - Freeing memory 

Jan 01 00:01:47.068    2 13103     0 io-audio[deva_csd_priv.c:694]: DEVA: CSD CLOSE audio stream: SUCCEEDED! 
Jan 01 00:01:47.068    2 13103     0 io-audio[deva_srf_session.c:1647]: DEVA: session_csd_teardown_playback: Calling disableDevice()
Jan 01 00:01:47.072    2 13102     0 audio_service[csd_dev_tgt_q6_afe.c:1592]: CSD:DEV:AFE=>Disable <Performance>stop</Performance>.
Jan 01 00:01:47.073    2 13102     0 audio_service[csd_dev_tgt_clk.c:957]: CSD:DEV:CLK=>Disable <Performance>start</Performance>.
Jan 01 00:01:47.073    2 13102     0 audio_service[csd_dev_tgt_clk.c:1249]: CSD:DEV:CLK=>Disable <Performance>stop</Performance>.
Jan 01 00:01:47.075    2 13103     0 io-audio[deva_csd_priv.c:660]: DEVA: disableDevice: SUCCEEDED!
Jan 01 00:01:47.079    2 13103     0 io-audio[deva_csd_priv.c:711]: DEVA: CSD CLOSE device: SUCCEEDED! 
Jan 01 00:01:47.080    2 13103     0 io-audio[deva_srf_session.c:1654]: DEVA: session_csd_teardown_playback: LEAVE (rc=0x0)
Jan 01 00:01:47.081    2 13103     0 io-audio[deva_srf_session.c:1057]: DEVA: session_csd_teardown: session_csd_teardown_playback() SUCCEEDED
Jan 01 00:01:47.084    2 13103     0 io-audio[deva_srf_session.c:1084]: DEVA: session_csd_teardown: LEAVE (rc=0x0)
Jan 01 00:01:47.084    2 13103     0 io-audio[deva_srf_mixer_router.c:1023]: DEVA: deva_mixer_router_set_switch_routing: Current Routing [0]: Input=9 Output=131 DISCONNECTED
Jan 01 00:01:47.085    2 13103     0 io-audio[deva_srf_session.c:851]: DEVA: session_csd_setup: ENTER
Jan 01 00:01:47.086    2 13103     0 io-audio[deva_srf_session.c:880]: DEVA: session_csd_setup: Setting up session while DEVICE_ID = <10> is being attached, update session info
Jan 01 00:01:47.087    2 13103     0 io-audio[deva_srf_platform.c:2284]: DEVA: deva_update_session_info_from_list: ENTER
Jan 01 00:01:47.088    2 13103     0 io-audio[deva_srf_platform.c:2204]: DEVA: deva_get_session_handles_from_platform_id: ENTER
Jan 01 00:01:47.090    2 13103     0 io-audio[deva_srf_platform.c:2275]: DEVA: deva_get_session_handles_from_platform_id: LEAVE
Jan 01 00:01:47.091    2 13103     0 io-audio[deva_srf_platform.c:2312]: DEVA: deva_update_session_info_from_list: LEAVE
Jan 01 00:01:47.092    2 13103     0 io-audio[deva_srf_session.c:900]: DEVA: session_csd_setup: pcm format => sample_rate=16000, channels=1, bit_per_sample=16, sign=1, interleave=1
Jan 01 00:01:47.093    2 13103     0 io-audio[deva_srf_session.c:1386]: DEVA: session_csd_setup_playback: ENTER
Jan 01 00:01:47.094    2 13103     0 io-audio[deva_csd_priv.c:48]: DEVA: openDevice : SUCCEEDED 87040
Jan 01 00:01:47.095    2 13102     0 audio_service[csd_dev_tgt_acdb.c:1128]: csd_acdb_set_dev_info_tdm_sad: TDM SAD Header Info: Version=0x1, StartOffset=0x0, HeaderWidth=0x2, NumFrameRepeat=0x8, HeaderType=0x1
Jan 01 00:01:47.098    2 13102     0 audio_service[csd_dev_tgt_acdb.c:1138]: csd_acdb_set_dev_info_tdm_sad: TDM SAD Header Payload: 0x3c01, 0xb210, 0x6000, 0xc0, 0x7, 0x0, 0x6, 0x0
Jan 01 00:01:47.106    2 13103     0 io-audio[deva_csd_priv.c:230]: DEVA: enableDevice: SUCCEEDED (dev_id=66) with rc=0x0
Jan 01 00:01:47.109    2 13103     0 io-audio[deva_csd_priv.c:155]: DEVA: openAudioStreamV2 : SUCCEEDED 1295378
Jan 01 00:01:47.111    2 13103     0 io-audio[deva_csd_priv.c:375]: DEVA: setStreamFormat2: SUCCEEDED 
Jan 01 00:01:47.112    6 13102     0 io-audio[csd_proxy.c:1999]: CSD_IPC_Client: Set CSD IPC callback thread priority to 25!
Jan 01 00:01:47.114    6 13102     0 io-audio[csd_proxy.c:402]: CSD_IPC_Client: mmiCbHandler:: => csd-ipc_msg_queue name=[/csdIpcAQ-995393-5], mq_des=[0x716d000a]

Jan 01 00:01:47.114    6 13102     0 io-audio[csd_proxy.c:504]: CSD_IPC_Client mmiCbHandler:: => mq_unlink Successful in audio session! 

Jan 01 00:01:47.114    6 13102     0 io-audio[csd_proxy.c:507]: ****CSD_IPC_Client: mmiCbHandler waiting for queue=[/csdIpcAQ-995393-5], mq_des=[0x716d000a]
***
Jan 01 00:01:47.115    6 13102     0 io-audio[csd_proxy.c:2033]: CSD_IPC_Client :csd_register_callback => Received Server Status [0x0] on RegisterCallback for Handle[0x13c412] !!!
Jan 01 00:01:47.118    2 13103     0 io-audio[deva_csd_priv.c:733]: DEVA: registerCallBack: SUCCEEDED!
Jan 01 00:01:47.119    2 13103     0 io-audio[deva_csd_priv.c:1335]: DEVA: allocateCsdBufferPool: ENTER (buffer_count=7, buffer_size=512)
Jan 01 00:01:47.120    5 20002     0 devp-iso-mmx[isoTX2]: io_open: id=3, flags=0x00008002
Jan 01 00:01:47.125    5 20002     0 devp-iso-mmx[isoTX2]: DEVCTL:Queue has been flushed. First Packet cleared
Jan 01 00:01:47.126    5 20002     0 devp-iso-mmx[isoTX2]: DEVCTL: START: Max queue size set to 12032 (64 blocks)
Jan 01 00:01:47.158    2 10906     2  <videoCore> QTV_VIDEO_TASK:vcdDdlInterruptHandler.c:2529:2 
<DDL_ERROR: CMD_ERROR_INTR>
Jan 01 00:01:47.158    2 10906     2  <videoCore> QTV_VIDEO_TASK:vcdDdlErrors.c:1950:2 Error code = 125 : NO_BUFFER_RELEASED_FROM_HOST
Jan 01 00:01:47.159    2 10906     2  <videoCore> QTV_VIDEO_TASK:vcdDdlInterruptHandler.c:2529:2 
<DDL_ERROR: CMD_ERROR_INTR>
Jan 01 00:01:47.159    2 10906     2  <videoCore> QTV_VIDEO_TASK:vcdDdlErrors.c:1950:2 Error code = 125 : NO_BUFFER_RELEASED_FROM_HOST
Jan 01 00:01:47.160    2 13103     0 io-audio[deva_csd_priv.c:1386]: DEVA: allocateCsdBufferPool: LEAVE (rc=0x0)
Jan 01 00:01:47.161    2 13103     0 io-audio[deva_csd_priv.c:208]: DEVA: openAudioContextV2 : SUCCEEDED (dev_id=66)
Jan 01 00:01:47.162    5 13102     0 ACDBFILE_MGR:Read the devices count as zero, please check the acdb file

Jan 01 00:01:47.162    5 13102     0 ACDBFILE_MGR:Read the devices count as zero, please check the acdb file

Jan 01 00:01:47.163    5 13102     0 ACDBFILE_MGR:Read the devices count as zero, please check the acdb file

Jan 01 00:01:47.163    5 13102     0 Failed to fetch the lookup information of the appid 00011130 devID 00000042 

Jan 01 00:01:47.166    2 13103     0 io-audio[deva_csd_priv.c:253]: DEVA: streamAttach: SUCCEEDED
Jan 01 00:01:47.167    2 10906     2  <videoCore> QTV_VIDEO_TASK:vcdDdlInterruptHandler.c:2529:2 
<DDL_ERROR: CMD_ERROR_INTR>
Jan 01 00:01:47.167    2 10906     2  <videoCore> QTV_VIDEO_TASK:vcdDdlErrors.c:1950:2 Error code = 125 : NO_BUFFER_RELEASED_FROM_HOST
Jan 01 00:01:47.173    5 13102     0 ACDBFILE_MGR:Read the devices count as zero, please check the acdb file

Jan 01 00:01:47.174    5 13102     0 ACDBFILE_MGR:Read the devices count as zero, please check the acdb file

Jan 01 00:01:47.174    5 13102     0 ACDBFILE_MGR:Read the devices count as zero, please check the acdb file

Jan 01 00:01:47.175    5 13102     0 Failed to fetch the lookup information of the device 00000042 app id 00011130 sample rate 0000BB80

Jan 01 00:01:47.177    2 13103     0 io-audio[deva_csd_priv.c:271]: DEVA: enableContext: SUCCEEDED
Jan 01 00:01:47.178    2 13103     0 io-audio[deva_srf_session.c:1529]: DEVA: session_csd_setup_playback: LEAVE (rc=0x0)
Jan 01 00:01:47.179    2 13103     0 io-audio[deva_srf_session.c:907]: DEVA: session_csd_setup: session_csd_setup_playback() SUCCEEDED
Jan 01 00:01:47.179    5 16013   1459 vpeCore[wait.c:43]: [Resource_BlockWait] /dev/mmpm already available !
Jan 01 00:01:47.180    2 13103     0 io-audio[deva_srf_session.c:934]: DEVA: session_csd_setup: LEAVE (rc=0x0)
Jan 01 00:01:47.180    2 13103     0 io-audio[deva_srf_session.c:1245]: DEVA: session_csd_attach_device: ENTER
Jan 01 00:01:47.181    2 13103     0 io-audio[deva_srf_session.c:1266]: DEVA: session_csd_attach_device: csd_session = <csd_playback_ann2>, deva_timer_session = <deva_timer_play_ann4_dio_voice>
Jan 01 00:01:47.181    2 13103     0 io-audio[deva_srf_session.c:410]: DEVA: session_deva_timer_attach_stream: ENTER
Jan 01 00:01:47.182    2 13103     0 io-audio[deva_srf_session.c:427]: DEVA: session_deva_timer_attach_stream: deva_timer_session = <deva_timer_play_ann4_dio_voice>
Jan 01 00:01:47.182    2 13103     0 io-audio[deva_srf_session.c:477]: DEVA: session_deva_timer_attach_stream: LEAVE (rc=0x0)
Jan 01 00:01:47.182    2 13103     0 io-audio[deva_srf_session.c:1279]: DEVA: session_csd_attach_device: LEAVE (rc=0x0)
Jan 01 00:01:47.183    2 13103     0 io-audio[deva_srf_mixer_router.c:1061]: DEVA: deva_mixer_router_set_switch_routing: New Routing [0]: Input=11 Output=131 CONNECTED
Jan 01 00:01:47.185    2 13103     0 io-audio[deva_srf_mixer_router.c:1094]: DEVA: deva_mixer_router_set_switch_routing: LEAVE
Jan 01 00:01:47.185    2 13103     0 io-audio[deva_mixer.c:472]: DEVA: deva_mixer_switch_routing_set: LEAVE
Jan 01 00:01:47.186    2 13103     0 io-audio[deva_mixer.c:481]: DEVA: deva_mixer_switch_routing_get: ENTER
Jan 01 00:01:47.187    2 13103     0 io-audio[deva_srf_mixer_router.c:1104]: DEVA: deva_mixer_router_get_switch_routing: ENTER
Jan 01 00:01:47.188    2 13103     0 io-audio[deva_srf_mixer_router.c:1121]: DEVA: deva_mixer_router_get_switch_routing: Routing Type: 2
Jan 01 00:01:47.189    2 13103     0 io-audio[deva_srf_mixer_router.c:1144]: DEVA: deva_mixer_router_get_switch_routing: Active Routing:    Input[1]	Output[1]
Jan 01 00:01:47.189    2 13103     0 io-audio[deva_srf_mixer_router.c:1147]: DEVA: deva_mixer_router_get_switch_routing:                    11		131
Jan 01 00:01:47.190    2 13103     0 io-audio[deva_srf_mixer_router.c:1149]: DEVA: deva_mixer_router_get_switch_routing: Available Routing: Input[6]
Jan 01 00:01:47.190    2 13103     0 io-audio[deva_srf_mixer_router.c:1152]: DEVA: deva_mixer_router_get_switch_routing:                    0
Jan 01 00:01:47.190    2 13103     0 io-audio[deva_srf_mixer_router.c:1152]: DEVA: deva_mixer_router_get_switch_routing:                    9
Jan 01 00:01:47.191    2 13103     0 io-audio[deva_srf_mixer_router.c:1152]: DEVA: deva_mixer_router_get_switch_routing:                    11
Jan 01 00:01:47.191    2 13103     0 io-audio[deva_srf_mixer_router.c:1152]: DEVA: deva_mixer_router_get_switch_routing:                    14
Jan 01 00:01:47.192    2 13103     0 io-audio[deva_srf_mixer_router.c:1152]: DEVA: deva_mixer_router_get_switch_routing:                    15
Jan 01 00:01:47.193    2 13103     0 io-audio[deva_srf_mixer_router.c:1152]: DEVA: deva_mixer_router_get_switch_routing:                    17
Jan 01 00:01:47.193    5 16303     1 vpeCore[smmu_lib.c:388]: Waiting for events from the Server
Jan 01 00:01:47.193    2 13103     0 io-audio[deva_srf_mixer_router.c:1154]: DEVA: deva_mixer_router_get_switch_routing: Available Routing: Output[2]
Jan 01 00:01:47.193    2 13103     0 io-audio[deva_srf_mixer_router.c:1157]: DEVA: deva_mixer_router_get_switch_routing:                    0
Jan 01 00:01:47.194    2 13103     0 io-audio[deva_srf_mixer_router.c:1157]: DEVA: deva_mixer_router_get_switch_routing:                    131
Jan 01 00:01:47.194    2 13103     0 io-audio[deva_srf_mixer_router.c:1161]: DEVA: deva_mixer_router_get_switch_routing: LEAVE
Jan 01 00:01:47.194    2 13103     0 io-audio[deva_mixer.c:497]: DEVA: deva_mixer_switch_routing_get: LEAVE
Jan 01 00:01:47.205    5 20002     0 devp-iso-mmx[isoTX2]: io_close: id=3, handle=-1, rcvID=-1
Jan 01 00:01:47.248    5 20002     0 devp-iso-mmx[isoTX2]: io_open: id=3, flags=0x00008002
Jan 01 00:01:47.250    5 20002     0 devp-iso-mmx[isoTX2]: DEVCTL:Queue has been flushed. First Packet cleared
Jan 01 00:01:47.251    5 20002     0 devp-iso-mmx[isoTX2]: DEVCTL: START: Max queue size set to 12032 (64 blocks)
Jan 01 00:01:47.292    5 16013   1459 vpeCore[wait.c:43]: [Resource_BlockWait] /dev/mmpm already available !
Jan 01 00:01:47.300    5 16303     1 vpeCore[smmu_lib.c:388]: Waiting for events from the Server
Jan 01 00:01:47.316    5 20002     0 devp-iso-mmx[isoTX2]: io_close: id=3, handle=-1, rcvID=-1
Jan 01 00:01:47.350    5 20002     0 devp-iso-mmx[isoTX2]: io_open: id=3, flags=0x00008002
Jan 01 00:01:47.351    5 20002     0 devp-iso-mmx[isoTX2]: DEVCTL:Queue has been flushed. First Packet cleared
Jan 01 00:01:47.352    5 20002     0 devp-iso-mmx[isoTX2]: DEVCTL: START: Max queue size set to 12032 (64 blocks)
Jan 01 00:01:47.384    5 16013   1459 vpeCore[wait.c:43]: [Resource_BlockWait] /dev/mmpm already available !
Jan 01 00:01:47.389    5 16303     1 vpeCore[smmu_lib.c:388]: Waiting for events from the Server
Jan 01 00:01:47.394    5 20002     0 devp-iso-mmx[isoTX2]: io_close: id=3, handle=-1, rcvID=-1
Jan 01 00:01:47.422    5 20002     0 devp-iso-mmx[isoTX2]: io_open: id=3, flags=0x00008002
Jan 01 00:01:47.423    5 20002     0 devp-iso-mmx[isoTX2]: DEVCTL:Queue has been flushed. First Packet cleared
Jan 01 00:01:47.423    5 20002     0 devp-iso-mmx[isoTX2]: DEVCTL: START: Max queue size set to 12032 (64 blocks)
Jan 01 00:01:47.452    5 16013   1459 vpeCore[wait.c:43]: [Resource_BlockWait] /dev/mmpm already available !
Jan 01 00:01:47.458    5 16303     1 vpeCore[smmu_lib.c:388]: Waiting for events from the Server
Jan 01 00:01:47.463    5 20002     0 devp-iso-mmx[isoTX2]: io_close: id=3, handle=-1, rcvID=-1
Jan 01 00:01:47.485    5 20002     0 devp-iso-mmx[isoTX2]: io_open: id=3, flags=0x00008002
Jan 01 00:01:47.489    5 20002     0 devp-iso-mmx[isoTX2]: DEVCTL:Queue has been flushed. First Packet cleared
Jan 01 00:01:47.490    5 20002     0 devp-iso-mmx[isoTX2]: DEVCTL: START: Max queue size set to 12032 (64 blocks)
Jan 01 00:01:47.523    5 16013   1459 vpeCore[wait.c:43]: [Resource_BlockWait] /dev/mmpm already available !
Jan 01 00:01:47.531    5 16303     1 vpeCore[smmu_lib.c:388]: Waiting for events from the Server
Jan 01 00:01:47.537    5 20002     0 devp-iso-mmx[isoTX2]: io_close: id=3, handle=-1, rcvID=-1
Jan 01 00:01:47.566    5 20002     0 devp-iso-mmx[isoTX2]: io_open: id=3, flags=0x00008002
Jan 01 00:01:47.568    5 20002     0 devp-iso-mmx[isoTX2]: DEVCTL:Queue has been flushed. First Packet cleared
Jan 01 00:01:47.569    5 20002     0 devp-iso-mmx[isoTX2]: DEVCTL: START: Max queue size set to 12032 (64 blocks)
Jan 01 00:01:47.599    5 16013   1459 vpeCore[wait.c:43]: [Resource_BlockWait] /dev/mmpm already available !
Jan 01 00:01:47.604    5 16303     1 vpeCore[smmu_lib.c:388]: Waiting for events from the Server
Jan 01 00:01:47.611    5 20002     0 devp-iso-mmx[isoTX2]: io_close: id=3, handle=-1, rcvID=-1
Jan 01 00:01:47.638    5 20002     0 devp-iso-mmx[isoTX2]: io_open: id=3, flags=0x00008002
Jan 01 00:01:47.640    5 20002     0 devp-iso-mmx[isoTX2]: DEVCTL:Queue has been flushed. First Packet cleared
Jan 01 00:01:47.640    5 20002     0 devp-iso-mmx[isoTX2]: DEVCTL: START: Max queue size set to 12032 (64 blocks)
Jan 01 00:01:47.674    5 16013   1459 vpeCore[wait.c:43]: [Resource_BlockWait] /dev/mmpm already available !
Jan 01 00:01:47.679    5 16303     1 vpeCore[smmu_lib.c:388]: Waiting for events from the Server
Jan 01 00:01:47.686    5 20002     0 devp-iso-mmx[isoTX2]: io_close: id=3, handle=-1, rcvID=-1
Jan 01 00:01:47.712    2 13103     0 io-audio[deva_mixer.c:481]: DEVA: deva_mixer_switch_routing_get: ENTER
Jan 01 00:01:47.713    2 13103     0 io-audio[deva_srf_mixer_router.c:1104]: DEVA: deva_mixer_router_get_switch_routing: ENTER
Jan 01 00:01:47.713    2 13103     0 io-audio[deva_srf_platform.c:1661]: DEVA: deva_capabilities: ENTER
Jan 01 00:01:47.713    2 13103     0 io-audio[deva_srf_platform.c:1679]: DEVA: deva_capabilities: info => formats=16, rates=128, min_rate=48000, max_rate=48000, min_voices=3, max_voices=3, min_fragsize=4608, max_fragsize=4608
Jan 01 00:01:47.713    2 13103     0 io-audio[deva_srf_platform.c:2204]: DEVA: deva_get_session_handles_from_platform_id: ENTER
Jan 01 00:01:47.713    2 13103     0 io-audio[deva_srf_platform.c:2275]: DEVA: deva_get_session_handles_from_platform_id: LEAVE
Jan 01 00:01:47.713    2 13103     0 io-audio[deva_srf_platform.c:1698]: DEVA: deva_capabilities: ado_pcm_t found at device_id = 30 <sse_bundle_1>
Jan 01 00:01:47.713    2 13103     0 io-audio[deva_srf_platform.c:1736]: DEVA: deva_capabilities: LEAVE (chn_avail=1)
Jan 01 00:01:47.714    2 13103     0 io-audio[deva_srf_mixer_router.c:1121]: DEVA: deva_mixer_router_get_switch_routing: Routing Type: 4
Jan 01 00:01:47.714    2 13103     0 io-audio[deva_srf_platform.c:1661]: DEVA: deva_capabilities: ENTER
Jan 01 00:01:47.714    2 13103     0 io-audio[deva_srf_platform.c:1679]: DEVA: deva_capabilities: info => formats=16, rates=128, min_rate=48000, max_rate=48000, min_voices=3, max_voices=3, min_fragsize=4608, max_fragsize=4608
Jan 01 00:01:47.714    5 20002     0 devp-iso-mmx[isoTX2]: io_open: id=3, flags=0x00008002
Jan 01 00:01:47.714    2 13103     0 io-audio[deva_srf_platform.c:2204]: DEVA: deva_get_session_handles_from_platform_id: ENTER
Jan 01 00:01:47.714    2 13103     0 io-audio[deva_srf_platform.c:2275]: DEVA: deva_get_session_handles_from_platform_id: LEAVE
Jan 01 00:01:47.714    2 13103     0 io-audio[deva_srf_platform.c:1698]: DEVA: deva_capabilities: ado_pcm_t found at device_id = 30 <sse_bundle_1>
Jan 01 00:01:47.714    2 13103     0 io-audio[deva_srf_platform.c:1736]: DEVA: deva_capabilities: LEAVE (chn_avail=1)
Jan 01 00:01:47.714    2 13103     0 io-audio[deva_srf_platform.c:1756]: DEVA: deva_aquire: ENTER
Jan 01 00:01:47.714    2 13103     0 io-audio[deva_srf_platform.c:2204]: DEVA: deva_get_session_handles_from_platform_id: ENTER
Jan 01 00:01:47.714    2 13103     0 io-audio[deva_srf_platform.c:2275]: DEVA: deva_get_session_handles_from_platform_id: LEAVE
Jan 01 00:01:47.714    2 13103     0 io-audio[deva_srf_platform.c:1778]: DEVA: deva_aquire: ado_pcm_t found at device_id = 30 <sse_bundle_1>, stream_type=2
Jan 01 00:01:47.714    2 13103     0 io-audio[deva_srf_mixer_router.c:1144]: DEVA: deva_mixer_router_get_switch_routing: Active Routing:    Input[1]	Output[1]
Jan 01 00:01:47.714    2 13103     0 io-audio[deva_srf_platform.c:1816]: DEVA: deva_aquire: dma buffer of size 46080 (0xb400) has been allocated successfully
Jan 01 00:01:47.715    2 13103     0 io-audio[deva_srf_session.c:42]: DEVA: session_deva_timer_setup: ENTER
Jan 01 00:01:47.715    2 13103     0 io-audio[deva_srf_session.c:564]: DEVA: *** session_deva_timer_thread: Waiting on Channel ID 14 ***
Jan 01 00:01:47.715    2 13103     0 io-audio[deva_srf_session.c:121]: DEVA: session_deva_timer_setup: timer 2 thread 18 chid 14 coid 1073741839
Jan 01 00:01:47.715    2 13103     0 io-audio[deva_srf_session.c:147]: DEVA: session_deva_timer_setup: LEAVE (rc=0x0)
Jan 01 00:01:47.715    2 13103     0 io-audio[deva_srf_platform.c:1826]: DEVA: deva_aquire: LEAVE (rc=0x0)
Jan 01 00:01:47.716    2 13103     0 io-audio[deva_srf_mixer_router.c:1147]: DEVA: deva_mixer_router_get_switch_routing:                    24		3
Jan 01 00:01:47.716    2 13103     0 io-audio[deva_srf_platform.c:1904]: DEVA: deva_prepare: ENTER
Jan 01 00:01:47.716    2 13103     0 io-audio[deva_srf_platform.c:1905]: DEVA: deva_prepare: LEAVE
Jan 01 00:01:47.716    2 13103     0 io-audio[deva_srf_platform.c:1918]: DEVA: deva_trigger: ENTER
Jan 01 00:01:47.716    2 13103     0 io-audio[deva_srf_platform.c:1927]: DEVA: deva_trigger: device_id = 30 <deva_timer_cap_sse_bundle_1>, stream_type=2
Jan 01 00:01:47.716    2 13103     0 io-audio[deva_srf_platform.c:1931]: DEVA: deva_trigger: ADO_PCM_TRIGGER_GO
Jan 01 00:01:47.716    2 13103     0 io-audio[deva_srf_session.c:239]: DEVA: session_deva_timer_start: ENTER
Jan 01 00:01:47.716    2 13103     0 io-audio[deva_srf_session.c:1137]: DEVA: session_csd_start: ENTER
Jan 01 00:01:47.716    2 13103     0 io-audio[deva_srf_session.c:2107]: DEVA: session_csd_start_capture: ENTER
Jan 01 00:01:47.716    2 16301     0 audio_service[DALSysEvent.c:276]:  DALSYSCMN_EVENT_ATTR_EVENT_MASK is not set in pEventObj->dwObjInfo _DALSYS_EventCtrl,276
Jan 01 00:01:47.716    2 13103     0 io-audio[deva_srf_mixer_router.c:1149]: DEVA: deva_mixer_router_get_switch_routing: Available Routing: Input[2]
Jan 01 00:01:47.717    2 13103     0 io-audio[deva_csd_priv.c:553]: DEVA: setStartSession: SUCCESS session handle 1033230
Jan 01 00:01:47.717    2 13103     0 io-audio[deva_srf_mixer_router.c:1152]: DEVA: deva_mixer_router_get_switch_routing:                    0
Jan 01 00:01:47.717    2 13103     0 io-audio[deva_srf_session.c:2151]: DEVA: session_csd_start_capture: LEAVE (rc=0x0)
Jan 01 00:01:47.717    2 13103     0 io-audio[deva_srf_session.c:1170]: DEVA: session_csd_start: session_csd_start_capture() SUCCEEDED
Jan 01 00:01:47.717    2 13103     0 io-audio[deva_srf_session.c:1183]: DEVA: session_csd_start: LEAVE (rc=0x0)
Jan 01 00:01:47.717    2 13103     0 io-audio[deva_srf_session.c:325]: DEVA: session_deva_timer_start: LEAVE (rc=0x0)
Jan 01 00:01:47.717    2 13103     0 io-audio[deva_srf_platform.c:1944]: DEVA: deva_trigger: LEAVE (rc=0x0)
Jan 01 00:01:47.718    2 13103     0 io-audio[deva_srf_mixer_router.c:1152]: DEVA: deva_mixer_router_get_switch_routing:                    24
Jan 01 00:01:47.718    2 13103     0 io-audio[deva_srf_platform.c:1661]: DEVA: deva_capabilities: ENTER
Jan 01 00:01:47.718    2 13103     0 io-audio[deva_srf_platform.c:1679]: DEVA: deva_capabilities: info => formats=16, rates=128, min_rate=48000, max_rate=48000, min_voices=1, max_voices=1, min_fragsize=1536, max_fragsize=1536
Jan 01 00:01:47.718    2 13103     0 io-audio[deva_srf_platform.c:2204]: DEVA: deva_get_session_handles_from_platform_id: ENTER
Jan 01 00:01:47.718    2 13103     0 io-audio[deva_srf_platform.c:2275]: DEVA: deva_get_session_handles_from_platform_id: LEAVE
Jan 01 00:01:47.718    2 13103     0 io-audio[deva_srf_platform.c:1698]: DEVA: deva_capabilities: ado_pcm_t found at device_id = 23 <sse>
Jan 01 00:01:47.718    2 13103     0 io-audio[deva_srf_platform.c:1736]: DEVA: deva_capabilities: LEAVE (chn_avail=1)
Jan 01 00:01:47.718    2 13103     0 io-audio[deva_srf_platform.c:1661]: DEVA: deva_capabilities: ENTER
Jan 01 00:01:47.719    2 13103     0 io-audio[deva_srf_platform.c:1679]: DEVA: deva_capabilities: info => formats=16, rates=128, min_rate=48000, max_rate=48000, min_voices=1, max_voices=1, min_fragsize=1536, max_fragsize=1536
Jan 01 00:01:47.719    2 13103     0 io-audio[deva_srf_platform.c:2204]: DEVA: deva_get_session_handles_from_platform_id: ENTER
Jan 01 00:01:47.719    2 13103     0 io-audio[deva_srf_mixer_router.c:1154]: DEVA: deva_mixer_router_get_switch_routing: Available Routing: Output[6]
Jan 01 00:01:47.719    2 13103     0 io-audio[deva_srf_platform.c:2275]: DEVA: deva_get_session_handles_from_platform_id: LEAVE
Jan 01 00:01:47.719    2 13103     0 io-audio[deva_srf_platform.c:1698]: DEVA: deva_capabilities: ado_pcm_t found at device_id = 23 <sse>
Jan 01 00:01:47.719    2 13103     0 io-audio[deva_srf_platform.c:1736]: DEVA: deva_capabilities: LEAVE (chn_avail=1)
Jan 01 00:01:47.719    2 13103     0 io-audio[deva_srf_platform.c:1756]: DEVA: deva_aquire: ENTER
Jan 01 00:01:47.719    2 13103     0 io-audio[deva_srf_platform.c:2204]: DEVA: deva_get_session_handles_from_platform_id: ENTER
Jan 01 00:01:47.719    2 13103     0 io-audio[deva_srf_platform.c:2275]: DEVA: deva_get_session_handles_from_platform_id: LEAVE
Jan 01 00:01:47.719    2 13103     0 io-audio[deva_srf_platform.c:1778]: DEVA: deva_aquire: ado_pcm_t found at device_id = 23 <sse>, stream_type=4
Jan 01 00:01:47.719    2 13103     0 io-audio[deva_srf_platform.c:1816]: DEVA: deva_aquire: dma buffer of size 15360 (0x3c00) has been allocated successfully
Jan 01 00:01:47.719    2 13103     0 io-audio[deva_srf_session.c:42]: DEVA: session_deva_timer_setup: ENTER
Jan 01 00:01:47.719    2 13103     0 io-audio[deva_srf_session.c:564]: DEVA: *** session_deva_timer_thread: Waiting on Channel ID 17 ***
Jan 01 00:01:47.719    2 13103     0 io-audio[deva_srf_session.c:121]: DEVA: session_deva_timer_setup: timer 3 thread 19 chid 17 coid 1073741842
Jan 01 00:01:47.719    2 13103     0 io-audio[deva_srf_session.c:147]: DEVA: session_deva_timer_setup: LEAVE (rc=0x0)
Jan 01 00:01:47.719    2 13103     0 io-audio[deva_srf_platform.c:1826]: DEVA: deva_aquire: LEAVE (rc=0x0)
Jan 01 00:01:47.720    2 13103     0 io-audio[deva_srf_mixer_router.c:1157]: DEVA: deva_mixer_router_get_switch_routing:                    0
Jan 01 00:01:47.720    2 13103     0 io-audio[deva_srf_platform.c:1904]: DEVA: deva_prepare: ENTER
Jan 01 00:01:47.720    2 13103     0 io-audio[deva_srf_platform.c:1905]: DEVA: deva_prepare: LEAVE
Jan 01 00:01:47.720    2 13103     0 io-audio[deva_srf_mixer_router.c:1157]: DEVA: deva_mixer_router_get_switch_routing:                    3
Jan 01 00:01:47.720    5 20002     0 devp-iso-mmx[isoTX2]: DEVCTL:Queue has been flushed. First Packet cleared
Jan 01 00:01:47.720    2 13103     0 io-audio[deva_srf_mixer_router.c:1157]: DEVA: deva_mixer_router_get_switch_routing:                    4
Jan 01 00:01:47.721    2 13103     0 io-audio[deva_srf_mixer_router.c:1157]: DEVA: deva_mixer_router_get_switch_routing:                    5
Jan 01 00:01:47.721    2 13103     0 io-audio[deva_srf_mixer_router.c:1157]: DEVA: deva_mixer_router_get_switch_routing:                    6
Jan 01 00:01:47.721    5 20002     0 devp-iso-mmx[isoTX2]: DEVCTL: START: Max queue size set to 12032 (64 blocks)
Jan 01 00:01:47.721    2 13103     0 io-audio[deva_srf_mixer_router.c:1157]: DEVA: deva_mixer_router_get_switch_routing:                    7
Jan 01 00:01:47.721    2 13103     0 io-audio[deva_srf_mixer_router.c:1161]: DEVA: deva_mixer_router_get_switch_routing: LEAVE
Jan 01 00:01:47.722    2 13103     0 io-audio[deva_mixer.c:497]: DEVA: deva_mixer_switch_routing_get: LEAVE
Jan 01 00:01:47.723    2 13103     0 io-audio[deva_mixer.c:423]: DEVA: deva_mixer_switch_routing_set: ENTER
Jan 01 00:01:47.724    2 13103     0 io-audio[deva_srf_mixer_router.c:852]: DEVA: deva_mixer_router_set_switch_routing: ENTER
Jan 01 00:01:47.724    2 13103     0 io-audio[deva_srf_mixer_router.c:869]: DEVA: deva_mixer_router_set_switch_routing: Routing Type: 4
Jan 01 00:01:47.725    2 13103     0 io-audio[deva_srf_session.c:2529]: DEVA: session_loopback_deva_detach_device: ENTER
Jan 01 00:01:47.725    2 13103     0 io-audio[deva_srf_session.c:485]: DEVA: session_deva_timer_detach_stream: ENTER
Jan 01 00:01:47.725    2 13103     0 io-audio[deva_srf_session.c:2426]: DEVA: session_loopback_deva_stop: ENTER (channel=<PLAYBACK>)
Jan 01 00:01:47.726    2 13103     0 io-audio[deva_srf_session.c:2436]: DEVA: session_loopback_deva_stop: input session state is <1> instead of ACQUIRED (1), skipping
Jan 01 00:01:47.726    2 13103     0 io-audio[deva_srf_session.c:2461]: DEVA: session_loopback_deva_stop: LEAVE (rc=0x0)
Jan 01 00:01:47.726    2 13103     0 io-audio[deva_srf_session.c:543]: DEVA: session_deva_timer_detach_stream: LEAVE (rc=0x0)
Jan 01 00:01:47.726    2 13103     0 io-audio[deva_srf_session.c:485]: DEVA: session_deva_timer_detach_stream: ENTER
Jan 01 00:01:47.727    2 13103     0 io-audio[deva_srf_session.c:2426]: DEVA: session_loopback_deva_stop: ENTER (channel=<CAPTURE>)
Jan 01 00:01:47.727    2 13103     0 io-audio[deva_srf_session.c:2441]: DEVA: session_loopback_deva_stop: output session state is <1> instead of ACQUIRED (1), skipping
Jan 01 00:01:47.729    2 13103     0 io-audio[deva_srf_session.c:2461]: DEVA: session_loopback_deva_stop: LEAVE (rc=0x0)
Jan 01 00:01:47.730    2 13103     0 io-audio[deva_srf_session.c:543]: DEVA: session_deva_timer_detach_stream: LEAVE (rc=0x0)
Jan 01 00:01:47.731    2 13103     0 io-audio[deva_srf_session.c:2569]: DEVA: session_loopback_deva_detach_device: LEAVE (rc=0x0)
Jan 01 00:01:47.732    2 13103     0 io-audio[deva_srf_session.c:2309]: DEVA: session_loopback_deva_teardown: ENTER
Jan 01 00:01:47.733    2 13103     0 io-audio[deva_srf_session.c:2336]: DEVA: session_loopback_deva_teardown: LEAVE (rc=0x0)
Jan 01 00:01:47.734    2 13103     0 io-audio[deva_srf_mixer_router.c:1023]: DEVA: deva_mixer_router_set_switch_routing: Current Routing [0]: Input=24 Output=3 DISCONNECTED
Jan 01 00:01:47.735    2 13103     0 io-audio[deva_srf_session.c:2266]: DEVA: session_loopback_deva_setup: ENTER
Jan 01 00:01:47.735    2 13103     0 io-audio[deva_srf_session.c:2301]: DEVA: session_loopback_deva_setup: LEAVE (rc=0x0)
Jan 01 00:01:47.736    2 13103     0 io-audio[deva_srf_session.c:2469]: DEVA: session_loopback_deva_attach_device: ENTER
Jan 01 00:01:47.736    2 13103     0 io-audio[deva_srf_session.c:410]: DEVA: session_deva_timer_attach_stream: ENTER
Jan 01 00:01:47.737    2 13103     0 io-audio[deva_srf_session.c:427]: DEVA: session_deva_timer_attach_stream: deva_timer_session = <deva_timer_play_sse>
Jan 01 00:01:47.738    2 13103     0 io-audio[deva_srf_session.c:477]: DEVA: session_deva_timer_attach_stream: LEAVE (rc=0x0)
Jan 01 00:01:47.738    2 13103     0 io-audio[deva_srf_session.c:410]: DEVA: session_deva_timer_attach_stream: ENTER
Jan 01 00:01:47.739    2 13103     0 io-audio[deva_srf_session.c:427]: DEVA: session_deva_timer_attach_stream: deva_timer_session = <deva_timer_cap_mic2_dio>
Jan 01 00:01:47.740    2 13103     0 io-audio[deva_srf_session.c:477]: DEVA: session_deva_timer_attach_stream: LEAVE (rc=0x0)
Jan 01 00:01:47.740    2 13103     0 io-audio[deva_srf_session.c:2521]: DEVA: session_loopback_deva_attach_device: LEAVE (rc=0x0)
Jan 01 00:01:47.741    2 13103     0 io-audio[deva_srf_mixer_router.c:1061]: DEVA: deva_mixer_router_set_switch_routing: New Routing [0]: Input=24 Output=4 CONNECTED
Jan 01 00:01:47.742    2 13103     0 io-audio[deva_srf_mixer_router.c:1094]: DEVA: deva_mixer_router_set_switch_routing: LEAVE
Jan 01 00:01:47.742    2 13103     0 io-audio[deva_mixer.c:472]: DEVA: deva_mixer_switch_routing_set: LEAVE
Jan 01 00:01:47.743    2 13103     0 io-audio[deva_mixer.c:481]: DEVA: deva_mixer_switch_routing_get: ENTER
Jan 01 00:01:47.743    2 13103     0 io-audio[deva_srf_mixer_router.c:1104]: DEVA: deva_mixer_router_get_switch_routing: ENTER
Jan 01 00:01:47.743    2 13103     0 io-audio[deva_srf_mixer_router.c:1121]: DEVA: deva_mixer_router_get_switch_routing: Routing Type: 4
Jan 01 00:01:47.744    2 13103     0 io-audio[deva_srf_mixer_router.c:1144]: DEVA: deva_mixer_router_get_switch_routing: Active Routing:    Input[1]	Output[1]
Jan 01 00:01:47.744    2 13103     0 io-audio[deva_srf_mixer_router.c:1147]: DEVA: deva_mixer_router_get_switch_routing:                    24		4
Jan 01 00:01:47.744    2 13103     0 io-audio[deva_srf_mixer_router.c:1149]: DEVA: deva_mixer_router_get_switch_routing: Available Routing: Input[2]
Jan 01 00:01:47.744    2 13103     0 io-audio[deva_srf_mixer_router.c:1152]: DEVA: deva_mixer_router_get_switch_routing:                    0
Jan 01 00:01:47.745    2 13103     0 io-audio[deva_srf_mixer_router.c:1152]: DEVA: deva_mixer_router_get_switch_routing:                    24
Jan 01 00:01:47.745    2 13103     0 io-audio[deva_srf_mixer_router.c:1154]: DEVA: deva_mixer_router_get_switch_routing: Available Routing: Output[6]
Jan 01 00:01:47.745    2 13103     0 io-audio[deva_srf_mixer_router.c:1157]: DEVA: deva_mixer_router_get_switch_routing:                    0
Jan 01 00:01:47.745    2 13103     0 io-audio[deva_srf_mixer_router.c:1157]: DEVA: deva_mixer_router_get_switch_routing:                    3
Jan 01 00:01:47.745    2 13103     0 io-audio[deva_srf_mixer_router.c:1157]: DEVA: deva_mixer_router_get_switch_routing:                    4
Jan 01 00:01:47.746    2 13103     0 io-audio[deva_srf_mixer_router.c:1157]: DEVA: deva_mixer_router_get_switch_routing:                    5
Jan 01 00:01:47.746    2 13103     0 io-audio[deva_srf_mixer_router.c:1157]: DEVA: deva_mixer_router_get_switch_routing:                    6
Jan 01 00:01:47.746    2 13103     0 io-audio[deva_srf_mixer_router.c:1157]: DEVA: deva_mixer_router_get_switch_routing:                    7
Jan 01 00:01:47.746    2 13103     0 io-audio[deva_srf_mixer_router.c:1161]: DEVA: deva_mixer_router_get_switch_routing: LEAVE
Jan 01 00:01:47.746    2 13103     0 io-audio[deva_mixer.c:497]: DEVA: deva_mixer_switch_routing_get: LEAVE
Jan 01 00:01:47.756    5 16013   1459 vpeCore[wait.c:43]: [Resource_BlockWait] /dev/mmpm already available !
Jan 01 00:01:47.757    5 10208     0 1970-01-01 12:01:47.756922 AM [AudioStream] [waitHMI2ACK]<AirPlay> ACK Succeed: 1, Expired time: 1385 [ms] (timeout: 5000 [ms] | INFINITE(-1))
Jan 01 00:01:47.758    4 10208     0 1970-01-01 12:01:47.758937 AM [AudioStream] [AudioStreamPrepare] [0x00315B28] Input = "TRUE" | Stream type: 100 ( 0 - invalid, 100 - main, 101 - alternate) | Format = 1819304813 | Ch = 1 | SR = 16000 | BPS = 16
Jan 01 00:01:47.760    5 10208     0 1970-01-01 12:01:47.759944 AM [CQNXSoundIF] [open]<ASOUND> Open the path: "ann4_dio_voice"(direction: 1)
Jan 01 00:01:47.762    4 10208     0 1970-01-01 12:01:47.762965 AM [CQNXSoundIF] <ASOUND> nSampleRate: 16000, nBitsPerSample: 16, nChannels: 1
Jan 01 00:01:47.762    2 13103     0 io-audio[deva_srf_platform.c:1661]: DEVA: deva_capabilities: ENTER
Jan 01 00:01:47.763    2 13103     0 io-audio[deva_srf_platform.c:1679]: DEVA: deva_capabilities: info => formats=16, rates=8, min_rate=16000, max_rate=16000, min_voices=1, max_voices=1, min_fragsize=512, max_fragsize=512
Jan 01 00:01:47.763    2 13103     0 io-audio[deva_srf_platform.c:2204]: DEVA: deva_get_session_handles_from_platform_id: ENTER
Jan 01 00:01:47.764    2 13103     0 io-audio[deva_srf_platform.c:2275]: DEVA: deva_get_session_handles_from_platform_id: LEAVE
Jan 01 00:01:47.764    2 13103     0 io-audio[deva_srf_platform.c:1698]: DEVA: deva_capabilities: ado_pcm_t found at device_id = 10 <ann4_dio_voice>
Jan 01 00:01:47.765    2 13103     0 io-audio[deva_srf_platform.c:1736]: DEVA: deva_capabilities: LEAVE (chn_avail=1)
Jan 01 00:01:47.765    2 13103     0 io-audio[deva_srf_platform.c:1756]: DEVA: deva_aquire: ENTER
Jan 01 00:01:47.765    2 13103     0 io-audio[deva_srf_platform.c:2204]: DEVA: deva_get_session_handles_from_platform_id: ENTER
Jan 01 00:01:47.765    2 13103     0 io-audio[deva_srf_platform.c:2275]: DEVA: deva_get_session_handles_from_platform_id: LEAVE
Jan 01 00:01:47.765    2 13103     0 io-audio[deva_srf_platform.c:1778]: DEVA: deva_aquire: ado_pcm_t found at device_id = 10 <ann4_dio_voice>, stream_type=2
Jan 01 00:01:47.766    2 13103     0 io-audio[deva_srf_platform.c:1816]: DEVA: deva_aquire: dma buffer of size 5120 (0x1400) has been allocated successfully
Jan 01 00:01:47.766    2 13103     0 io-audio[deva_srf_session.c:42]: DEVA: session_deva_timer_setup: ENTER
Jan 01 00:01:47.766    5 16303     1 vpeCore[smmu_lib.c:388]: Waiting for events from the Server
Jan 01 00:01:47.768    2 13103     0 io-audio[deva_srf_session.c:564]: DEVA: *** session_deva_timer_thread: Waiting on Channel ID 21 ***
Jan 01 00:01:47.768    2 13103     0 io-audio[deva_srf_session.c:121]: DEVA: session_deva_timer_setup: timer 4 thread 20 chid 21 coid 1073741846
Jan 01 00:01:47.768    2 13103     0 io-audio[deva_srf_session.c:147]: DEVA: session_deva_timer_setup: LEAVE (rc=0x0)
Jan 01 00:01:47.768    2 13103     0 io-audio[deva_srf_platform.c:1826]: DEVA: deva_aquire: LEAVE (rc=0x0)
Jan 01 00:01:47.769    2 13103     0 io-audio[deva_srf_platform.c:1904]: DEVA: deva_prepare: ENTER
Jan 01 00:01:47.769    2 13103     0 io-audio[deva_srf_platform.c:1905]: DEVA: deva_prepare: LEAVE
Jan 01 00:01:47.770    4 10208     0 1970-01-01 12:01:47.770016 AM [CQNXSoundIF] [prepare]<ASOUND> Format Signed 16-bit Little Endian, frag_size 512, rate 16000, voices 1, queue_size 512, frags_max 1
Jan 01 00:01:47.771    4 10208     0 1970-01-01 12:01:47.770016 AM [CQNXSoundIF] [getBytesPerFrame]<ASOUND> Bytes per frame: 2
Jan 01 00:01:47.771    4 10208     0 1970-01-01 12:01:47.771023 AM [CQNXSoundIF] [getN0Frames]<ASOUND> No. Frames: 256
Jan 01 00:01:47.771    4 10208     0 1970-01-01 12:01:47.771023 AM [CQNXSoundIF] [getBytesPerFrame]<ASOUND> Bytes per frame: 2
Jan 01 00:01:47.772    4 10208     0 1970-01-01 12:01:47.771023 AM [CQNXSoundIF] [prepare]<ASOUND> Allocated buffer (0x0073D268) length: 512 [B]
Jan 01 00:01:47.772    5 10208     0 1970-01-01 12:01:47.772030 AM [CQNXSoundIF] [open]<ASOUND> Open the path: "mic2_dio"(direction: 2)
Jan 01 00:01:47.774    4 10208     0 1970-01-01 12:01:47.773037 AM [CQNXSoundIF] <ASOUND> nSampleRate: 16000, nBitsPerSample: 16, nChannels: 1
Jan 01 00:01:47.774    2 13103     0 io-audio[deva_srf_platform.c:1661]: DEVA: deva_capabilities: ENTER
Jan 01 00:01:47.774    2 13103     0 io-audio[deva_srf_platform.c:1679]: DEVA: deva_capabilities: info => formats=16, rates=128, min_rate=48000, max_rate=48000, min_voices=1, max_voices=1, min_fragsize=1536, max_fragsize=1536
Jan 01 00:01:47.774    2 13103     0 io-audio[deva_srf_platform.c:2204]: DEVA: deva_get_session_handles_from_platform_id: ENTER
Jan 01 00:01:47.775    2 13103     0 io-audio[deva_srf_platform.c:2275]: DEVA: deva_get_session_handles_from_platform_id: LEAVE
Jan 01 00:01:47.775    2 13103     0 io-audio[deva_srf_platform.c:1698]: DEVA: deva_capabilities: ado_pcm_t found at device_id = 26 <mic2_dio>
Jan 01 00:01:47.775    2 13103     0 io-audio[deva_srf_platform.c:1736]: DEVA: deva_capabilities: LEAVE (chn_avail=1)
Jan 01 00:01:47.775    2 13103     0 io-audio[deva_srf_platform.c:1756]: DEVA: deva_aquire: ENTER
Jan 01 00:01:47.776    2 13103     0 io-audio[deva_srf_platform.c:2204]: DEVA: deva_get_session_handles_from_platform_id: ENTER
Jan 01 00:01:47.776    2 13103     0 io-audio[deva_srf_platform.c:2275]: DEVA: deva_get_session_handles_from_platform_id: LEAVE
Jan 01 00:01:47.776    2 13103     0 io-audio[deva_srf_platform.c:1778]: DEVA: deva_aquire: ado_pcm_t found at device_id = 26 <mic2_dio>, stream_type=4
Jan 01 00:01:47.777    2 13103     0 io-audio[deva_srf_platform.c:1816]: DEVA: deva_aquire: dma buffer of size 15360 (0x3c00) has been allocated successfully
Jan 01 00:01:47.777    2 13103     0 io-audio[deva_srf_session.c:42]: DEVA: session_deva_timer_setup: ENTER
Jan 01 00:01:47.777    5 20002     0 devp-iso-mmx[isoTX2]: io_close: id=3, handle=-1, rcvID=-1
Jan 01 00:01:47.779    2 13103     0 io-audio[deva_srf_session.c:564]: DEVA: *** session_deva_timer_thread: Waiting on Channel ID 24 ***
Jan 01 00:01:47.779    2 13103     0 io-audio[deva_srf_session.c:121]: DEVA: session_deva_timer_setup: timer 5 thread 21 chid 24 coid 1073741849
Jan 01 00:01:47.779    2 13103     0 io-audio[deva_srf_session.c:147]: DEVA: session_deva_timer_setup: LEAVE (rc=0x0)
Jan 01 00:01:47.779    2 13103     0 io-audio[deva_srf_platform.c:1826]: DEVA: deva_aquire: LEAVE (rc=0x0)
Jan 01 00:01:47.780    5     7     0 RATE_POLY Create: 48000 -> 16000. Ch: 1. Pb: 0. FragSize: 1536. FixedTransferSize: 0
Jan 01 00:01:47.780    5     7     0 RATE_POLY Init. Size 1536 -> 512
Jan 01 00:01:47.781    5     7     0 RATE_POLY Reset. Size 1536 -> 512
Jan 01 00:01:47.781    2 13103     0 io-audio[deva_srf_platform.c:1904]: DEVA: deva_prepare: ENTER
Jan 01 00:01:47.781    2 13103     0 io-audio[deva_srf_platform.c:1905]: DEVA: deva_prepare: LEAVE
Jan 01 00:01:47.785    4 10208     0 1970-01-01 12:01:47.782102 AM [CQNXSoundIF] [prepare]<ASOUND> Format Signed 16-bit Little Endian, frag_size 512, rate 16000, voices 1, queue_size 512, frags_max 1
Jan 01 00:01:47.787    4 10208     0 1970-01-01 12:01:47.786131 AM [CQNXSoundIF] [getBytesPerFrame]<ASOUND> Bytes per frame: 2
Jan 01 00:01:47.788    4 10208     0 1970-01-01 12:01:47.787138 AM [CQNXSoundIF] [getN0Frames]<ASOUND> No. Frames: 256
Jan 01 00:01:47.788    4 10208     0 1970-01-01 12:01:47.788145 AM [CQNXSoundIF] [getBytesPerFrame]<ASOUND> Bytes per frame: 2
Jan 01 00:01:47.789    4 10208     0 1970-01-01 12:01:47.789152 AM [CQNXSoundIF] [prepare]<ASOUND> Allocated buffer (0x007DAF90) length: 512 [B]
Jan 01 00:01:47.790    5 10208     0 1970-01-01 12:01:47.790159 AM [AudioStream] [AudioStreamStart] [0x00315B28] Prepared: 1
Jan 01 00:01:47.792    4 10208     0 1970-01-01 12:01:47.791167 AM [CQNXSoundIF] [getBytesPerFrame]<ASOUND> Bytes per frame: 2
Jan 01 00:01:47.792    4 10208     0 1970-01-01 12:01:47.792174 AM [CQNXSoundIF] [getN0Frames]<ASOUND> No. Frames: 256
Jan 01 00:01:47.793    4 10208     0 1970-01-01 12:01:47.792174 AM [CQNXSoundIF] [getBytesPerFrame]<ASOUND> Bytes per frame: 2
Jan 01 00:01:47.793    4 10208     0 1970-01-01 12:01:47.793181 AM [CQNXSoundIF] [getN0Frames]<ASOUND> No. Frames: 256
Jan 01 00:01:47.795    4 10208     0 1970-01-01 12:01:47.794188 AM [CQNXSoundIF] [getBytesPerFrame]<ASOUND> Bytes per frame: 2
Jan 01 00:01:47.795    4 10208     0 1970-01-01 12:01:47.795195 AM [CQNXSoundIF] [getN0Frames]<ASOUND> No. Frames: 256
Jan 01 00:01:47.795    4 10208     0 1970-01-01 12:01:47.795195 AM [AudioStream] <Tx_THREAD> nFrames: 256 | bytesPerFrame: 2 | nSamplesInBytes: 512(txLength: 512/512)
Jan 01 00:01:47.796    4 10208     0 1970-01-01 12:01:47.796203 AM [AudioStream] [sendMutePackets] Frames: 256 (bytes: 512)
Jan 01 00:01:47.796    4 10208     0 1970-01-01 12:01:47.796203 AM [CQNXSoundIF] [getBytesPerFrame]<ASOUND> Bytes per frame: 2
Jan 01 00:01:47.796    4 10208     0 1970-01-01 12:01:47.796203 AM [AudioStream] [sendMutePackets] Frames: 256 (bytes: 512)
Jan 01 00:01:47.797    4 10208     0 1970-01-01 12:01:47.796203 AM [AudioStream] [sendMutePackets] Frames: 256 (bytes: 512)
Jan 01 00:01:47.797    4 10208     0 1970-01-01 12:01:47.797210 AM [AudioStream] [sendMutePackets] Frames: 256 (bytes: 512)
Jan 01 00:01:47.797    4 10208     0 1970-01-01 12:01:47.797210 AM [AudioStream] [sendMutePackets] Frames: 256 (bytes: 512)
Jan 01 00:01:47.798    4 10208     0 1970-01-01 12:01:47.798217 AM [AudioStream] [sendMutePackets] Frames: 256 (bytes: 512)
Jan 01 00:01:47.798    4 10208     0 1970-01-01 12:01:47.798217 AM [AudioStream] [sendMutePackets] Frames: 256 (bytes: 512)
Jan 01 00:01:47.799    4 10208     0 1970-01-01 12:01:47.798217 AM [CQNXSoundIF] [getN0Frames]<ASOUND> No. Frames: 256
Jan 01 00:01:47.799    4 10208     0 1970-01-01 12:01:47.799224 AM [AudioStream] [sendMutePackets] Frames: 256 (bytes: 512)
Jan 01 00:01:47.799    4 10208     0 1970-01-01 12:01:47.799224 AM [AudioStream] [sendMutePackets] Frames: 256 (bytes: 512)
Jan 01 00:01:47.799    2 13103     0 io-audio[deva_srf_platform.c:1918]: DEVA: deva_trigger: ENTER
Jan 01 00:01:47.799    2 13103     0 io-audio[deva_srf_platform.c:1927]: DEVA: deva_trigger: device_id = 10 <deva_timer_play_ann4_dio_voice>, stream_type=2
Jan 01 00:01:47.799    2 13103     0 io-audio[deva_srf_platform.c:1931]: DEVA: deva_trigger: ADO_PCM_TRIGGER_GO
Jan 01 00:01:47.800    2 13103     0 io-audio[deva_srf_platform.c:1918]: DEVA: deva_trigger: ENTER
Jan 01 00:01:47.800    2 13103     0 io-audio[deva_srf_session.c:239]: DEVA: session_deva_timer_start: ENTER
Jan 01 00:01:47.800    2 13103     0 io-audio[deva_srf_platform.c:1927]: DEVA: deva_trigger: device_id = 23 <deva_timer_play_sse>, stream_type=4
Jan 01 00:01:47.800    2 13103     0 io-audio[deva_srf_session.c:1137]: DEVA: session_csd_start: ENTER
Jan 01 00:01:47.800    2 13103     0 io-audio[deva_srf_platform.c:1931]: DEVA: deva_trigger: ADO_PCM_TRIGGER_GO
Jan 01 00:01:47.800    2 13103     0 io-audio[deva_srf_session.c:1681]: DEVA: session_csd_start_playback: ENTER
Jan 01 00:01:47.800    2 13103     0 io-audio[deva_srf_session.c:239]: DEVA: session_deva_timer_start: ENTER
Jan 01 00:01:47.800    2 13103     0 io-audio[deva_srf_session.c:2345]: DEVA: session_loopback_deva_start: ENTER (channel=<PLAYBACK>)
Jan 01 00:01:47.800    2 13103     0 io-audio[deva_srf_session.c:2620]: DEVA: session_loopback_deva_start_playback_thread: ENTER
Jan 01 00:01:47.800    2 13103     0 io-audio[deva_srf_session.c:2652]: DEVA: session_loopback_deva_start_playback_thread: LEAVE
Jan 01 00:01:47.800    4 10208     0 1970-01-01 12:01:47.800231 AM [CQNXSoundIF] [getBytesPerFrame]<ASOUND> Bytes per frame: 2
Jan 01 00:01:47.800    2 13103     0 io-audio[deva_srf_session.c:2418]: DEVA: session_loopback_deva_start: LEAVE (rc=0x0)
Jan 01 00:01:47.800    2 16301     0 audio_service[DALSysEvent.c:276]:  DALSYSCMN_EVENT_ATTR_EVENT_MASK is not set in pEventObj->dwObjInfo _DALSYS_EventCtrl,276
Jan 01 00:01:47.800    2 13103     0 io-audio[deva_srf_session.c:325]: DEVA: session_deva_timer_start: LEAVE (rc=0x0)
Jan 01 00:01:47.800    2 13103     0 io-audio[deva_srf_platform.c:1944]: DEVA: deva_trigger: LEAVE (rc=0x0)
Jan 01 00:01:47.800    2 13103     0 io-audio[deva_csd_priv.c:553]: DEVA: setStartSession: SUCCESS session handle 1295378
Jan 01 00:01:47.800    2 13103     0 io-audio[deva_srf_session.c:1763]: DEVA: session_csd_start_playback_buffer: ENTER
Jan 01 00:01:47.801    2 13103     0 io-audio[deva_srf_session.c:1857]: DEVA: session_csd_start_playback_buffer: LEAVE
Jan 01 00:01:47.801    2 13103     0 io-audio[deva_srf_session.c:1726]: DEVA: session_csd_start_playback: LEAVE (rc=0x0)
Jan 01 00:01:47.801    2 13103     0 io-audio[deva_srf_session.c:1156]: DEVA: session_csd_start: session_csd_start_playback() SUCCEEDED
Jan 01 00:01:47.801    2 13103     0 io-audio[deva_srf_session.c:1183]: DEVA: session_csd_start: LEAVE (rc=0x0)
Jan 01 00:01:47.801    2 13103     0 io-audio[deva_srf_session.c:325]: DEVA: session_deva_timer_start: LEAVE (rc=0x0)
Jan 01 00:01:47.801    2 13103     0 io-audio[deva_srf_platform.c:1944]: DEVA: deva_trigger: LEAVE (rc=0x0)
Jan 01 00:01:47.801    4 10208     0 1970-01-01 12:01:47.801238 AM [AudioStream] <Rx_THREAD> nFrames: 256, nBytesPerFrame: 2, nTotalSamplesSizeInBytes: 512(rxLength: 512)
Jan 01 00:01:47.801    4 10208     0 1970-01-01 12:01:47.801238 AM [AudioStream] [sendMutePackets] Frames: 256 (bytes: 512)
Jan 01 00:01:47.802    2 13103     0 io-audio[deva_srf_platform.c:1918]: DEVA: deva_trigger: ENTER
Jan 01 00:01:47.802    2 13103     0 io-audio[deva_srf_platform.c:1927]: DEVA: deva_trigger: device_id = 26 <deva_timer_cap_mic2_dio>, stream_type=4
Jan 01 00:01:47.802    2 13103     0 io-audio[deva_srf_platform.c:1931]: DEVA: deva_trigger: ADO_PCM_TRIGGER_GO
Jan 01 00:01:47.802    2 13103     0 io-audio[deva_srf_session.c:239]: DEVA: session_deva_timer_start: ENTER
Jan 01 00:01:47.802    2 13103     0 io-audio[deva_srf_session.c:2345]: DEVA: session_loopback_deva_start: ENTER (channel=<CAPTURE>)
Jan 01 00:01:47.802    2 13103     0 io-audio[deva_srf_session.c:2418]: DEVA: session_loopback_deva_start: LEAVE (rc=0x0)
Jan 01 00:01:47.802    2 13103     0 io-audio[deva_srf_session.c:325]: DEVA: session_deva_timer_start: LEAVE (rc=0x0)
Jan 01 00:01:47.802    2 13103     0 io-audio[deva_srf_platform.c:1944]: DEVA: deva_trigger: LEAVE (rc=0x0)
Jan 01 00:01:47.815    5 20002     0 devp-iso-mmx[isoTX2]: io_open: id=3, flags=0x00008002
Jan 01 00:01:47.817    5 20002     0 devp-iso-mmx[isoTX2]: DEVCTL:Queue has been flushed. First Packet cleared
Jan 01 00:01:47.817    5 20002     0 devp-iso-mmx[isoTX2]: DEVCTL: START: Max queue size set to 12032 (64 blocks)
Jan 01 00:01:47.818    4 10208     0 1970-01-01 12:01:47.818361 AM [AudioStream] [sendMutePackets] Frames: 256 (bytes: 512)
Jan 01 00:01:47.849    5 16013   1459 vpeCore[wait.c:43]: [Resource_BlockWait] /dev/mmpm already available !
Jan 01 00:01:47.850    6 10208     0 1970-01-01 12:01:47.850591 AM [AirPlay] Main: Starting audio in 50 ms
Jan 01 00:01:47.854    5 16303     1 vpeCore[smmu_lib.c:388]: Waiting for events from the Server
Jan 01 00:01:47.858    5 20002     0 devp-iso-mmx[isoTX2]: io_close: id=3, handle=-1, rcvID=-1
Jan 01 00:01:47.871    5     8   100 (name:carplay-alt111-mirror-display)(pid:446508)(tid:1) I/Adreno-EGL: <qeglDrvAPI_eglInitialize:379>: EGL 1.4 QUALCOMM Build: 3929146
Jan 01 00:01:47.881    5 20002     0 devp-iso-mmx[isoTX2]: io_open: id=3, flags=0x00008002
Jan 01 00:01:47.882    5 20002     0 devp-iso-mmx[isoTX2]: DEVCTL:Queue has been flushed. First Packet cleared
Jan 01 00:01:47.882    5 20002     0 devp-iso-mmx[isoTX2]: DEVCTL: START: Max queue size set to 12032 (64 blocks)
Jan 01 00:01:47.905    5 16013   1459 vpeCore[wait.c:43]: [Resource_BlockWait] /dev/mmpm already available !
Jan 01 00:01:47.909    5 16303     1 vpeCore[smmu_lib.c:388]: Waiting for events from the Server
Jan 01 00:01:47.915    5 20002     0 devp-iso-mmx[isoTX2]: io_close: id=3, handle=-1, rcvID=-1
Jan 01 00:01:47.915    6 10208     0 1970-01-01 12:01:47.915051 AM [AirPlay] Main: Buffering complete, 68 ms (1080), 14459968 ticks late
Jan 01 00:01:47.924    4 10208     0 1970-01-01 12:01:47.924115 AM [CDIOManager] <AIRPLAY_SERVER> Property: playbackAllowed
Jan 01 00:01:47.925    3 10208     0 1970-01-01 12:01:47.925122 AM [AirPlay] [_AirTunesServer_PlaybackAllowed] gAirTunesPlaybackAllowed: 1 | playbackAllowed: 1
Jan 01 00:01:47.926    4 10208     0 1970-01-01 12:01:47.926130 AM [AirPlayReceiverSessionScreen] [AirPlayReceiverSessionScreen_UpdateState]<SCREEN>[threadId:41] NONE -> INITIALIZING
Jan 01 00:01:47.927    4 10208     0 1970-01-01 12:01:47.926130 AM [AirPlayReceiverSessionScreen] [AirPlayReceiverSessionScreen_Setup]<SCREEN> Latency: 25
Jan 01 00:01:47.936    4 10208     0 1970-01-01 12:01:47.935194 AM [AirPlay] <SCREEN> screenThreadPriority: 17(env="SCREEN_RECEIVER_THREAD_PRIO")
Jan 01 00:01:47.938    4 10208     0 1970-01-01 12:01:47.937209 AM [AirPlay] [AirPlayReceiverSessionPlatformControl] command: setUpStreams
Jan 01 00:01:47.946    5 20002     0 devp-iso-mmx[isoTX2]: io_open: id=3, flags=0x00008002
Jan 01 00:01:47.948    5     8   100 (name:carplay-alt111-mirror-display)(pid:446508)(tid:1) E/Adreno-ES20: <rb_context_create:936>: using num_swaps_before_free = 200
Jan 01 00:01:47.949    5     8   100 (name:carplay-alt111-mirror-display)(pid:446508)(tid:1) E/Adreno-ES20: <rb_context_create:943>: using aging_ts_threshold = 20
Jan 01 00:01:47.950    5     8   100 (name:carplay-alt111-mirror-display)(pid:446508)(tid:2) E/Adreno-ES20: <rb_mem_pool_cleanup_thread:985>: mem_pool thread created 
Jan 01 00:01:47.951    4 10208     0 1970-01-01 12:01:47.950302 AM [ScreenStream] <SCREEN> Creating...
Jan 01 00:01:47.951    5 20002     0 devp-iso-mmx[isoTX2]: DEVCTL:Queue has been flushed. First Packet cleared
Jan 01 00:01:47.951    4 10208     0 1970-01-01 12:01:47.951309 AM [OmxVideoImpl] [initialize]<VIDEO_STREAMING> Initializing...
Jan 01 00:01:47.952    4 10208     0 1970-01-01 12:01:47.952317 AM [COMXVideoDecoder] [init]<VIDEO_DECODER> Initialize (thread: name=videoDecoderThread, prio = 18, slots = 16)
Jan 01 00:01:47.953    4 10208     0 1970-01-01 12:01:47.953324 AM [CCommandThread] [thread]<COMMAND_THREAD> Starting thread...
Jan 01 00:01:47.953    4 10208     0 1970-01-01 12:01:47.953324 AM [ScreenStream] [_ScreenStreamSetProperty]<SCREEN> inProperty: maxFPS
Jan 01 00:01:47.953    4 10208     0 1970-01-01 12:01:47.953324 AM [ScreenStream] [_ScreenStreamSetProperty]<SCREEN> inProperty: xOffset
Jan 01 00:01:47.954    4 10208     0 1970-01-01 12:01:47.954331 AM [ScreenStream] [_ScreenStreamSetProperty]<SCREEN> inProperty: yOffset
Jan 01 00:01:47.954    4 10208     0 1970-01-01 12:01:47.954331 AM [ScreenStream] [_ScreenStreamSetProperty]<SCREEN> inProperty: windowWidth
Jan 01 00:01:47.954    4 10208     0 1970-01-01 12:01:47.954331 AM [ScreenStream] [_ScreenStreamSetProperty]<SCREEN> inProperty: windowHeight
Jan 01 00:01:47.954    4 10208     0 1970-01-01 12:01:47.954331 AM [ScreenStream] [_ScreenStreamSetProperty]<SCREEN> inProperty: widthPixels
Jan 01 00:01:47.955    4 10208     0 1970-01-01 12:01:47.954331 AM [ScreenStream] [_ScreenStreamSetProperty]<SCREEN> inProperty: heightPixels
Jan 01 00:01:47.955    4 10208     0 1970-01-01 12:01:47.955338 AM [OmxVideoImpl] [start]<VIDEO_STREAMING> Starting...
Jan 01 00:01:47.955    4 10208     0 1970-01-01 12:01:47.955338 AM [CCommandThread] [thread]<COMMAND_THREAD> Starting thread...
Jan 01 00:01:47.957    5 20002     0 devp-iso-mmx[isoTX2]: DEVCTL: START: Max queue size set to 12032 (64 blocks)
Jan 01 00:01:47.964    4 10208     0 1970-01-01 12:01:47.964403 AM [COMXVideoDecoder] [open]<VIDEO_DECODER> Decoder handle created successfully (0x001DE600)
Jan 01 00:01:47.964    4 10208     0 1970-01-01 12:01:47.964403 AM [ScreenStream] <SCREEN> Configuring video decoder: w=1024, h=480. Window: w =1024, h=480, offset(0,0), fps=30)
Jan 01 00:01:47.965    4 10208     0 1970-01-01 12:01:47.964403 AM [OmxVideoImpl] [configure]<VIDEO_STREAMING> Configuring...
Jan 01 00:01:47.969    4 10208     0 1970-01-01 12:01:47.968432 AM [COMXVideoDecoder] [createBuffers]<VIDEO_DECODER> Input Buffer:  Count = 12 (minNo: 3), Size =  737280 [B] (width: 1024, height: 480, fps: 30)
Jan 01 00:01:47.971    4 10208     0 1970-01-01 12:01:47.970446 AM [COMXVideoDecoder] [createBuffers]<VIDEO_DECODER> Output Buffer:  Count = 12 (minN0 11), Size =  753712[B] (width: 1024, height: 480, fps: 30)
Jan 01 00:01:47.972    4 10208     0 1970-01-01 12:01:47.972460 AM [CScreenRender] [config]<SCREEN_RENDERING> Window ID: 59
Jan 01 00:01:47.972    4 10208     0 1970-01-01 12:01:47.972460 AM [CScreenRender] [config]<SCREEN_RENDERING> Window's size: (width: 1024, height: 480)
Jan 01 00:01:47.972    4 10208     0 1970-01-01 12:01:47.972460 AM [CScreenRender] [config]<SCREEN_RENDERING> Window's offset: (x: 0, y: 0)
Jan 01 00:01:47.973    4 10208     0 1970-01-01 12:01:47.972460 AM [CScreenRender] [config]<SCREEN_RENDERING> Number of buffers: 12
Jan 01 00:01:47.973    4 10208     0 1970-01-01 12:01:47.973467 AM [CScreenRender] [setNumOfRenderBuffers]<SCREEN_RENDER> Number of buffers: 12
Jan 01 00:01:47.991    4 10256    23 [81945:31][wfdCreateWFDEGLImagesQNX:1843]CREATED count=12 nativeImages with width=1024, height=480, format=65548, usage=0x00000486, flags=0x2, size=0x000b9000, strides=[1024 0]
Jan 01 00:01:47.992    4 10208     0 1970-01-01 12:01:47.991597 AM [COMXVideoDecoder] [start]<VIDEO_DECODER> Starting
Jan 01 00:01:47.992    4 10208     0 1970-01-01 12:01:47.992604 AM [COMXVideoDecoder] [goToExecutingState]<VIDEO_DECODER> State: OMX_StateLoaded
Jan 01 00:01:47.992    4 10208     0 1970-01-01 12:01:47.992604 AM [COMXVideoDecoder] [goToIdleState]<VIDEO_DECODER> State: OMX_StateLoaded
Jan 01 00:01:47.992    4 10208     0 1970-01-01 12:01:47.992604 AM [COMXVideoDecoder] [setState]<VIDEO_DECODER> State: OMX_StateIdle
Jan 01 00:01:48.012    4 10256    23 [81945:32][wfdCreateWFDEGLImagesQNX:1843]CREATED count=2 nativeImages with width=1440, height=455, format=8, usage=0x00000026, flags=0x2, size=0x002a3000, strides=[5760 0]
Jan 01 00:01:48.021    4 10208     0 1970-01-01 12:01:48.019798 AM [AirPlay] <AirPlay> Modes changed: screen controller, mainAudio controller, speech controller (speaking), phone n/a, turns controller
Jan 01 00:01:48.030    4 10208     0 1970-01-01 12:01:48.028863 AM [AirPlay] [AirPlayReceiverSessionPlatformControl] command: suggestUI
Jan 01 00:01:48.030    4 10256    23 [81945:28][wfd_BindSourceToPipelineInternal:1194]ATTACHING A NULL SOURCE TO PIPELINE, layer_id=5, pipe->src_image=0x00000000, pPort=0x782137b8, pBoundPort=0x00000000
Jan 01 00:01:48.030    4 10256    23 [81945:28][wfd_BindSourceToPipelineInternal:1194]ATTACHING A NULL SOURCE TO PIPELINE, layer_id=6, pipe->src_image=0x00000000, pPort=0x782137b8, pBoundPort=0x00000000
Jan 01 00:01:48.033    4 10208     0 1970-01-01 12:01:48.032891 AM [CDIOManager] <SESSION> Command received: suggestUI
Jan 01 00:01:48.036    2 10208     0 1970-01-01 12:01:48.035913 AM [AirPlay] [AirPlayReceiverSessionPlatformControl] <ERROR> -6714/0xFFFFE5C6 kNotHandledErr
Jan 01 00:01:48.074    5 16013   1459 vpeCore[wait.c:43]: [Resource_BlockWait] /dev/mmpm already available !
Jan 01 00:01:48.079    4 10208     0 1970-01-01 12:01:48.078215 AM [COMXVideoDecoder] [onEventCallback]<VIDEO_DECODER> Event: OMX_EventCmdComplete (command: OMX_CommandStateSet, data: 2)
Jan 01 00:01:48.079    4 10208     0 1970-01-01 12:01:48.079222 AM [COMXVideoDecoder] [waitState]<VIDEO_DECODER> State (wait: OMX_StateIdle | signaled: OMX_StateIdle)
Jan 01 00:01:48.079    4 10208     0 1970-01-01 12:01:48.079222 AM [COMXVideoDecoder] [setState]<VIDEO_DECODER> State: OMX_StateExecuting
Jan 01 00:01:48.085    5 16303     1 vpeCore[smmu_lib.c:388]: Waiting for events from the Server
Jan 01 00:01:48.085    4 10208     0 1970-01-01 12:01:48.085265 AM [COMXVideoDecoder] [onEventCallback]<VIDEO_DECODER> Event: OMX_EventCmdComplete (command: OMX_CommandStateSet, data: 3)
Jan 01 00:01:48.086    4 10208     0 1970-01-01 12:01:48.086272 AM [COMXVideoDecoder] [waitState]<VIDEO_DECODER> State (wait: OMX_StateExecuting | signaled: OMX_StateExecuting)
Jan 01 00:01:48.090    4 10208     0 1970-01-01 12:01:48.090301 AM [ScreenStream] [ScreenStreamStart]<SCREEN> Decoder started successfully (configured=1)
Jan 01 00:01:48.091    4 10208     0 1970-01-01 12:01:48.090301 AM [ScreenStream] [_ScreenStreamSetProperty]<SCREEN> inProperty: widthPixels
Jan 01 00:01:48.091    4 10208     0 1970-01-01 12:01:48.091308 AM [ScreenStream] [_ScreenStreamSetProperty]<SCREEN> inProperty: heightPixels
Jan 01 00:01:48.091    4 10208     0 1970-01-01 12:01:48.091308 AM [ScreenStream] [_ScreenStreamSetProperty]<SCREEN> inProperty: avcc
Jan 01 00:01:48.091    4 10208     0 1970-01-01 12:01:48.091308 AM [ScreenStream] [_ScreenStreamSetProperty]<SCREEN> Annex B Header (ptr: 0x0024C6B8, length: 32)
Jan 01 00:01:48.093    4 10208     0 1970-01-01 12:01:48.092316 AM [ScreenStream] [_ScreenStreamSetProperty]<SCREEN> inProperty: widthPixels
Jan 01 00:01:48.093    4 10208     0 1970-01-01 12:01:48.093323 AM [ScreenStream] [_ScreenStreamSetProperty]<SCREEN> inProperty: heightPixels
Jan 01 00:01:48.094    4 10208     0 1970-01-01 12:01:48.094330 AM [ScreenStream] [_ScreenStreamSetProperty]<SCREEN> inProperty: avcc
Jan 01 00:01:48.094    4 10208     0 1970-01-01 12:01:48.094330 AM [ScreenStream] [_ScreenStreamSetProperty]<SCREEN> Annex B Header (ptr: 0x007170C0, length: 33)
Jan 01 00:01:48.094    4 10208     0 1970-01-01 12:01:48.094330 AM [AirPlayReceiverSessionScreen] [AirPlayReceiverSessionScreen_UpdateState]<SCREEN>[threadId:56] INITIALIZING -> READY
Jan 01 00:01:48.095    4 10208     0 1970-01-01 12:01:48.095337 AM [AirPlay] <AirPlay> Modes changed: screen controller, mainAudio controller, speech controller (speaking), phone n/a, turns controller
Jan 01 00:01:48.097    2 10906     2  <videoCore> QTV_VIDEO_TASK:vcdSub.c:9770:2 Invalid frame type
Jan 01 00:01:48.097    4 10208     0 1970-01-01 12:01:48.097351 AM [ScreenStream] [_ScreenStreamSetProperty]<SCREEN> inProperty: widthPixels
Jan 01 00:01:48.098    4 10208     0 1970-01-01 12:01:48.098359 AM [ScreenStream] [_ScreenStreamSetProperty]<SCREEN> inProperty: heightPixels
Jan 01 00:01:48.100    4 10208     0 1970-01-01 12:01:48.099366 AM [ScreenStream] [_ScreenStreamSetProperty]<SCREEN> inProperty: avcc
Jan 01 00:01:48.101    4 10208     0 1970-01-01 12:01:48.100373 AM [ScreenStream] [_ScreenStreamSetProperty]<SCREEN> Annex B Header (ptr: 0x00705D38, length: 33)
Jan 01 00:01:48.109    5 20002     0 devp-iso-mmx[isoTX2]: io_close: id=3, handle=-1, rcvID=-1
Jan 01 00:01:48.131    4 10256    23 [81945:34][wfdCreateSourceFromImage:2273]CREATED source=0x002da2f8, nativeImage=0x002d9e20 [width=1024, height=480, format=65548, usage=0x00000487, size=0x000b9000, paddr=0xb61d0000, strides=[1024 0], vaddr=0x29230000, planar_offsets=[0x00000000 0x00078000 0x00000000]], pipe->layer_id=5, ePixelFormat=24
Jan 01 00:01:48.131    4 10256    23 [81945:34][wfdCreateSourceFromImage:2273]CREATED source=0x002da320, nativeImage=0x002d9e88 [width=1024, height=480, format=65548, usage=0x00000487, size=0x000b9000, paddr=0xb6140000, strides=[1024 0], vaddr=0x2a9a4000, planar_offsets=[0x00000000 0x00078000 0x00000000]], pipe->layer_id=5, ePixelFormat=24
Jan 01 00:01:48.131    4 10256    23 [81945:34][wfdCreateSourceFromImage:2273]CREATED source=0x002da348, nativeImage=0x002d9ef0 [width=1024, height=480, format=65548, usage=0x00000487, size=0x000b9000, paddr=0xb60b0000, strides=[1024 0], vaddr=0x2ad40000, planar_offsets=[0x00000000 0x00078000 0x00000000]], pipe->layer_id=5, ePixelFormat=24
Jan 01 00:01:48.131    4 10256    23 [81945:34][wfdCreateSourceFromImage:2273]CREATED source=0x002da370, nativeImage=0x002db050 [width=1024, height=480, format=65548, usage=0x00000487, size=0x000b9000, paddr=0xb6000000, strides=[1024 0], vaddr=0x2b420000, planar_offsets=[0x00000000 0x00078000 0x00000000]], pipe->layer_id=5, ePixelFormat=24
Jan 01 00:01:48.131    4 10256    23 [81945:34][wfdCreateSourceFromImage:2273]CREATED source=0x002da398, nativeImage=0x002db0b8 [width=1024, height=480, format=65548, usage=0x00000487, size=0x000b9000, paddr=0xb5f50000, strides=[1024 0], vaddr=0x2ba43000, planar_offsets=[0x00000000 0x00078000 0x00000000]], pipe->layer_id=5, ePixelFormat=24
Jan 01 00:01:48.131    4 10256    23 [81945:34][wfdCreateSourceFromImage:2273]CREATED source=0x002da3c0, nativeImage=0x002db120 [width=1024, height=480, format=65548, usage=0x00000487, size=0x000b9000, paddr=0xb5e90000, strides=[1024 0], vaddr=0x2bf50000, planar_offsets=[0x00000000 0x00078000 0x00000000]], pipe->layer_id=5, ePixelFormat=24
Jan 01 00:01:48.131    4 10256    23 [81945:34][wfdCreateSourceFromImage:2273]CREATED source=0x002da3e8, nativeImage=0x002db188 [width=1024, height=480, format=65548, usage=0x00000487, size=0x000b9000, paddr=0xb5de0000, strides=[1024 0], vaddr=0x2c720000, planar_offsets=[0x00000000 0x00078000 0x00000000]], pipe->layer_id=5, ePixelFormat=24
Jan 01 00:01:48.131    4 10256    23 [81945:34][wfdCreateSourceFromImage:2273]CREATED source=0x002da410, nativeImage=0x002db1f0 [width=1024, height=480, format=65548, usage=0x00000487, size=0x000b9000, paddr=0xb5d20000, strides=[1024 0], vaddr=0x2c640000, planar_offsets=[0x00000000 0x00078000 0x00000000]], pipe->layer_id=5, ePixelFormat=24
Jan 01 00:01:48.131    4 10256    23 [81945:34][wfdCreateSourceFromImage:2273]CREATED source=0x002da438, nativeImage=0x002db258 [width=1024, height=480, format=65548, usage=0x00000487, size=0x000b9000, paddr=0xb5c70000, strides=[1024 0], vaddr=0x2c840000, planar_offsets=[0x00000000 0x00078000 0x00000000]], pipe->layer_id=5, ePixelFormat=24
Jan 01 00:01:48.132    4 10256    23 [81945:34][wfdCreateSourceFromImage:2273]CREATED source=0x002da460, nativeImage=0x002db2c0 [width=1024, height=480, format=65548, usage=0x00000487, size=0x000b9000, paddr=0xb5bc0000, strides=[1024 0], vaddr=0x2d620000, planar_offsets=[0x00000000 0x00078000 0x00000000]], pipe->layer_id=5, ePixelFormat=24
Jan 01 00:01:48.132    4 10256    23 [81945:34][wfdCreateSourceFromImage:2273]CREATED source=0x002da488, nativeImage=0x002db328 [width=1024, height=480, format=65548, usage=0x00000487, size=0x000b9000, paddr=0xb5b00000, strides=[1024 0], vaddr=0x2d1e0000, planar_offsets=[0x00000000 0x00078000 0x00000000]], pipe->layer_id=5, ePixelFormat=24
Jan 01 00:01:48.132    4 10256    23 [81945:34][wfdCreateSourceFromImage:2273]CREATED source=0x002da4b0, nativeImage=0x002db390 [width=1024, height=480, format=65548, usage=0x00000487, size=0x000b9000, paddr=0xb5a50000, strides=[1024 0], vaddr=0x2cea0000, planar_offsets=[0x00000000 0x00078000 0x00000000]], pipe->layer_id=5, ePixelFormat=24
Jan 01 00:01:48.132    4 10256    23 [81945:34][wfd_CheckAndTranslateNativeImage:1601]TRANSLATED pNativeImage=0x002d9e20 [width=1024, height=480, format=65548, usage=0x00000487, size=0x000b9000, paddr=0xb61d0000, strides=[1024 0], vaddr=0x29230000, planar_offsets=[0x00000000 0x00078000 0x00000000]], devaddr=0x00100000
Jan 01 00:01:48.132    4 10256    23 [81945:34][wfd_BindSourceToPipelineInternal:1194]ATTACHING A NULL SOURCE TO PIPELINE, layer_id=6, pipe->src_image=0x00000000, pPort=0x782137b8, pBoundPort=0x00000000
Jan 01 00:01:48.133    4 10256    23 [81945:34][wfdDeviceCommit:1974]wfd_qdi_AttachLayer pipe->layer_id=5 to pipe->port=0x782137b8, src_image=0x002da2f8
Jan 01 00:01:48.133    4 10256     6 [81945:34][ds_displayAttachLayer:2202]ePhyLayerId=2, ePhyDisplayId=4
Jan 01 00:01:48.133    4 10256    23 [81945:34][wfd_qdi_AttachLayer:3777]QDI_Display_AttachLayer 5

Jan 01 00:01:48.134    5 10000     0 00:01:48.133 MMX BENCH_Startup DisplayManager: new window available 59
Jan 01 00:01:48.147    5     8   100 (name:carplay-alt111-mirror-display)(pid:446508)(tid:1) E/Adreno-ES20: <api_profiler_control_open:1134>: API TRACE PROFILER: checking control
Jan 01 00:01:48.165    4 10208     0 1970-01-01 12:01:48.164833 AM [AirPlay] [_requestProcessTearDown] calling AirPlayReceiverSessionTearDown
Jan 01 00:01:48.172    4 10208     0 1970-01-01 12:01:48.165840 AM [AirPlay] <AirPlay> Tearing down session 17373957336960224347 with [fe80::1861:5cd4:afe4:ff70%carplay0]:54217 
Jan 01 00:01:48.175    4 10208     0 1970-01-01 12:01:48.173898 AM [AirPlay] [AirPlayReceiverSessionPlatformControl] command: tearDownStreams
Jan 01 00:01:48.176    4 10208     0 1970-01-01 12:01:48.175912 AM [AudioStream] <AirPlay> [AudioStreamStop] [0x00315B28] Stopping audio streaming (prepared: 1)
Jan 01 00:01:48.179    4 10256    23 [81945:28][wfd_CheckAndTranslateNativeImage:1601]TRANSLATED pNativeImage=0x002d9e88 [width=1024, height=480, format=65548, usage=0x00000487, size=0x000b9000, paddr=0xb6140000, strides=[1024 0], vaddr=0x2a9a4000, planar_offsets=[0x00000000 0x00078000 0x00000000]], devaddr=0x00a00000
Jan 01 00:01:48.184    5 20002     0 devp-iso-mmx[isoTX2]: io_open: id=3, flags=0x00008002
Jan 01 00:01:48.185    5 20002     0 devp-iso-mmx[isoTX2]: DEVCTL:Queue has been flushed. First Packet cleared
Jan 01 00:01:48.186    4 10208     0 1970-01-01 12:01:48.186991 AM [AudioStream] [thread]<AUDIO> Leaving Tx thread gracefully
Jan 01 00:01:48.187    4 10208     0 1970-01-01 12:01:48.187998 AM [AudioStream] [thread]<AUDIO> Leaving Rx thread gracefully
Jan 01 00:01:48.189    4 10208     0 1970-01-01 12:01:48.187998 AM [CQNXSoundIF] [close]<ASOUND> Close the path: "ann4_dio_voice" (handle = 0x0073D478)
Jan 01 00:01:48.192    5 20002     0 devp-iso-mmx[isoTX2]: DEVCTL: START: Max queue size set to 12032 (64 blocks)
Jan 01 00:01:48.205    4 10256    23 [81945:34][wfd_CheckAndTranslateNativeImage:1601]TRANSLATED pNativeImage=0x002d9ef0 [width=1024, height=480, format=65548, usage=0x00000487, size=0x000b9000, paddr=0xb60b0000, strides=[1024 0], vaddr=0x2ad40000, planar_offsets=[0x00000000 0x00078000 0x00000000]], devaddr=0x00b00000
Jan 01 00:01:48.220    4 10256    23 [81945:28][wfd_CheckAndTranslateNativeImage:1601]TRANSLATED pNativeImage=0x002db050 [width=1024, height=480, format=65548, usage=0x00000487, size=0x000b9000, paddr=0xb6000000, strides=[1024 0], vaddr=0x2b420000, planar_offsets=[0x00000000 0x00078000 0x00000000]], devaddr=0x01400000
Jan 01 00:01:48.229    5 16013   1459 vpeCore[wait.c:43]: [Resource_BlockWait] /dev/mmpm already available !
Jan 01 00:01:48.233    5 16303     1 vpeCore[smmu_lib.c:388]: Waiting for events from the Server
Jan 01 00:01:48.236    4 10256    23 [81945:32][wfd_CheckAndTranslateNativeImage:1601]TRANSLATED pNativeImage=0x002db0b8 [width=1024, height=480, format=65548, usage=0x00000487, size=0x000b9000, paddr=0xb5f50000, strides=[1024 0], vaddr=0x2ba43000, planar_offsets=[0x00000000 0x00078000 0x00000000]], devaddr=0x01500000
Jan 01 00:01:48.239    5 20002     0 devp-iso-mmx[isoTX2]: io_close: id=3, handle=-1, rcvID=-1
Jan 01 00:01:48.253    4 10256    23 [81945:27][wfd_CheckAndTranslateNativeImage:1601]TRANSLATED pNativeImage=0x002db120 [width=1024, height=480, format=65548, usage=0x00000487, size=0x000b9000, paddr=0xb5e90000, strides=[1024 0], vaddr=0x2bf50000, planar_offsets=[0x00000000 0x00078000 0x00000000]], devaddr=0x01600000
Jan 01 00:01:48.270    4 10256    23 [81945:32][wfd_CheckAndTranslateNativeImage:1601]TRANSLATED pNativeImage=0x002db188 [width=1024, height=480, format=65548, usage=0x00000487, size=0x000b9000, paddr=0xb5de0000, strides=[1024 0], vaddr=0x2c720000, planar_offsets=[0x00000000 0x00078000 0x00000000]], devaddr=0x01700000
Jan 01 00:01:48.277    5 20002     0 devp-iso-mmx[isoTX2]: io_open: id=3, flags=0x00008002
Jan 01 00:01:48.279    5 20002     0 devp-iso-mmx[isoTX2]: DEVCTL:Queue has been flushed. First Packet cleared
Jan 01 00:01:48.281    5 20002     0 devp-iso-mmx[isoTX2]: DEVCTL: START: Max queue size set to 12032 (64 blocks)
Jan 01 00:01:48.287    4 10256    23 [81945:32][wfd_CheckAndTranslateNativeImage:1601]TRANSLATED pNativeImage=0x002db1f0 [width=1024, height=480, format=65548, usage=0x00000487, size=0x000b9000, paddr=0xb5d20000, strides=[1024 0], vaddr=0x2c640000, planar_offsets=[0x00000000 0x00078000 0x00000000]], devaddr=0x01800000
Jan 01 00:01:48.315    4 10256    23 [81945:32][wfd_CheckAndTranslateNativeImage:1601]TRANSLATED pNativeImage=0x002db258 [width=1024, height=480, format=65548, usage=0x00000487, size=0x000b9000, paddr=0xb5c70000, strides=[1024 0], vaddr=0x2c840000, planar_offsets=[0x00000000 0x00078000 0x00000000]], devaddr=0x01900000
Jan 01 00:01:48.325    5 16013   1459 vpeCore[wait.c:43]: [Resource_BlockWait] /dev/mmpm already available !
Jan 01 00:01:48.347    2 13103     0 io-audio[deva_srf_platform.c:1918]: DEVA: deva_trigger: ENTER
Jan 01 00:01:48.347    2 13103     0 io-audio[deva_srf_platform.c:1927]: DEVA: deva_trigger: device_id = 10 <deva_timer_play_ann4_dio_voice>, stream_type=2
Jan 01 00:01:48.347    2 13103     0 io-audio[deva_srf_platform.c:1938]: DEVA: deva_trigger: ADO_PCM_TRIGGER_STOP
Jan 01 00:01:48.347    2 13103     0 io-audio[deva_srf_session.c:333]: DEVA: session_deva_timer_stop: ENTER
Jan 01 00:01:48.347    2 13103     0 io-audio[deva_srf_session.c:1191]: DEVA: session_csd_stop: ENTER
Jan 01 00:01:48.347    2 13103     0 io-audio[deva_srf_session.c:1734]: DEVA: session_csd_stop_playback: ENTER
Jan 01 00:01:48.348    2 13103     0 io-audio[deva_srf_platform.c:1918]: DEVA: deva_trigger: ENTER
Jan 01 00:01:48.348    2 13103     0 io-audio[deva_srf_platform.c:1927]: DEVA: deva_trigger: device_id = 26 <deva_timer_cap_mic2_dio>, stream_type=4
Jan 01 00:01:48.348    2 13103     0 io-audio[deva_srf_platform.c:1938]: DEVA: deva_trigger: ADO_PCM_TRIGGER_STOP
Jan 01 00:01:48.348    2 13103     0 io-audio[deva_srf_session.c:333]: DEVA: session_deva_timer_stop: ENTER
Jan 01 00:01:48.348    2 13103     0 io-audio[deva_srf_session.c:2426]: DEVA: session_loopback_deva_stop: ENTER (channel=<CAPTURE>)
Jan 01 00:01:48.348    2 13103     0 io-audio[deva_srf_session.c:2461]: DEVA: session_loopback_deva_stop: LEAVE (rc=0x0)
Jan 01 00:01:48.348    2 13103     0 io-audio[deva_srf_session.c:402]: DEVA: session_deva_timer_stop: LEAVE (rc=0x0)
Jan 01 00:01:48.348    2 13103     0 io-audio[deva_srf_platform.c:1944]: DEVA: deva_trigger: LEAVE (rc=0x0)
Jan 01 00:01:48.367    4 10256    23 [81945:34][wfd_CheckAndTranslateNativeImage:1601]TRANSLATED pNativeImage=0x002db2c0 [width=1024, height=480, format=65548, usage=0x00000487, size=0x000b9000, paddr=0xb5bc0000, strides=[1024 0], vaddr=0x2d620000, planar_offsets=[0x00000000 0x00078000 0x00000000]], devaddr=0x01a00000
Jan 01 00:01:48.384    4 10256    23 [81945:34][wfd_CheckAndTranslateNativeImage:1601]TRANSLATED pNativeImage=0x002db328 [width=1024, height=480, format=65548, usage=0x00000487, size=0x000b9000, paddr=0xb5b00000, strides=[1024 0], vaddr=0x2d1e0000, planar_offsets=[0x00000000 0x00078000 0x00000000]], devaddr=0x01b00000
Jan 01 00:01:48.394    2 13103     0 io-audio[deva_csd_priv.c:570]: DEVA: setStopSession : SUCCESS session handle 1295378
Jan 01 00:01:48.395    2 13103     0 io-audio[deva_csd_priv.c:598]: DEVA: setFlushSession : SUCCESS session handle 1295378
Jan 01 00:01:48.395    2 13103     0 io-audio[deva_srf_session.c:1751]: DEVA: session_csd_stop_playback: LEAVE (rc=0x0)
Jan 01 00:01:48.395    2 13103     0 io-audio[deva_srf_session.c:1210]: DEVA: session_csd_stop: session_csd_stop_playback() SUCCEEDED
Jan 01 00:01:48.395    2 13103     0 io-audio[deva_srf_session.c:1237]: DEVA: session_csd_stop: LEAVE (rc=0x0)
Jan 01 00:01:48.395    2 13103     0 io-audio[deva_srf_session.c:402]: DEVA: session_deva_timer_stop: LEAVE (rc=0x0)
Jan 01 00:01:48.395    2 13103     0 io-audio[deva_srf_platform.c:1944]: DEVA: deva_trigger: LEAVE (rc=0x0)
Jan 01 00:01:48.397    2 13103     0 io-audio[deva_srf_platform.c:1841]: DEVA: deva_release: ENTER (pc=1ef2a8)
Jan 01 00:01:48.397    2 13103     0 io-audio[deva_srf_platform.c:1850]: DEVA: deva_release: device_id = 10 <deva_timer_play_ann4_dio_voice>, stream_type=2
Jan 01 00:01:48.398    2 13103     0 io-audio[deva_srf_platform.c:2204]: DEVA: deva_get_session_handles_from_platform_id: ENTER
Jan 01 00:01:48.398    5 16303     1 vpeCore[smmu_lib.c:388]: Waiting for events from the Server
Jan 01 00:01:48.399    2 13103     0 io-audio[deva_srf_platform.c:2275]: DEVA: deva_get_session_handles_from_platform_id: LEAVE
Jan 01 00:01:48.399    2 13103     0 io-audio[deva_srf_session.c:156]: DEVA: session_deva_timer_teardown: ENTER
Jan 01 00:01:48.399    2 13103     0 io-audio[deva_srf_session.c:686]: DEVA: session_deva_timer_thread: received DEVA_MIB_EXIT_PULSE_CODE, thread 20 exiting!
Jan 01 00:01:48.400    2 13103     0 io-audio[deva_srf_session.c:230]: DEVA: session_deva_timer_teardown: LEAVE (rc=0x0)
Jan 01 00:01:48.400    2 13103     0 io-audio[deva_srf_platform.c:1894]: DEVA: deva_release: LEAVE (rc=0x0)
Jan 01 00:01:48.402    4 10208     0 1970-01-01 12:01:48.401522 AM [CQNXSoundIF] [close]<ASOUND> Close the path: "mic2_dio" (handle = 0x007DB840)
Jan 01 00:01:48.409    5     7     0 RATE_POLY Free. Converted 18432 -> 6144
Jan 01 00:01:48.418    2 13103     0 io-audio[deva_srf_platform.c:1841]: DEVA: deva_release: ENTER (pc=1f08a8)
Jan 01 00:01:48.421    2 13103     0 io-audio[deva_srf_platform.c:1850]: DEVA: deva_release: device_id = 26 <deva_timer_cap_mic2_dio>, stream_type=4
Jan 01 00:01:48.425    2 13103     0 io-audio[deva_srf_platform.c:2204]: DEVA: deva_get_session_handles_from_platform_id: ENTER
Jan 01 00:01:48.426    2 13103     0 io-audio[deva_srf_platform.c:2275]: DEVA: deva_get_session_handles_from_platform_id: LEAVE
Jan 01 00:01:48.426    4 10256    23 [81945:31][wfd_CheckAndTranslateNativeImage:1601]TRANSLATED pNativeImage=0x002db390 [width=1024, height=480, format=65548, usage=0x00000487, size=0x000b9000, paddr=0xb5a50000, strides=[1024 0], vaddr=0x2cea0000, planar_offsets=[0x00000000 0x00078000 0x00000000]], devaddr=0x01c00000
Jan 01 00:01:48.427    2 13103     0 io-audio[deva_srf_session.c:156]: DEVA: session_deva_timer_teardown: ENTER
Jan 01 00:01:48.427    2 13103     0 io-audio[deva_srf_session.c:686]: DEVA: session_deva_timer_thread: received DEVA_MIB_EXIT_PULSE_CODE, thread 21 exiting!
Jan 01 00:01:48.428    2 13103     0 io-audio[deva_srf_session.c:230]: DEVA: session_deva_timer_teardown: LEAVE (rc=0x0)
Jan 01 00:01:48.429    2 13103     0 io-audio[deva_srf_platform.c:1894]: DEVA: deva_release: LEAVE (rc=0x0)
Jan 01 00:01:48.430    4 10208     0 1970-01-01 12:01:48.429723 AM [AudioStream] <AUDIO_FINALIZE> audioTxThread = 0x00000000 | naudioRxThread = 0x00000000 | naudioTxDriverIF = 0x00000000 | naudioRxDriverIF = 0x00000000 | rxBuffer = 0x00000000 | txBuffer = 0x00000000
Jan 01 00:01:48.431    4 10208     0 1970-01-01 12:01:48.431738 AM [AirPlay] [_UpdateStreams]<AUDIO> Main audio torn down
Jan 01 00:01:48.434    4 10208     0 1970-01-01 12:01:48.433752 AM [AirPlay] <AirPlay> [_TearDownStream]: "Main" audio torn down
Jan 01 00:01:48.441    5 20002     0 devp-iso-mmx[isoTX2]: io_close: id=3, handle=-1, rcvID=-1
Jan 01 00:01:48.516    4 10208     0 1970-01-01 12:01:48.514327 AM [AirPlay] <AirPlay> Modes changed: screen controller, mainAudio controller, speech n/a (none), phone n/a, turns controller
Jan 01 00:01:48.523    5 20002     0 devp-iso-mmx[isoTX2]: io_open: id=3, flags=0x00008002
Jan 01 00:01:48.523    4 10208     0 1970-01-01 12:01:48.522384 AM [AirPlay] <AirPlay> Modes changed: screen controller, mainAudio accessory, speech n/a (none), phone n/a, turns controller
Jan 01 00:01:48.537    4 10208     0 1970-01-01 12:01:48.534471 AM [AirPlay] <AirPlay> Modes changed: screen controller, mainAudio accessory, speech n/a (none), phone n/a, turns controller
Jan 01 00:01:48.566    5 20002     0 devp-iso-mmx[isoTX2]: DEVCTL:Queue has been flushed. First Packet cleared
Jan 01 00:01:48.577    5 20002     0 devp-iso-mmx[isoTX2]: DEVCTL: START: Max queue size set to 12032 (64 blocks)
Jan 01 00:01:48.600    4 10208     0 1970-01-01 12:01:48.599938 AM [AirPlay] [AirPlayReceiverSessionPlatformControl] command: suggestUI
Jan 01 00:01:48.606    4 10208     0 1970-01-01 12:01:48.605981 AM [CDIOManager] <SESSION> Command received: suggestUI
Jan 01 00:01:48.609    2 10208     0 1970-01-01 12:01:48.607995 AM [AirPlay] [AirPlayReceiverSessionPlatformControl] <ERROR> -6714/0xFFFFE5C6 kNotHandledErr
Jan 01 00:01:48.631    2 13103     0 io-audio[deva_srf_platform.c:1918]: DEVA: deva_trigger: ENTER
Jan 01 00:01:48.631    2 13103     0 io-audio[deva_srf_platform.c:1927]: DEVA: deva_trigger: device_id = 30 <deva_timer_cap_sse_bundle_1>, stream_type=2
Jan 01 00:01:48.631    2 13103     0 io-audio[deva_srf_platform.c:1938]: DEVA: deva_trigger: ADO_PCM_TRIGGER_STOP
Jan 01 00:01:48.631    2 13103     0 io-audio[deva_srf_session.c:333]: DEVA: session_deva_timer_stop: ENTER
Jan 01 00:01:48.631    2 13103     0 io-audio[deva_srf_session.c:1191]: DEVA: session_csd_stop: ENTER
Jan 01 00:01:48.631    2 13103     0 io-audio[deva_srf_session.c:2158]: DEVA: session_csd_stop_capture: ENTER
Jan 01 00:01:48.632    2 13103     0 io-audio[deva_csd_priv.c:570]: DEVA: setStopSession : SUCCESS session handle 1033230
Jan 01 00:01:48.632    2 13103     0 io-audio[deva_csd_priv.c:598]: DEVA: setFlushSession : SUCCESS session handle 1033230
Jan 01 00:01:48.632    2 13103     0 io-audio[deva_srf_session.c:2176]: DEVA: session_csd_stop_capture: LEAVE (rc=0x0)
Jan 01 00:01:48.632    2 13103     0 io-audio[deva_srf_session.c:1224]: DEVA: session_csd_stop: session_csd_stop_capture() SUCCEEDED
Jan 01 00:01:48.632    2 13103     0 io-audio[deva_srf_session.c:1237]: DEVA: session_csd_stop: LEAVE (rc=0x0)
Jan 01 00:01:48.632    2 13103     0 io-audio[deva_srf_session.c:402]: DEVA: session_deva_timer_stop: LEAVE (rc=0x0)
Jan 01 00:01:48.632    2 13103     0 io-audio[deva_srf_platform.c:1944]: DEVA: deva_trigger: LEAVE (rc=0x0)
Jan 01 00:01:48.632    2 13103     0 io-audio[deva_srf_platform.c:1841]: DEVA: deva_release: ENTER (pc=1f0e28)
Jan 01 00:01:48.632    2 13103     0 io-audio[deva_srf_platform.c:1850]: DEVA: deva_release: device_id = 30 <deva_timer_cap_sse_bundle_1>, stream_type=2
Jan 01 00:01:48.632    2 13103     0 io-audio[deva_srf_platform.c:2204]: DEVA: deva_get_session_handles_from_platform_id: ENTER
Jan 01 00:01:48.632    2 13103     0 io-audio[deva_srf_platform.c:2275]: DEVA: deva_get_session_handles_from_platform_id: LEAVE
Jan 01 00:01:48.632    2 13103     0 io-audio[deva_srf_session.c:156]: DEVA: session_deva_timer_teardown: ENTER
Jan 01 00:01:48.633    2 13103     0 io-audio[deva_srf_session.c:686]: DEVA: session_deva_timer_thread: received DEVA_MIB_EXIT_PULSE_CODE, thread 18 exiting!
Jan 01 00:01:48.633    2 13103     0 io-audio[deva_srf_session.c:230]: DEVA: session_deva_timer_teardown: LEAVE (rc=0x0)
Jan 01 00:01:48.633    2 13103     0 io-audio[deva_srf_platform.c:1894]: DEVA: deva_release: LEAVE (rc=0x0)
Jan 01 00:01:48.633    2 13103     0 io-audio[deva_srf_platform.c:1918]: DEVA: deva_trigger: ENTER
Jan 01 00:01:48.633    2 13103     0 io-audio[deva_srf_platform.c:1927]: DEVA: deva_trigger: device_id = 23 <deva_timer_play_sse>, stream_type=4
Jan 01 00:01:48.633    2 13103     0 io-audio[deva_srf_platform.c:1938]: DEVA: deva_trigger: ADO_PCM_TRIGGER_STOP
Jan 01 00:01:48.633    2 13103     0 io-audio[deva_srf_session.c:333]: DEVA: session_deva_timer_stop: ENTER
Jan 01 00:01:48.633    2 13103     0 io-audio[deva_srf_session.c:2426]: DEVA: session_loopback_deva_stop: ENTER (channel=<PLAYBACK>)
Jan 01 00:01:48.633    2 13103     0 io-audio[deva_srf_session.c:2461]: DEVA: session_loopback_deva_stop: LEAVE (rc=0x0)
Jan 01 00:01:48.633    2 13103     0 io-audio[deva_srf_session.c:402]: DEVA: session_deva_timer_stop: LEAVE (rc=0x0)
Jan 01 00:01:48.633    2 13103     0 io-audio[deva_srf_platform.c:1944]: DEVA: deva_trigger: LEAVE (rc=0x0)
Jan 01 00:01:48.633    2 13103     0 io-audio[deva_srf_platform.c:1841]: DEVA: deva_release: ENTER (pc=1f0488)
Jan 01 00:01:48.633    2 13103     0 io-audio[deva_srf_platform.c:1850]: DEVA: deva_release: device_id = 23 <deva_timer_play_sse>, stream_type=4
Jan 01 00:01:48.633    2 13103     0 io-audio[deva_srf_platform.c:2204]: DEVA: deva_get_session_handles_from_platform_id: ENTER
Jan 01 00:01:48.633    2 13103     0 io-audio[deva_srf_platform.c:2275]: DEVA: deva_get_session_handles_from_platform_id: LEAVE
Jan 01 00:01:48.633    2 13103     0 io-audio[deva_srf_session.c:156]: DEVA: session_deva_timer_teardown: ENTER
Jan 01 00:01:48.633    2 13103     0 io-audio[deva_srf_session.c:686]: DEVA: session_deva_timer_thread: received DEVA_MIB_EXIT_PULSE_CODE, thread 19 exiting!
Jan 01 00:01:48.634    2 13103     0 io-audio[deva_srf_session.c:230]: DEVA: session_deva_timer_teardown: LEAVE (rc=0x0)
Jan 01 00:01:48.634    2 13103     0 io-audio[deva_srf_platform.c:1894]: DEVA: deva_release: LEAVE (rc=0x0)
Jan 01 00:01:48.644    2 13103     0 io-audio[deva_mixer.c:481]: DEVA: deva_mixer_switch_routing_get: ENTER
Jan 01 00:01:48.648    2 13103     0 io-audio[deva_srf_mixer_router.c:1104]: DEVA: deva_mixer_router_get_switch_routing: ENTER
Jan 01 00:01:48.656    2 13103     0 io-audio[deva_srf_mixer_router.c:1121]: DEVA: deva_mixer_router_get_switch_routing: Routing Type: 4
Jan 01 00:01:48.658    2 13103     0 io-audio[deva_srf_mixer_router.c:1144]: DEVA: deva_mixer_router_get_switch_routing: Active Routing:    Input[1]	Output[1]
Jan 01 00:01:48.662    2 13103     0 io-audio[deva_srf_mixer_router.c:1147]: DEVA: deva_mixer_router_get_switch_routing:                    24		4
Jan 01 00:01:48.665    2 13103     0 io-audio[deva_srf_mixer_router.c:1149]: DEVA: deva_mixer_router_get_switch_routing: Available Routing: Input[2]
Jan 01 00:01:48.671    2 13103     0 io-audio[deva_srf_mixer_router.c:1152]: DEVA: deva_mixer_router_get_switch_routing:                    0
Jan 01 00:01:48.673    2 13103     0 io-audio[deva_srf_mixer_router.c:1152]: DEVA: deva_mixer_router_get_switch_routing:                    24
Jan 01 00:01:48.674    2 13103     0 io-audio[deva_srf_mixer_router.c:1154]: DEVA: deva_mixer_router_get_switch_routing: Available Routing: Output[6]
Jan 01 00:01:48.674    2 13103     0 io-audio[deva_srf_mixer_router.c:1157]: DEVA: deva_mixer_router_get_switch_routing:                    0
Jan 01 00:01:48.676    2 13103     0 io-audio[deva_srf_mixer_router.c:1157]: DEVA: deva_mixer_router_get_switch_routing:                    3
Jan 01 00:01:48.681    2 13103     0 io-audio[deva_srf_mixer_router.c:1157]: DEVA: deva_mixer_router_get_switch_routing:                    4
Jan 01 00:01:48.682    2 13103     0 io-audio[deva_srf_mixer_router.c:1157]: DEVA: deva_mixer_router_get_switch_routing:                    5
Jan 01 00:01:48.685    2 13103     0 io-audio[deva_srf_mixer_router.c:1157]: DEVA: deva_mixer_router_get_switch_routing:                    6
Jan 01 00:01:48.687    2 13103     0 io-audio[deva_srf_mixer_router.c:1157]: DEVA: deva_mixer_router_get_switch_routing:                    7
Jan 01 00:01:48.691    2 13103     0 io-audio[deva_srf_mixer_router.c:1161]: DEVA: deva_mixer_router_get_switch_routing: LEAVE
Jan 01 00:01:48.693    4 10208     0 1970-01-01 12:01:48.691592 AM [AirPlay] [AirPlayReceiverSessionPlatformControl] command: duckAudio
Jan 01 00:01:48.693    2 13103     0 io-audio[deva_mixer.c:497]: DEVA: deva_mixer_switch_routing_get: LEAVE
Jan 01 00:01:48.703    2 13103     0 io-audio[deva_mixer.c:423]: DEVA: deva_mixer_switch_routing_set: ENTER
Jan 01 00:01:48.705    4 10208     0 1970-01-01 12:01:48.703678 AM [CDIOManager] <AIRPLAY_SERVER> Property: playbackAllowed
Jan 01 00:01:48.705    2 13103     0 io-audio[deva_srf_mixer_router.c:852]: DEVA: deva_mixer_router_set_switch_routing: ENTER
Jan 01 00:01:48.710    2 13103     0 io-audio[deva_srf_mixer_router.c:869]: DEVA: deva_mixer_router_set_switch_routing: Routing Type: 4
Jan 01 00:01:48.714    3 10208     0 1970-01-01 12:01:48.710728 AM [AirPlay] [_AirTunesServer_PlaybackAllowed] gAirTunesPlaybackAllowed: 1 | playbackAllowed: 1
Jan 01 00:01:48.715    2 13103     0 io-audio[deva_srf_session.c:2529]: DEVA: session_loopback_deva_detach_device: ENTER
Jan 01 00:01:48.719    2 13103     0 io-audio[deva_srf_session.c:485]: DEVA: session_deva_timer_detach_stream: ENTER
Jan 01 00:01:48.724    2 13103     0 io-audio[deva_srf_session.c:2426]: DEVA: session_loopback_deva_stop: ENTER (channel=<PLAYBACK>)
Jan 01 00:01:48.727    2 13103     0 io-audio[deva_srf_session.c:2436]: DEVA: session_loopback_deva_stop: input session state is <1> instead of ACQUIRED (1), skipping
Jan 01 00:01:48.727    4 10208     0 1970-01-01 12:01:48.726843 AM [AirPlay] <AirPlay><RTP_AUDIO> Buffering 50 [ms], sample rate: 16000, bpf: 2
Jan 01 00:01:48.732    2 13103     0 io-audio[deva_srf_session.c:2461]: DEVA: session_loopback_deva_stop: LEAVE (rc=0x0)
Jan 01 00:01:48.738    2 13103     0 io-audio[deva_srf_session.c:543]: DEVA: session_deva_timer_detach_stream: LEAVE (rc=0x0)
Jan 01 00:01:48.742    2 13103     0 io-audio[deva_srf_session.c:485]: DEVA: session_deva_timer_detach_stream: ENTER
Jan 01 00:01:48.859    2 13103     0 io-audio[deva_srf_session.c:2426]: DEVA: session_loopback_deva_stop: ENTER (channel=<CAPTURE>)
Jan 01 00:01:48.865    2 13103     0 io-audio[deva_srf_session.c:2441]: DEVA: session_loopback_deva_stop: output session state is <1> instead of ACQUIRED (1), skipping
Jan 01 00:01:48.869    2 13103     0 io-audio[deva_srf_session.c:2461]: DEVA: session_loopback_deva_stop: LEAVE (rc=0x0)
Jan 01 00:01:48.870    5 16013   1459 vpeCore[wait.c:43]: [Resource_BlockWait] /dev/mmpm already available !
Jan 01 00:01:48.874    2 13103     0 io-audio[deva_srf_session.c:543]: DEVA: session_deva_timer_detach_stream: LEAVE (rc=0x0)
Jan 01 00:01:48.881    2 13103     0 io-audio[deva_srf_session.c:2569]: DEVA: session_loopback_deva_detach_device: LEAVE (rc=0x0)
Jan 01 00:01:48.884    2 13103     0 io-audio[deva_srf_session.c:2309]: DEVA: session_loopback_deva_teardown: ENTER
Jan 01 00:01:48.887    2 13103     0 io-audio[deva_srf_session.c:2336]: DEVA: session_loopback_deva_teardown: LEAVE (rc=0x0)
Jan 01 00:01:48.887    4 10208     0 1970-01-01 12:01:48.882957 AM [AirPlay] <AirPlay> audioThreadPriority: 18(env="AUDIO_RECEIVER_THREAD_PRIO")
Jan 01 00:01:48.890    2 13103     0 io-audio[deva_srf_mixer_router.c:1023]: DEVA: deva_mixer_router_set_switch_routing: Current Routing [0]: Input=24 Output=4 DISCONNECTED
Jan 01 00:01:48.891    2 13103     0 io-audio[deva_srf_session.c:2266]: DEVA: session_loopback_deva_setup: ENTER
Jan 01 00:01:48.891    4 10208     0 1970-01-01 12:01:48.891015 AM [AirPlay] [AirPlayReceiverSessionPlatformControl] command: setUpStreams
Jan 01 00:01:48.892    2 13103     0 io-audio[deva_srf_session.c:2301]: DEVA: session_loopback_deva_setup: LEAVE (rc=0x0)
Jan 01 00:01:48.892    4 10208     0 1970-01-01 12:01:48.892022 AM [AirPlay] [_UpdateStreams]<AUDIO> Alt audio setting up PCM/16000/16/1
Jan 01 00:01:48.893    2 13103     0 io-audio[deva_srf_session.c:2469]: DEVA: session_loopback_deva_attach_device: ENTER
Jan 01 00:01:48.893    4 10208     0 1970-01-01 12:01:48.893029 AM [AudioStream] <AirPlay> Audio Format: (16000[kHz] | 16[bits] | channels: 1)
Jan 01 00:01:48.894    2 13103     0 io-audio[deva_srf_session.c:410]: DEVA: session_deva_timer_attach_stream: ENTER
Jan 01 00:01:48.894    4 10208     0 1970-01-01 12:01:48.894036 AM [AudioStream] [AudioStreamPrepare] [0x00315B28] Input = "FALSE" | Stream type: 101 ( 0 - invalid, 100 - main, 101 - alternate) | Format = 1819304813 | Ch = 1 | SR = 16000 | BPS = 16
Jan 01 00:01:48.895    2 13103     0 io-audio[deva_srf_session.c:427]: DEVA: session_deva_timer_attach_stream: deva_timer_session = <deva_timer_play_sse>
Jan 01 00:01:48.896    5 10208     0 1970-01-01 12:01:48.895044 AM [CQNXSoundIF] [open]<ASOUND> Open the path: "ann3_dio_ann"(direction: 1)
Jan 01 00:01:48.897    2 13103     0 io-audio[deva_srf_session.c:477]: DEVA: session_deva_timer_attach_stream: LEAVE (rc=0x0)
Jan 01 00:01:48.899    2 13103     0 io-audio[deva_srf_session.c:410]: DEVA: session_deva_timer_attach_stream: ENTER
Jan 01 00:01:48.901    2 13103     0 io-audio[deva_srf_session.c:427]: DEVA: session_deva_timer_attach_stream: deva_timer_session = <deva_timer_cap_mic1>
Jan 01 00:01:48.903    2 13103     0 io-audio[deva_srf_session.c:477]: DEVA: session_deva_timer_attach_stream: LEAVE (rc=0x0)
Jan 01 00:01:48.906    2 13103     0 io-audio[deva_srf_session.c:2521]: DEVA: session_loopback_deva_attach_device: LEAVE (rc=0x0)
Jan 01 00:01:48.908    2 13103     0 io-audio[deva_srf_mixer_router.c:1061]: DEVA: deva_mixer_router_set_switch_routing: New Routing [0]: Input=24 Output=3 CONNECTED
Jan 01 00:01:48.910    2 13103     0 io-audio[deva_srf_mixer_router.c:1094]: DEVA: deva_mixer_router_set_switch_routing: LEAVE
Jan 01 00:01:48.912    2 13103     0 io-audio[deva_mixer.c:472]: DEVA: deva_mixer_switch_routing_set: LEAVE
Jan 01 00:01:48.912    4 10208     0 1970-01-01 12:01:48.912166 AM [CQNXSoundIF] <ASOUND> nSampleRate: 16000, nBitsPerSample: 16, nChannels: 1
Jan 01 00:01:48.915    2 13103     0 io-audio[deva_srf_platform.c:1661]: DEVA: deva_capabilities: ENTER
Jan 01 00:01:48.915    2 13103     0 io-audio[deva_srf_platform.c:1679]: DEVA: deva_capabilities: info => formats=16, rates=8, min_rate=16000, max_rate=16000, min_voices=1, max_voices=1, min_fragsize=512, max_fragsize=512
Jan 01 00:01:48.916    2 13103     0 io-audio[deva_srf_platform.c:2204]: DEVA: deva_get_session_handles_from_platform_id: ENTER
Jan 01 00:01:48.918    2 13103     0 io-audio[deva_srf_platform.c:2275]: DEVA: deva_get_session_handles_from_platform_id: LEAVE
Jan 01 00:01:48.920    2 13103     0 io-audio[deva_srf_platform.c:1698]: DEVA: deva_capabilities: ado_pcm_t found at device_id = 9 <ann3_dio_ann>
Jan 01 00:01:48.922    5 16303     1 vpeCore[smmu_lib.c:388]: Waiting for events from the Server
Jan 01 00:01:48.922    2 13103     0 io-audio[deva_srf_platform.c:1736]: DEVA: deva_capabilities: LEAVE (chn_avail=1)
Jan 01 00:01:48.923    2 13103     0 io-audio[deva_srf_platform.c:1661]: DEVA: deva_capabilities: ENTER
Jan 01 00:01:48.925    2 13103     0 io-audio[deva_srf_platform.c:1679]: DEVA: deva_capabilities: info => formats=16, rates=8, min_rate=16000, max_rate=16000, min_voices=1, max_voices=1, min_fragsize=512, max_fragsize=512
Jan 01 00:01:48.925    2 13103     0 io-audio[deva_srf_platform.c:2204]: DEVA: deva_get_session_handles_from_platform_id: ENTER
Jan 01 00:01:48.927    2 13103     0 io-audio[deva_srf_platform.c:2275]: DEVA: deva_get_session_handles_from_platform_id: LEAVE
Jan 01 00:01:48.928    2 13103     0 io-audio[deva_srf_platform.c:1698]: DEVA: deva_capabilities: ado_pcm_t found at device_id = 9 <ann3_dio_ann>
Jan 01 00:01:48.929    2 13103     0 io-audio[deva_srf_platform.c:1736]: DEVA: deva_capabilities: LEAVE (chn_avail=1)
Jan 01 00:01:48.931    2 13103     0 io-audio[deva_srf_platform.c:1756]: DEVA: deva_aquire: ENTER
Jan 01 00:01:48.935    2 13103     0 io-audio[deva_srf_platform.c:2204]: DEVA: deva_get_session_handles_from_platform_id: ENTER
Jan 01 00:01:48.942    2 13103     0 io-audio[deva_srf_platform.c:2275]: DEVA: deva_get_session_handles_from_platform_id: LEAVE
Jan 01 00:01:48.948    2 13103     0 io-audio[deva_srf_platform.c:1778]: DEVA: deva_aquire: ado_pcm_t found at device_id = 9 <ann3_dio_ann>, stream_type=2
Jan 01 00:01:48.951    2 13103     0 io-audio[deva_srf_platform.c:1816]: DEVA: deva_aquire: dma buffer of size 5120 (0x1400) has been allocated successfully
Jan 01 00:01:48.952    2 13103     0 io-audio[deva_srf_session.c:42]: DEVA: session_deva_timer_setup: ENTER
Jan 01 00:01:48.953    2 13103     0 io-audio[deva_mixer.c:481]: DEVA: deva_mixer_switch_routing_get: ENTER
Jan 01 00:01:48.953    2 13103     0 io-audio[deva_srf_mixer_router.c:1104]: DEVA: deva_mixer_router_get_switch_routing: ENTER
Jan 01 00:01:48.955    2 13103     0 io-audio[deva_srf_session.c:564]: DEVA: *** session_deva_timer_thread: Waiting on Channel ID 14 ***
Jan 01 00:01:48.957    2 13103     0 io-audio[deva_srf_mixer_router.c:1121]: DEVA: deva_mixer_router_get_switch_routing: Routing Type: 4
Jan 01 00:01:48.959    2 13103     0 io-audio[deva_srf_mixer_router.c:1144]: DEVA: deva_mixer_router_get_switch_routing: Active Routing:    Input[1]	Output[1]
Jan 01 00:01:48.961    2 13103     0 io-audio[deva_srf_mixer_router.c:1147]: DEVA: deva_mixer_router_get_switch_routing:                    24		3
Jan 01 00:01:48.962    2 13103     0 io-audio[deva_srf_mixer_router.c:1149]: DEVA: deva_mixer_router_get_switch_routing: Available Routing: Input[2]
Jan 01 00:01:48.963    2 13103     0 io-audio[deva_srf_mixer_router.c:1152]: DEVA: deva_mixer_router_get_switch_routing:                    0
Jan 01 00:01:48.967    2 13103     0 io-audio[deva_srf_mixer_router.c:1152]: DEVA: deva_mixer_router_get_switch_routing:                    24
Jan 01 00:01:48.968    2 13103     0 io-audio[deva_srf_mixer_router.c:1154]: DEVA: deva_mixer_router_get_switch_routing: Available Routing: Output[6]
Jan 01 00:01:48.970    2 13103     0 io-audio[deva_srf_mixer_router.c:1157]: DEVA: deva_mixer_router_get_switch_routing:                    0
Jan 01 00:01:48.973    2 13103     0 io-audio[deva_srf_mixer_router.c:1157]: DEVA: deva_mixer_router_get_switch_routing:                    3
Jan 01 00:01:48.977    2 13103     0 io-audio[deva_srf_mixer_router.c:1157]: DEVA: deva_mixer_router_get_switch_routing:                    4
Jan 01 00:01:48.978    2 13103     0 io-audio[deva_srf_mixer_router.c:1157]: DEVA: deva_mixer_router_get_switch_routing:                    5
Jan 01 00:01:48.979    5 10113     1 HB: T=44C, CPU=99%, Free mem=676MB
Jan 01 00:01:48.982    2 13103     0 io-audio[deva_srf_mixer_router.c:1157]: DEVA: deva_mixer_router_get_switch_routing:                    6
Jan 01 00:01:48.982    5 10113     1 HB: proc/boot/procnto-smp-instr (1) 32.73%: unnamed thread (6) 0.03% [11], unnamed thread (10) 0.03% [10], unnamed thread (5) 0.01% [10], n/a

Jan 01 00:01:48.987    2 13103     0 io-audio[deva_srf_mixer_router.c:1157]: DEVA: deva_mixer_router_get_switch_routing:                    7
Jan 01 00:01:48.992    5 10113     1 HB: ifs/jre/bin/j9 (970804) 6.09%: n/a, n/a, n/a, n/a

Jan 01 00:01:48.996    2 13103     0 io-audio[deva_srf_mixer_router.c:1161]: DEVA: deva_mixer_router_get_switch_routing: LEAVE
Jan 01 00:01:48.996    5 20002     0 devp-iso-mmx[isoTX2]: io_close: id=3, handle=-1, rcvID=-1
Jan 01 00:01:49.002    2 13103     0 io-audio[deva_mixer.c:497]: DEVA: deva_mixer_switch_routing_get: LEAVE
Jan 01 00:01:49.006    5 10113     1 HB: ./navigation (2429051) 6.78%: SCREEN01 (130) 6.16% [11], NVSI (137) 0.09% [12], asi.navigation.carsensordata2.CarSensorData2Consumer (150) 0.08% [15], LSD01 (43) 0.04% [10]

Jan 01 00:01:49.008    2 13103     0 io-audio[deva_srf_session.c:121]: DEVA: session_deva_timer_setup: timer 2 thread 18 chid 14 coid 1073741839
Jan 01 00:01:49.009    2 13103     0 io-audio[deva_srf_session.c:147]: DEVA: session_deva_timer_setup: LEAVE (rc=0x0)
Jan 01 00:01:49.010    2 13103     0 io-audio[deva_srf_platform.c:1826]: DEVA: deva_aquire: LEAVE (rc=0x0)
Jan 01 00:01:49.023    4 10208     0 1970-01-01 12:01:49.022956 AM [CQNXSoundIF] [prepare]<ASOUND> Format Signed 16-bit Little Endian, frag_size 512, rate 16000, voices 1, queue_size 512, frags_max 1
Jan 01 00:01:49.026    4 10208     0 1970-01-01 12:01:49.025978 AM [CQNXSoundIF] [getBytesPerFrame]<ASOUND> Bytes per frame: 2
Jan 01 00:01:49.027    4 10208     0 1970-01-01 12:01:49.026985 AM [CQNXSoundIF] [getN0Frames]<ASOUND> No. Frames: 256
Jan 01 00:01:49.031    4 10208     0 1970-01-01 12:01:49.030007 AM [CQNXSoundIF] [getBytesPerFrame]<ASOUND> Bytes per frame: 2
Jan 01 00:01:49.032    4 10208     0 1970-01-01 12:01:49.031014 AM [CQNXSoundIF] [prepare]<ASOUND> Allocated buffer (0x0073D030) length: 512 [B]
Jan 01 00:01:49.034    5 10208     0 1970-01-01 12:01:49.033028 AM [AudioStream] [AudioStreamStart] [0x00315B28] Prepared: 1
Jan 01 00:01:49.042    4 10208     0 1970-01-01 12:01:49.039071 AM [CQNXSoundIF] [getBytesPerFrame]<ASOUND> Bytes per frame: 2
Jan 01 00:01:49.043    4 10208     0 1970-01-01 12:01:49.042093 AM [CQNXSoundIF] [getN0Frames]<ASOUND> No. Frames: 256
Jan 01 00:01:49.046    4 10208     0 1970-01-01 12:01:49.045114 AM [CQNXSoundIF] [getBytesPerFrame]<ASOUND> Bytes per frame: 2
Jan 01 00:01:49.049    4 10208     0 1970-01-01 12:01:49.047129 AM [CQNXSoundIF] [getN0Frames]<ASOUND> No. Frames: 256
Jan 01 00:01:49.049    4 10208     0 1970-01-01 12:01:49.049143 AM [CQNXSoundIF] [getBytesPerFrame]<ASOUND> Bytes per frame: 2
Jan 01 00:01:49.049    4 10208     0 1970-01-01 12:01:49.049143 AM [CQNXSoundIF] [getN0Frames]<ASOUND> No. Frames: 256
Jan 01 00:01:49.049    4 10208     0 1970-01-01 12:01:49.049143 AM [AudioStream] <Tx_THREAD> nFrames: 256 | bytesPerFrame: 2 | nSamplesInBytes: 512(txLength: 512/512)
Jan 01 00:01:49.050    4 10208     0 1970-01-01 12:01:49.050150 AM [AudioStream] [sendMutePackets] Frames: 256 (bytes: 512)
Jan 01 00:01:49.050    4 10208     0 1970-01-01 12:01:49.050150 AM [AudioStream] [sendMutePackets] Frames: 256 (bytes: 512)
Jan 01 00:01:49.050    2 13103     0 io-audio[deva_srf_platform.c:1904]: DEVA: deva_prepare: ENTER
Jan 01 00:01:49.050    2 13103     0 io-audio[deva_srf_platform.c:1905]: DEVA: deva_prepare: LEAVE
Jan 01 00:01:49.051    2 13103     0 io-audio[deva_srf_platform.c:1918]: DEVA: deva_trigger: ENTER
Jan 01 00:01:49.051    2 13103     0 io-audio[deva_srf_platform.c:1927]: DEVA: deva_trigger: device_id = 9 <deva_timer_play_ann3_dio_ann>, stream_type=2
Jan 01 00:01:49.051    2 13103     0 io-audio[deva_srf_platform.c:1931]: DEVA: deva_trigger: ADO_PCM_TRIGGER_GO
Jan 01 00:01:49.051    2 13103     0 io-audio[deva_srf_session.c:239]: DEVA: session_deva_timer_start: ENTER
Jan 01 00:01:49.051    2 13103     0 io-audio[deva_srf_session.c:1137]: DEVA: session_csd_start: ENTER
Jan 01 00:01:49.051    2 13103     0 io-audio[deva_srf_session.c:1681]: DEVA: session_csd_start_playback: ENTER
Jan 01 00:01:49.051    2 16301     0 audio_service[DALSysEvent.c:276]:  DALSYSCMN_EVENT_ATTR_EVENT_MASK is not set in pEventObj->dwObjInfo _DALSYS_EventCtrl,276
Jan 01 00:01:49.051    2 13103     0 io-audio[deva_csd_priv.c:553]: DEVA: setStartSession: SUCCESS session handle 771082
Jan 01 00:01:49.051    2 13103     0 io-audio[deva_srf_session.c:1763]: DEVA: session_csd_start_playback_buffer: ENTER
Jan 01 00:01:49.051    2 13103     0 io-audio[deva_srf_session.c:1857]: DEVA: session_csd_start_playback_buffer: LEAVE
Jan 01 00:01:49.051    2 13103     0 io-audio[deva_srf_session.c:1726]: DEVA: session_csd_start_playback: LEAVE (rc=0x0)
Jan 01 00:01:49.051    2 13103     0 io-audio[deva_srf_session.c:1156]: DEVA: session_csd_start: session_csd_start_playback() SUCCEEDED
Jan 01 00:01:49.051    2 13103     0 io-audio[deva_srf_session.c:1183]: DEVA: session_csd_start: LEAVE (rc=0x0)
Jan 01 00:01:49.052    2 13103     0 io-audio[deva_srf_session.c:325]: DEVA: session_deva_timer_start: LEAVE (rc=0x0)
Jan 01 00:01:49.052    2 13103     0 io-audio[deva_srf_platform.c:1944]: DEVA: deva_trigger: LEAVE (rc=0x0)
Jan 01 00:01:49.052    4 10208     0 1970-01-01 12:01:49.052165 AM [AudioStream] [sendMutePackets] Frames: 256 (bytes: 512)
Jan 01 00:01:49.054    4 10208     0 1970-01-01 12:01:49.053172 AM [ScreenStream] [_ScreenStreamSetProperty]<SCREEN> inProperty: widthPixels
Jan 01 00:01:49.058    4 10208     0 1970-01-01 12:01:49.056193 AM [ScreenStream] [_ScreenStreamSetProperty]<SCREEN> inProperty: heightPixels
Jan 01 00:01:49.060    4 10208     0 1970-01-01 12:01:49.059215 AM [ScreenStream] [_ScreenStreamSetProperty]<SCREEN> inProperty: avcc
Jan 01 00:01:49.065    4 10208     0 1970-01-01 12:01:49.061229 AM [ScreenStream] [_ScreenStreamSetProperty]<SCREEN> Annex B Header (ptr: 0x00705E88, length: 33)
Jan 01 00:01:49.068    4 10208     0 1970-01-01 12:01:49.068280 AM [AudioStream] [sendMutePackets] Frames: 256 (bytes: 512)
Jan 01 00:01:49.075    4 10208     0 1970-01-01 12:01:49.074323 AM [ScreenStream] [_ScreenStreamSetProperty]<SCREEN> inProperty: widthPixels
Jan 01 00:01:49.076    4 10208     0 1970-01-01 12:01:49.076337 AM [ScreenStream] [_ScreenStreamSetProperty]<SCREEN> inProperty: heightPixels
Jan 01 00:01:49.077    4 10208     0 1970-01-01 12:01:49.077344 AM [ScreenStream] [_ScreenStreamSetProperty]<SCREEN> inProperty: avcc
Jan 01 00:01:49.079    4 10208     0 1970-01-01 12:01:49.079359 AM [ScreenStream] [_ScreenStreamSetProperty]<SCREEN> Annex B Header (ptr: 0x00705D38, length: 33)
Jan 01 00:01:49.083    5 20002     0 devp-iso-mmx[isoTX2]: io_open: id=3, flags=0x00008002
Jan 01 00:01:49.084    4 10208     0 1970-01-01 12:01:49.084395 AM [AudioStream] [sendMutePackets] Frames: 256 (bytes: 512)
Jan 01 00:01:49.093    5 20002     0 devp-iso-mmx[isoTX2]: DEVCTL:Queue has been flushed. First Packet cleared
Jan 01 00:01:49.094    5 20002     0 devp-iso-mmx[isoTX2]: DEVCTL: START: Max queue size set to 12032 (64 blocks)
Jan 01 00:01:49.100    4 10208     0 1970-01-01 12:01:49.100510 AM [AudioStream] [sendMutePackets] Frames: 256 (bytes: 512)
Jan 01 00:01:49.116    4 10208     0 1970-01-01 12:01:49.116625 AM [AudioStream] [sendMutePackets] Frames: 256 (bytes: 512)
Jan 01 00:01:49.131    6 10208     0 1970-01-01 12:01:49.131733 AM [AirPlay] Alt: Starting audio in 50 ms
Jan 01 00:01:49.132    4 10208     0 1970-01-01 12:01:49.132740 AM [AudioStream] [sendMutePackets] Frames: 256 (bytes: 512)
Jan 01 00:01:49.148    4 10208     0 1970-01-01 12:01:49.148855 AM [AudioStream] [sendMutePackets] Frames: 256 (bytes: 512)
Jan 01 00:01:49.164    4 10208     0 1970-01-01 12:01:49.164970 AM [AudioStream] [sendMutePackets] Frames: 256 (bytes: 512)
Jan 01 00:01:49.170    5 16013   1459 vpeCore[wait.c:43]: [Resource_BlockWait] /dev/mmpm already available !
Jan 01 00:01:49.181    4 10208     0 1970-01-01 12:01:49.181085 AM [AudioStream] [sendMutePackets] Frames: 256 (bytes: 512)
Jan 01 00:01:49.188    5 16303     1 vpeCore[smmu_lib.c:388]: Waiting for events from the Server
Jan 01 00:01:49.196    6 10208     0 1970-01-01 12:01:49.196192 AM [AirPlay] Alt: Buffering complete, 68 ms (1080), 14459968 ticks late
Jan 01 00:01:49.214    5 20002     0 devp-iso-mmx[isoTX2]: io_close: id=3, handle=-1, rcvID=-1
Jan 01 00:01:49.261    5 20002     0 devp-iso-mmx[isoTX2]: io_open: id=3, flags=0x00008002
Jan 01 00:01:49.263    5 20002     0 devp-iso-mmx[isoTX2]: DEVCTL:Queue has been flushed. First Packet cleared
Jan 01 00:01:49.265    5 20002     0 devp-iso-mmx[isoTX2]: DEVCTL: START: Max queue size set to 12032 (64 blocks)
Jan 01 00:01:49.318    5 16013   1459 vpeCore[wait.c:43]: [Resource_BlockWait] /dev/mmpm already available !
Jan 01 00:01:49.325    5 16303     1 vpeCore[smmu_lib.c:388]: Waiting for events from the Server
Jan 01 00:01:49.338    5 20002     0 devp-iso-mmx[isoTX2]: io_close: id=3, handle=-1, rcvID=-1
Jan 01 00:01:49.395    5 20002     0 devp-iso-mmx[isoTX2]: io_open: id=3, flags=0x00008002
Jan 01 00:01:49.397    5 20002     0 devp-iso-mmx[isoTX2]: DEVCTL:Queue has been flushed. First Packet cleared
Jan 01 00:01:49.397    5 20002     0 devp-iso-mmx[isoTX2]: DEVCTL: START: Max queue size set to 12032 (64 blocks)
Jan 01 00:01:49.424    5 16013   1459 vpeCore[wait.c:43]: [Resource_BlockWait] /dev/mmpm already available !
Jan 01 00:01:49.428    5 16303     1 vpeCore[smmu_lib.c:388]: Waiting for events from the Server
Jan 01 00:01:49.430    5 10000     0 00:01:49.430 MMX BENCH_Startup DisplayManager: new window available 3
Jan 01 00:01:49.450    5 20002     0 devp-iso-mmx[isoTX2]: io_close: id=3, handle=-1, rcvID=-1
Jan 01 00:01:49.482    5 20002     0 devp-iso-mmx[isoTX2]: io_open: id=3, flags=0x00008002
Jan 01 00:01:49.483    5 20002     0 devp-iso-mmx[isoTX2]: DEVCTL:Queue has been flushed. First Packet cleared
Jan 01 00:01:49.483    5 20002     0 devp-iso-mmx[isoTX2]: DEVCTL: START: Max queue size set to 12032 (64 blocks)
Jan 01 00:01:49.522    5 16013   1459 vpeCore[wait.c:43]: [Resource_BlockWait] /dev/mmpm already available !
Jan 01 00:01:49.527    5 16303     1 vpeCore[smmu_lib.c:388]: Waiting for events from the Server
Jan 01 00:01:49.532    5 20002     0 devp-iso-mmx[isoTX2]: io_close: id=3, handle=-1, rcvID=-1
Jan 01 00:01:49.581    2 13103     0 io-audio[deva_mixer.c:481]: DEVA: deva_mixer_switch_routing_get: ENTER
Jan 01 00:01:49.586    2 13103     0 io-audio[deva_srf_mixer_router.c:1104]: DEVA: deva_mixer_router_get_switch_routing: ENTER
Jan 01 00:01:49.591    2 13103     0 io-audio[deva_srf_mixer_router.c:1121]: DEVA: deva_mixer_router_get_switch_routing: Routing Type: 2
Jan 01 00:01:49.591    2 13103     0 io-audio[deva_srf_mixer_router.c:1144]: DEVA: deva_mixer_router_get_switch_routing: Active Routing:    Input[1]	Output[1]
Jan 01 00:01:49.593    2 13103     0 io-audio[deva_srf_mixer_router.c:1147]: DEVA: deva_mixer_router_get_switch_routing:                    11		131
Jan 01 00:01:49.593    2 13103     0 io-audio[deva_srf_mixer_router.c:1149]: DEVA: deva_mixer_router_get_switch_routing: Available Routing: Input[6]
Jan 01 00:01:49.594    2 13103     0 io-audio[deva_srf_mixer_router.c:1152]: DEVA: deva_mixer_router_get_switch_routing:                    0
Jan 01 00:01:49.594    2 13103     0 io-audio[deva_srf_mixer_router.c:1152]: DEVA: deva_mixer_router_get_switch_routing:                    9
Jan 01 00:01:49.595    2 13103     0 io-audio[deva_srf_mixer_router.c:1152]: DEVA: deva_mixer_router_get_switch_routing:                    11
Jan 01 00:01:49.595    2 13103     0 io-audio[deva_srf_mixer_router.c:1152]: DEVA: deva_mixer_router_get_switch_routing:                    14
Jan 01 00:01:49.596    2 13103     0 io-audio[deva_srf_mixer_router.c:1152]: DEVA: deva_mixer_router_get_switch_routing:                    15
Jan 01 00:01:49.597    2 13103     0 io-audio[deva_srf_mixer_router.c:1152]: DEVA: deva_mixer_router_get_switch_routing:                    17
Jan 01 00:01:49.597    5 20002     0 devp-iso-mmx[isoTX2]: io_open: id=3, flags=0x00008002
Jan 01 00:01:49.597    2 13103     0 io-audio[deva_srf_mixer_router.c:1154]: DEVA: deva_mixer_router_get_switch_routing: Available Routing: Output[2]
Jan 01 00:01:49.597    2 13103     0 io-audio[deva_srf_mixer_router.c:1157]: DEVA: deva_mixer_router_get_switch_routing:                    0
Jan 01 00:01:49.597    2 13103     0 io-audio[deva_srf_mixer_router.c:1157]: DEVA: deva_mixer_router_get_switch_routing:                    131
Jan 01 00:01:49.598    2 13103     0 io-audio[deva_srf_mixer_router.c:1161]: DEVA: deva_mixer_router_get_switch_routing: LEAVE
Jan 01 00:01:49.598    2 13103     0 io-audio[deva_mixer.c:497]: DEVA: deva_mixer_switch_routing_get: LEAVE
Jan 01 00:01:49.598    5 20002     0 devp-iso-mmx[isoTX2]: DEVCTL:Queue has been flushed. First Packet cleared
Jan 01 00:01:49.598    2 13103     0 io-audio[deva_mixer.c:423]: DEVA: deva_mixer_switch_routing_set: ENTER
Jan 01 00:01:49.598    5 20002     0 devp-iso-mmx[isoTX2]: DEVCTL: START: Max queue size set to 12032 (64 blocks)
Jan 01 00:01:49.598    2 13103     0 io-audio[deva_srf_mixer_router.c:852]: DEVA: deva_mixer_router_set_switch_routing: ENTER
Jan 01 00:01:49.599    2 13103     0 io-audio[deva_srf_mixer_router.c:869]: DEVA: deva_mixer_router_set_switch_routing: Routing Type: 2
Jan 01 00:01:49.599    2 13103     0 io-audio[deva_srf_session.c:1287]: DEVA: session_csd_detach_device: ENTER
Jan 01 00:01:49.599    2 13103     0 io-audio[deva_srf_session.c:485]: DEVA: session_deva_timer_detach_stream: ENTER
Jan 01 00:01:49.599    2 13103     0 io-audio[deva_srf_session.c:1191]: DEVA: session_csd_stop: ENTER
Jan 01 00:01:49.600    2 13103     0 io-audio[deva_srf_session.c:1201]: DEVA: session_csd_stop: session state is <1> instead of ACTIVE (2), skipping
Jan 01 00:01:49.600    2 13103     0 io-audio[deva_srf_session.c:1237]: DEVA: session_csd_stop: LEAVE (rc=0x0)
Jan 01 00:01:49.601    2 13103     0 io-audio[deva_srf_session.c:543]: DEVA: session_deva_timer_detach_stream: LEAVE (rc=0x0)
Jan 01 00:01:49.601    2 13103     0 io-audio[deva_srf_session.c:1310]: DEVA: session_csd_detach_device: LEAVE (rc=0x0)
Jan 01 00:01:49.602    2 13103     0 io-audio[deva_srf_session.c:1033]: DEVA: session_csd_teardown: ENTER
Jan 01 00:01:49.603    2 13103     0 io-audio[deva_srf_session.c:1628]: DEVA: session_csd_teardown_playback: ENTER
Jan 01 00:01:49.609    2 13103     0 io-audio[deva_csd_priv.c:612]: DEVA: disableContext: SUCCEEDED!
Jan 01 00:01:49.610    2 13103     0 io-audio[deva_csd_priv.c:636]: DEVA: streamDetach: SUCCEEDED!
Jan 01 00:01:49.611    2 13103     0 io-audio[deva_csd_priv.c:677]: DEVA: CSD CLOSE audio context: SUCCEEDED! 
Jan 01 00:01:49.611    2 13103     0 io-audio[deva_csd_priv.c:1397]: DEVA: freeCsdBufferPool: ENTER
Jan 01 00:01:49.621    2 13103     0 io-audio[deva_csd_priv.c:1433]: DEVA: freeCsdBufferPool: LEAVE (rc=0x0)
Jan 01 00:01:49.623    6 13102     0 io-audio[csd_proxy.c:526]: CSD_IPC_Client: mq_receive (CSD_CLIENT_CB_THREAD_EXIT) cb_thread Exiting!!!!
Jan 01 00:01:49.623    6 13102     0 io-audio[csd_proxy.c:270]: CSD_IPC_Client:mmiCbHandlerCleanup - Freeing memory 

Jan 01 00:01:49.627    2 13103     0 io-audio[deva_csd_priv.c:694]: DEVA: CSD CLOSE audio stream: SUCCEEDED! 
Jan 01 00:01:49.627    2 13103     0 io-audio[deva_srf_session.c:1647]: DEVA: session_csd_teardown_playback: Calling disableDevice()
Jan 01 00:01:49.631    2 13102     0 audio_service[csd_dev_tgt_q6_afe.c:1592]: CSD:DEV:AFE=>Disable <Performance>stop</Performance>.
Jan 01 00:01:49.634    2 13102     0 audio_service[csd_dev_tgt_clk.c:957]: CSD:DEV:CLK=>Disable <Performance>start</Performance>.
Jan 01 00:01:49.634    2 13102     0 audio_service[csd_dev_tgt_clk.c:1249]: CSD:DEV:CLK=>Disable <Performance>stop</Performance>.
Jan 01 00:01:49.634    5 16013   1459 vpeCore[wait.c:43]: [Resource_BlockWait] /dev/mmpm already available !
Jan 01 00:01:49.635    2 13103     0 io-audio[deva_csd_priv.c:660]: DEVA: disableDevice: SUCCEEDED!
Jan 01 00:01:49.636    2 13103     0 io-audio[deva_csd_priv.c:711]: DEVA: CSD CLOSE device: SUCCEEDED! 
Jan 01 00:01:49.636    2 13103     0 io-audio[deva_srf_session.c:1654]: DEVA: session_csd_teardown_playback: LEAVE (rc=0x0)
Jan 01 00:01:49.636    2 13103     0 io-audio[deva_srf_session.c:1057]: DEVA: session_csd_teardown: session_csd_teardown_playback() SUCCEEDED
Jan 01 00:01:49.637    2 13103     0 io-audio[deva_srf_session.c:1084]: DEVA: session_csd_teardown: LEAVE (rc=0x0)
Jan 01 00:01:49.638    2 13103     0 io-audio[deva_srf_mixer_router.c:1023]: DEVA: deva_mixer_router_set_switch_routing: Current Routing [0]: Input=11 Output=131 DISCONNECTED
Jan 01 00:01:49.638    2 13103     0 io-audio[deva_srf_session.c:851]: DEVA: session_csd_setup: ENTER
Jan 01 00:01:49.639    2 13103     0 io-audio[deva_srf_session.c:880]: DEVA: session_csd_setup: Setting up session while DEVICE_ID = <8> is being attached, update session info
Jan 01 00:01:49.639    2 13103     0 io-audio[deva_srf_platform.c:2284]: DEVA: deva_update_session_info_from_list: ENTER
Jan 01 00:01:49.639    2 13103     0 io-audio[deva_srf_platform.c:2204]: DEVA: deva_get_session_handles_from_platform_id: ENTER
Jan 01 00:01:49.640    2 13103     0 io-audio[deva_srf_platform.c:2275]: DEVA: deva_get_session_handles_from_platform_id: LEAVE
Jan 01 00:01:49.640    2 13103     0 io-audio[deva_srf_platform.c:2312]: DEVA: deva_update_session_info_from_list: LEAVE
Jan 01 00:01:49.641    2 13103     0 io-audio[deva_srf_session.c:900]: DEVA: session_csd_setup: pcm format => sample_rate=24000, channels=1, bit_per_sample=16, sign=1, interleave=1
Jan 01 00:01:49.641    2 13103     0 io-audio[deva_srf_session.c:1386]: DEVA: session_csd_setup_playback: ENTER
Jan 01 00:01:49.642    2 13103     0 io-audio[deva_csd_priv.c:48]: DEVA: openDevice : SUCCEEDED 87040
Jan 01 00:01:49.643    2 13102     0 audio_service[csd_dev_tgt_acdb.c:1128]: csd_acdb_set_dev_info_tdm_sad: TDM SAD Header Info: Version=0x1, StartOffset=0x0, HeaderWidth=0x2, NumFrameRepeat=0x8, HeaderType=0x1
Jan 01 00:01:49.643    2 13102     0 audio_service[csd_dev_tgt_acdb.c:1138]: csd_acdb_set_dev_info_tdm_sad: TDM SAD Header Payload: 0x3c01, 0xb210, 0x6000, 0xc0, 0x7, 0x0, 0x6, 0x0
Jan 01 00:01:49.645    5 16303     1 vpeCore[smmu_lib.c:388]: Waiting for events from the Server
Jan 01 00:01:49.647    2 13103     0 io-audio[deva_csd_priv.c:230]: DEVA: enableDevice: SUCCEEDED (dev_id=66) with rc=0x0
Jan 01 00:01:49.648    2 13103     0 io-audio[deva_csd_priv.c:155]: DEVA: openAudioStreamV2 : SUCCEEDED 1426452
Jan 01 00:01:49.650    2 13103     0 io-audio[deva_csd_priv.c:375]: DEVA: setStreamFormat2: SUCCEEDED 
Jan 01 00:01:49.650    6 13102     0 io-audio[csd_proxy.c:1999]: CSD_IPC_Client: Set CSD IPC callback thread priority to 25!
Jan 01 00:01:49.651    6 13102     0 io-audio[csd_proxy.c:402]: CSD_IPC_Client: mmiCbHandler:: => csd-ipc_msg_queue name=[/csdIpcAQ-995393-5], mq_des=[0x716d000b]

Jan 01 00:01:49.652    6 13102     0 io-audio[csd_proxy.c:504]: CSD_IPC_Client mmiCbHandler:: => mq_unlink Successful in audio session! 

Jan 01 00:01:49.652    6 13102     0 io-audio[csd_proxy.c:507]: ****CSD_IPC_Client: mmiCbHandler waiting for queue=[/csdIpcAQ-995393-5], mq_des=[0x716d000b]
***
Jan 01 00:01:49.652    6 13102     0 io-audio[csd_proxy.c:2033]: CSD_IPC_Client :csd_register_callback => Received Server Status [0x0] on RegisterCallback for Handle[0x15c414] !!!
Jan 01 00:01:49.652    2 13103     0 io-audio[deva_csd_priv.c:733]: DEVA: registerCallBack: SUCCEEDED!
Jan 01 00:01:49.653    2 13103     0 io-audio[deva_csd_priv.c:1335]: DEVA: allocateCsdBufferPool: ENTER (buffer_count=7, buffer_size=768)
Jan 01 00:01:49.658    5 20002     0 devp-iso-mmx[isoTX2]: io_close: id=3, handle=-1, rcvID=-1
Jan 01 00:01:49.665    2 13103     0 io-audio[deva_csd_priv.c:1386]: DEVA: allocateCsdBufferPool: LEAVE (rc=0x0)
Jan 01 00:01:49.666    2 13103     0 io-audio[deva_csd_priv.c:208]: DEVA: openAudioContextV2 : SUCCEEDED (dev_id=66)
Jan 01 00:01:49.668    5 13102     0 ACDBFILE_MGR:Read the devices count as zero, please check the acdb file

Jan 01 00:01:49.669    5 13102     0 ACDBFILE_MGR:Read the devices count as zero, please check the acdb file

Jan 01 00:01:49.669    5 13102     0 ACDBFILE_MGR:Read the devices count as zero, please check the acdb file

Jan 01 00:01:49.672    5 13102     0 Failed to fetch the lookup information of the appid 00011130 devID 00000042 

Jan 01 00:01:49.674    2 13103     0 io-audio[deva_csd_priv.c:253]: DEVA: streamAttach: SUCCEEDED
Jan 01 00:01:49.678    5 13102     0 ACDBFILE_MGR:Read the devices count as zero, please check the acdb file

Jan 01 00:01:49.680    5 13102     0 ACDBFILE_MGR:Read the devices count as zero, please check the acdb file

Jan 01 00:01:49.680    5 13102     0 ACDBFILE_MGR:Read the devices count as zero, please check the acdb file

Jan 01 00:01:49.683    5 13102     0 Failed to fetch the lookup information of the device 00000042 app id 00011130 sample rate 0000BB80

Jan 01 00:01:49.684    2 13103     0 io-audio[deva_csd_priv.c:271]: DEVA: enableContext: SUCCEEDED
Jan 01 00:01:49.688    2 13103     0 io-audio[deva_srf_session.c:1529]: DEVA: session_csd_setup_playback: LEAVE (rc=0x0)
Jan 01 00:01:49.689    2 13103     0 io-audio[deva_srf_session.c:907]: DEVA: session_csd_setup: session_csd_setup_playback() SUCCEEDED
Jan 01 00:01:49.689    2 13103     0 io-audio[deva_srf_session.c:934]: DEVA: session_csd_setup: LEAVE (rc=0x0)
Jan 01 00:01:49.690    2 13103     0 io-audio[deva_srf_session.c:1245]: DEVA: session_csd_attach_device: ENTER
Jan 01 00:01:49.691    2 13103     0 io-audio[deva_srf_session.c:1266]: DEVA: session_csd_attach_device: csd_session = <csd_playback_ann2>, deva_timer_session = <deva_timer_play_ann2_int_sds>
Jan 01 00:01:49.694    2 13103     0 io-audio[deva_srf_session.c:410]: DEVA: session_deva_timer_attach_stream: ENTER
Jan 01 00:01:49.695    2 13103     0 io-audio[deva_srf_session.c:427]: DEVA: session_deva_timer_attach_stream: deva_timer_session = <deva_timer_play_ann2_int_sds>
Jan 01 00:01:49.700    2 13103     0 io-audio[deva_srf_session.c:477]: DEVA: session_deva_timer_attach_stream: LEAVE (rc=0x0)
Jan 01 00:01:49.702    2 13103     0 io-audio[deva_srf_session.c:1279]: DEVA: session_csd_attach_device: LEAVE (rc=0x0)
Jan 01 00:01:49.704    2 13103     0 io-audio[deva_srf_mixer_router.c:1061]: DEVA: deva_mixer_router_set_switch_routing: New Routing [0]: Input=9 Output=131 CONNECTED
Jan 01 00:01:49.705    2 13103     0 io-audio[deva_srf_mixer_router.c:1094]: DEVA: deva_mixer_router_set_switch_routing: LEAVE
Jan 01 00:01:49.706    2 13103     0 io-audio[deva_mixer.c:472]: DEVA: deva_mixer_switch_routing_set: LEAVE
Jan 01 00:01:49.707    5 20002     0 devp-iso-mmx[isoTX2]: io_open: id=3, flags=0x00008002
Jan 01 00:01:49.709    2 13103     0 io-audio[deva_mixer.c:481]: DEVA: deva_mixer_switch_routing_get: ENTER
Jan 01 00:01:49.710    2 13103     0 io-audio[deva_srf_mixer_router.c:1104]: DEVA: deva_mixer_router_get_switch_routing: ENTER
Jan 01 00:01:49.711    2 13103     0 io-audio[deva_srf_mixer_router.c:1121]: DEVA: deva_mixer_router_get_switch_routing: Routing Type: 2
Jan 01 00:01:49.711    2 13103     0 io-audio[deva_srf_mixer_router.c:1144]: DEVA: deva_mixer_router_get_switch_routing: Active Routing:    Input[1]	Output[1]
Jan 01 00:01:49.711    2 13103     0 io-audio[deva_srf_mixer_router.c:1147]: DEVA: deva_mixer_router_get_switch_routing:                    9		131
Jan 01 00:01:49.712    2 13103     0 io-audio[deva_srf_mixer_router.c:1149]: DEVA: deva_mixer_router_get_switch_routing: Available Routing: Input[6]
Jan 01 00:01:49.712    5 20002     0 devp-iso-mmx[isoTX2]: DEVCTL:Queue has been flushed. First Packet cleared
Jan 01 00:01:49.712    2 13103     0 io-audio[deva_srf_mixer_router.c:1152]: DEVA: deva_mixer_router_get_switch_routing:                    0
Jan 01 00:01:49.712    2 13103     0 io-audio[deva_srf_mixer_router.c:1152]: DEVA: deva_mixer_router_get_switch_routing:                    9
Jan 01 00:01:49.712    5 20002     0 devp-iso-mmx[isoTX2]: DEVCTL: START: Max queue size set to 12032 (64 blocks)
Jan 01 00:01:49.712    2 13103     0 io-audio[deva_srf_mixer_router.c:1152]: DEVA: deva_mixer_router_get_switch_routing:                    11
Jan 01 00:01:49.713    2 13103     0 io-audio[deva_srf_mixer_router.c:1152]: DEVA: deva_mixer_router_get_switch_routing:                    14
Jan 01 00:01:49.713    2 13103     0 io-audio[deva_srf_mixer_router.c:1152]: DEVA: deva_mixer_router_get_switch_routing:                    15
Jan 01 00:01:49.714    2 13103     0 io-audio[deva_srf_mixer_router.c:1152]: DEVA: deva_mixer_router_get_switch_routing:                    17
Jan 01 00:01:49.714    2 13103     0 io-audio[deva_srf_mixer_router.c:1154]: DEVA: deva_mixer_router_get_switch_routing: Available Routing: Output[2]
Jan 01 00:01:49.714    2 13103     0 io-audio[deva_srf_mixer_router.c:1157]: DEVA: deva_mixer_router_get_switch_routing:                    0
Jan 01 00:01:49.715    2 13103     0 io-audio[deva_srf_mixer_router.c:1157]: DEVA: deva_mixer_router_get_switch_routing:                    131
Jan 01 00:01:49.715    2 13103     0 io-audio[deva_srf_mixer_router.c:1161]: DEVA: deva_mixer_router_get_switch_routing: LEAVE
Jan 01 00:01:49.717    2 13103     0 io-audio[deva_mixer.c:497]: DEVA: deva_mixer_switch_routing_get: LEAVE
Jan 01 00:01:49.746    5 16013   1459 vpeCore[wait.c:43]: [Resource_BlockWait] /dev/mmpm already available !
Jan 01 00:01:49.758    5 16303     1 vpeCore[smmu_lib.c:388]: Waiting for events from the Server
Jan 01 00:01:49.787    5 20002     0 devp-iso-mmx[isoTX2]: io_close: id=3, handle=-1, rcvID=-1
Jan 01 00:01:49.822    5 20002     0 devp-iso-mmx[isoTX2]: io_open: id=3, flags=0x00008002
Jan 01 00:01:49.826    5 20002     0 devp-iso-mmx[isoTX2]: DEVCTL:Queue has been flushed. First Packet cleared
Jan 01 00:01:49.827    5 20002     0 devp-iso-mmx[isoTX2]: DEVCTL: START: Max queue size set to 12032 (64 blocks)
Jan 01 00:01:49.871    5 16013   1459 vpeCore[wait.c:43]: [Resource_BlockWait] /dev/mmpm already available !
Jan 01 00:01:49.879    5 16303     1 vpeCore[smmu_lib.c:388]: Waiting for events from the Server
Jan 01 00:01:49.893    5 20002     0 devp-iso-mmx[isoTX2]: io_close: id=3, handle=-1, rcvID=-1
Jan 01 00:01:49.933    5 20002     0 devp-iso-mmx[isoTX2]: io_open: id=3, flags=0x00008002
Jan 01 00:01:49.940    5 20002     0 devp-iso-mmx[isoTX2]: DEVCTL:Queue has been flushed. First Packet cleared
Jan 01 00:01:49.941    5 20002     0 devp-iso-mmx[isoTX2]: DEVCTL: START: Max queue size set to 12032 (64 blocks)
Jan 01 00:01:49.993    5 16013   1459 vpeCore[wait.c:43]: [Resource_BlockWait] /dev/mmpm already available !
Jan 01 00:01:49.997    5 16303     1 vpeCore[smmu_lib.c:388]: Waiting for events from the Server
Jan 01 00:01:50.016    5 20002     0 devp-iso-mmx[isoTX2]: io_close: id=3, handle=-1, rcvID=-1
Jan 01 00:01:50.054    5 20002     0 devp-iso-mmx[isoTX2]: io_open: id=3, flags=0x00008002
Jan 01 00:01:50.056    5 20002     0 devp-iso-mmx[isoTX2]: DEVCTL:Queue has been flushed. First Packet cleared
Jan 01 00:01:50.057    5 20002     0 devp-iso-mmx[isoTX2]: DEVCTL: START: Max queue size set to 12032 (64 blocks)
Jan 01 00:01:50.096    5 16013   1459 vpeCore[wait.c:43]: [Resource_BlockWait] /dev/mmpm already available !
Jan 01 00:01:50.108    5 16303     1 vpeCore[smmu_lib.c:388]: Waiting for events from the Server
Jan 01 00:01:50.114    5 20002     0 devp-iso-mmx[isoTX2]: io_close: id=3, handle=-1, rcvID=-1
Jan 01 00:01:50.162    5 20002     0 devp-iso-mmx[isoTX2]: io_open: id=3, flags=0x00008002
Jan 01 00:01:50.165    5 20002     0 devp-iso-mmx[isoTX2]: DEVCTL:Queue has been flushed. First Packet cleared
Jan 01 00:01:50.165    5 20002     0 devp-iso-mmx[isoTX2]: DEVCTL: START: Max queue size set to 12032 (64 blocks)
Jan 01 00:01:50.209    5 16013   1459 vpeCore[wait.c:43]: [Resource_BlockWait] /dev/mmpm already available !
Jan 01 00:01:50.214    5 16303     1 vpeCore[smmu_lib.c:388]: Waiting for events from the Server
Jan 01 00:01:50.220    5 20002     0 devp-iso-mmx[isoTX2]: io_close: id=3, handle=-1, rcvID=-1
Jan 01 00:01:50.254    5 20002     0 devp-iso-mmx[isoTX2]: io_open: id=3, flags=0x00008002
Jan 01 00:01:50.257    5 20002     0 devp-iso-mmx[isoTX2]: DEVCTL:Queue has been flushed. First Packet cleared
Jan 01 00:01:50.258    5 20002     0 devp-iso-mmx[isoTX2]: DEVCTL: START: Max queue size set to 12032 (64 blocks)
Jan 01 00:01:50.300    5 16013   1459 vpeCore[wait.c:43]: [Resource_BlockWait] /dev/mmpm already available !
Jan 01 00:01:50.317    5 16303     1 vpeCore[smmu_lib.c:388]: Waiting for events from the Server
Jan 01 00:01:50.327    5 20002     0 devp-iso-mmx[isoTX2]: io_close: id=3, handle=-1, rcvID=-1
Jan 01 00:01:50.393    5 20002     0 devp-iso-mmx[isoTX2]: io_open: id=3, flags=0x00008002
Jan 01 00:01:50.397    5 20002     0 devp-iso-mmx[isoTX2]: DEVCTL:Queue has been flushed. First Packet cleared
Jan 01 00:01:50.399    5 20002     0 devp-iso-mmx[isoTX2]: DEVCTL: START: Max queue size set to 12032 (64 blocks)
Jan 01 00:01:50.436    5 16013   1459 vpeCore[wait.c:43]: [Resource_BlockWait] /dev/mmpm already available !
Jan 01 00:01:50.449    5 16303     1 vpeCore[smmu_lib.c:388]: Waiting for events from the Server
Jan 01 00:01:50.462    5 20002     0 devp-iso-mmx[isoTX2]: io_close: id=3, handle=-1, rcvID=-1
Jan 01 00:01:50.503    5 20002     0 devp-iso-mmx[isoTX2]: io_open: id=3, flags=0x00008002
Jan 01 00:01:50.509    5 20002     0 devp-iso-mmx[isoTX2]: DEVCTL:Queue has been flushed. First Packet cleared
Jan 01 00:01:50.512    5 20002     0 devp-iso-mmx[isoTX2]: DEVCTL: START: Max queue size set to 12032 (64 blocks)
Jan 01 00:01:50.557    5 16013   1459 vpeCore[wait.c:43]: [Resource_BlockWait] /dev/mmpm already available !
Jan 01 00:01:50.573    5 16303     1 vpeCore[smmu_lib.c:388]: Waiting for events from the Server
Jan 01 00:01:50.595    5 20002     0 devp-iso-mmx[isoTX2]: io_close: id=3, handle=-1, rcvID=-1
Jan 01 00:01:50.635    5 20002     0 devp-iso-mmx[isoTX2]: io_open: id=3, flags=0x00008002
Jan 01 00:01:50.638    5 20002     0 devp-iso-mmx[isoTX2]: DEVCTL:Queue has been flushed. First Packet cleared
Jan 01 00:01:50.640    5 20002     0 devp-iso-mmx[isoTX2]: DEVCTL: START: Max queue size set to 12032 (64 blocks)
Jan 01 00:01:50.684    5 16013   1459 vpeCore[wait.c:43]: [Resource_BlockWait] /dev/mmpm already available !
Jan 01 00:01:50.692    5 16303     1 vpeCore[smmu_lib.c:388]: Waiting for events from the Server
Jan 01 00:01:50.698    5 20002     0 devp-iso-mmx[isoTX2]: io_close: id=3, handle=-1, rcvID=-1
Jan 01 00:01:50.729    5 20002     0 devp-iso-mmx[isoTX2]: io_open: id=3, flags=0x00008002
Jan 01 00:01:50.731    5 20002     0 devp-iso-mmx[isoTX2]: DEVCTL:Queue has been flushed. First Packet cleared
Jan 01 00:01:50.732    5 20002     0 devp-iso-mmx[isoTX2]: DEVCTL: START: Max queue size set to 12032 (64 blocks)
Jan 01 00:01:50.765    5 16013   1459 vpeCore[wait.c:43]: [Resource_BlockWait] /dev/mmpm already available !
Jan 01 00:01:50.769    5 16303     1 vpeCore[smmu_lib.c:388]: Waiting for events from the Server
Jan 01 00:01:50.775    5 20002     0 devp-iso-mmx[isoTX2]: io_close: id=3, handle=-1, rcvID=-1
Jan 01 00:01:50.818    5 20002     0 devp-iso-mmx[isoTX2]: io_open: id=3, flags=0x00008002
Jan 01 00:01:50.822    5 20002     0 devp-iso-mmx[isoTX2]: DEVCTL:Queue has been flushed. First Packet cleared
Jan 01 00:01:50.822    5 20002     0 devp-iso-mmx[isoTX2]: DEVCTL: START: Max queue size set to 12032 (64 blocks)
Jan 01 00:01:50.856    5 16013   1459 vpeCore[wait.c:43]: [Resource_BlockWait] /dev/mmpm already available !
Jan 01 00:01:50.859    5 16303     1 vpeCore[smmu_lib.c:388]: Waiting for events from the Server
Jan 01 00:01:50.866    5 20002     0 devp-iso-mmx[isoTX2]: io_close: id=3, handle=-1, rcvID=-1
Jan 01 00:01:50.896    5 20002     0 devp-iso-mmx[isoTX2]: io_open: id=3, flags=0x00008002
Jan 01 00:01:50.897    5 20002     0 devp-iso-mmx[isoTX2]: DEVCTL:Queue has been flushed. First Packet cleared
Jan 01 00:01:50.898    5 20002     0 devp-iso-mmx[isoTX2]: DEVCTL: START: Max queue size set to 12032 (64 blocks)
Jan 01 00:01:50.929    5 16013   1459 vpeCore[wait.c:43]: [Resource_BlockWait] /dev/mmpm already available !
Jan 01 00:01:50.934    5 16303     1 vpeCore[smmu_lib.c:388]: Waiting for events from the Server
Jan 01 00:01:50.942    5 20002     0 devp-iso-mmx[isoTX2]: io_close: id=3, handle=-1, rcvID=-1
Jan 01 00:01:50.978    5 20002     0 devp-iso-mmx[isoTX2]: io_open: id=3, flags=0x00008002
Jan 01 00:01:50.979    5 20002     0 devp-iso-mmx[isoTX2]: DEVCTL:Queue has been flushed. First Packet cleared
Jan 01 00:01:50.979    5 20002     0 devp-iso-mmx[isoTX2]: DEVCTL: START: Max queue size set to 12032 (64 blocks)
Jan 01 00:01:51.013    5 16013   1459 vpeCore[wait.c:43]: [Resource_BlockWait] /dev/mmpm already available !
Jan 01 00:01:51.019    5 16303     1 vpeCore[smmu_lib.c:388]: Waiting for events from the Server
Jan 01 00:01:51.025    5 20002     0 devp-iso-mmx[isoTX2]: io_close: id=3, handle=-1, rcvID=-1
Jan 01 00:01:51.061    5 20002     0 devp-iso-mmx[isoTX2]: io_open: id=3, flags=0x00008002
Jan 01 00:01:51.063    5 20002     0 devp-iso-mmx[isoTX2]: DEVCTL:Queue has been flushed. First Packet cleared
Jan 01 00:01:51.066    5 20002     0 devp-iso-mmx[isoTX2]: DEVCTL: START: Max queue size set to 12032 (64 blocks)
Jan 01 00:01:51.097    5 16013   1459 vpeCore[wait.c:43]: [Resource_BlockWait] /dev/mmpm already available !
Jan 01 00:01:51.103    5 16303     1 vpeCore[smmu_lib.c:388]: Waiting for events from the Server
Jan 01 00:01:51.109    5 20002     0 devp-iso-mmx[isoTX2]: io_close: id=3, handle=-1, rcvID=-1
Jan 01 00:01:51.137    5 20002     0 devp-iso-mmx[isoTX2]: io_open: id=3, flags=0x00008002
Jan 01 00:01:51.139    5 20002     0 devp-iso-mmx[isoTX2]: DEVCTL:Queue has been flushed. First Packet cleared
Jan 01 00:01:51.139    5 20002     0 devp-iso-mmx[isoTX2]: DEVCTL: START: Max queue size set to 12032 (64 blocks)
Jan 01 00:01:51.177    5 16013   1459 vpeCore[wait.c:43]: [Resource_BlockWait] /dev/mmpm already available !
Jan 01 00:01:51.181    5 16303     1 vpeCore[smmu_lib.c:388]: Waiting for events from the Server
Jan 01 00:01:51.190    5 20002     0 devp-iso-mmx[isoTX2]: io_close: id=3, handle=-1, rcvID=-1
Jan 01 00:01:51.214    5 20002     0 devp-iso-mmx[isoTX2]: io_open: id=3, flags=0x00008002
Jan 01 00:01:51.216    5 20002     0 devp-iso-mmx[isoTX2]: DEVCTL:Queue has been flushed. First Packet cleared
Jan 01 00:01:51.217    5 20002     0 devp-iso-mmx[isoTX2]: DEVCTL: START: Max queue size set to 12032 (64 blocks)
Jan 01 00:01:51.246    5 16013   1459 vpeCore[wait.c:43]: [Resource_BlockWait] /dev/mmpm already available !
Jan 01 00:01:51.263    5 16303     1 vpeCore[smmu_lib.c:388]: Waiting for events from the Server
Jan 01 00:01:51.139    5 20002     0 devp-iso-mmx[isoTX2]: DEVCTL:Queue has been flushed. First Packet cleared
Jan 01 00:01:51.139    5 20002     0 devp-iso-mmx[isoTX2]: DEVCTL: START: Max queue size set to 12032 (64 blocks)
Jan 01 00:01:51.177    5 16013   1459 vpeCore[wait.c:43]: [Resource_BlockWait] /dev/mmpm already available !
Jan 01 00:01:51.181    5 16303     1 vpeCore[smmu_lib.c:388]: Waiting for events from the Server
Jan 01 00:01:51.190    5 20002     0 devp-iso-mmx[isoTX2]: io_close: id=3, handle=-1, rcvID=-1
Jan 01 00:01:51.214    5 20002     0 devp-iso-mmx[isoTX2]: io_open: id=3, flags=0x00008002
Jan 01 00:01:51.216    5 20002     0 devp-iso-mmx[isoTX2]: DEVCTL:Queue has been flushed. First Packet cleared
Jan 01 00:01:51.217    5 20002     0 devp-iso-mmx[isoTX2]: DEVCTL: START: Max queue size set to 12032 (64 blocks)
Jan 01 00:01:51.246    5 16013   1459 vpeCore[wait.c:43]: [Resource_BlockWait] /dev/mmpm already available !
Jan 01 00:01:51.263    5 16303     1 vpeCore[smmu_lib.c:388]: Waiting for events from the Server
Jan 01 00:01:51.285    5 20002     0 devp-iso-mmx[isoTX2]: io_close: id=3, handle=-1, rcvID=-1
Jan 01 00:01:51.328    5 20002     0 devp-iso-mmx[isoTX2]: io_open: id=3, flags=0x00008002
Jan 01 00:01:51.330    5 20002     0 devp-iso-mmx[isoTX2]: DEVCTL:Queue has been flushed. First Packet cleared
Jan 01 00:01:51.331    5 20002     0 devp-iso-mmx[isoTX2]: DEVCTL: START: Max queue size set to 12032 (64 blocks)
Jan 01 00:01:51.373    5 16013   1459 vpeCore[wait.c:43]: [Resource_BlockWait] /dev/mmpm already available !
Jan 01 00:01:51.381    5 16303     1 vpeCore[smmu_lib.c:388]: Waiting for events from the Server
Jan 01 00:01:51.393    5 20002     0 devp-iso-mmx[isoTX2]: io_close: id=3, handle=-1, rcvID=-1
Jan 01 00:01:51.426    5 20002     0 devp-iso-mmx[isoTX2]: io_open: id=3, flags=0x00008002
Jan 01 00:01:51.431    5 20002     0 devp-iso-mmx[isoTX2]: DEVCTL:Queue has been flushed. First Packet cleared
Jan 01 00:01:51.431    5 20002     0 devp-iso-mmx[isoTX2]: DEVCTL: START: Max queue size set to 12032 (64 blocks)
Jan 01 00:01:51.466    5 16013   1459 vpeCore[wait.c:43]: [Resource_BlockWait] /dev/mmpm already available !
Jan 01 00:01:51.471    5 16303     1 vpeCore[smmu_lib.c:388]: Waiting for events from the Server
Jan 01 00:01:51.481    5 20002     0 devp-iso-mmx[isoTX2]: io_close: id=3, handle=-1, rcvID=-1
Jan 01 00:01:51.518    5 20002     0 devp-iso-mmx[isoTX2]: io_open: id=3, flags=0x00008002
Jan 01 00:01:51.519    5 20002     0 devp-iso-mmx[isoTX2]: DEVCTL:Queue has been flushed. First Packet cleared
Jan 01 00:01:51.520    5 20002     0 devp-iso-mmx[isoTX2]: DEVCTL: START: Max queue size set to 12032 (64 blocks)
Jan 01 00:01:51.566    5 16013   1459 vpeCore[wait.c:43]: [Resource_BlockWait] /dev/mmpm already available !
Jan 01 00:01:51.577    5 16303     1 vpeCore[smmu_lib.c:388]: Waiting for events from the Server
Jan 01 00:01:51.586    5 20002     0 devp-iso-mmx[isoTX2]: io_close: id=3, handle=-1, rcvID=-1
Jan 01 00:01:51.620    5 20002     0 devp-iso-mmx[isoTX2]: io_open: id=3, flags=0x00008002
Jan 01 00:01:51.622    5 20002     0 devp-iso-mmx[isoTX2]: DEVCTL:Queue has been flushed. First Packet cleared
Jan 01 00:01:51.623    5 20002     0 devp-iso-mmx[isoTX2]: DEVCTL: START: Max queue size set to 12032 (64 blocks)
Jan 01 00:01:51.663    5 16013   1459 vpeCore[wait.c:43]: [Resource_BlockWait] /dev/mmpm already available !
Jan 01 00:01:51.671    5 16303     1 vpeCore[smmu_lib.c:388]: Waiting for events from the Server
Jan 01 00:01:51.681    5 20002     0 devp-iso-mmx[isoTX2]: io_close: id=3, handle=-1, rcvID=-1
Jan 01 00:01:51.723    5 20002     0 devp-iso-mmx[isoTX2]: io_open: id=3, flags=0x00008002
Jan 01 00:01:51.726    5 20002     0 devp-iso-mmx[isoTX2]: DEVCTL:Queue has been flushed. First Packet cleared
Jan 01 00:01:51.727    5 20002     0 devp-iso-mmx[isoTX2]: DEVCTL: START: Max queue size set to 12032 (64 blocks)
Jan 01 00:01:51.771    5 16013   1459 vpeCore[wait.c:43]: [Resource_BlockWait] /dev/mmpm already available !
Jan 01 00:01:51.787    5 16303     1 vpeCore[smmu_lib.c:388]: Waiting for events from the Server
Jan 01 00:01:51.800    5 20002     0 devp-iso-mmx[isoTX2]: io_close: id=3, handle=-1, rcvID=-1
Jan 01 00:01:51.845    5 20002     0 devp-iso-mmx[isoTX2]: io_open: id=3, flags=0x00008002
Jan 01 00:01:51.858    5 20002     0 devp-iso-mmx[isoTX2]: DEVCTL:Queue has been flushed. First Packet cleared
Jan 01 00:01:51.860    5 20002     0 devp-iso-mmx[isoTX2]: DEVCTL: START: Max queue size set to 12032 (64 blocks)
Jan 01 00:01:51.917    5 16013   1459 vpeCore[wait.c:43]: [Resource_BlockWait] /dev/mmpm already available !
Jan 01 00:01:51.935    5 16303     1 vpeCore[smmu_lib.c:388]: Waiting for events from the Server
Jan 01 00:01:51.957    5 20002     0 devp-iso-mmx[isoTX2]: io_close: id=3, handle=-1, rcvID=-1
Jan 01 00:01:52.024    5 20002     0 devp-iso-mmx[isoTX2]: io_open: id=3, flags=0x00008002
Jan 01 00:01:52.028    5 20002     0 devp-iso-mmx[isoTX2]: DEVCTL:Queue has been flushed. First Packet cleared
Jan 01 00:01:52.029    5 20002     0 devp-iso-mmx[isoTX2]: DEVCTL: START: Max queue size set to 12032 (64 blocks)
Jan 01 00:01:52.080    5 16013   1459 vpeCore[wait.c:43]: [Resource_BlockWait] /dev/mmpm already available !
Jan 01 00:01:52.091    5 16303     1 vpeCore[smmu_lib.c:388]: Waiting for events from the Server
Jan 01 00:01:52.106    5 20002     0 devp-iso-mmx[isoTX2]: io_close: id=3, handle=-1, rcvID=-1
Jan 01 00:01:52.152    5 20002     0 devp-iso-mmx[isoTX2]: io_open: id=3, flags=0x00008002
Jan 01 00:01:52.159    5 20002     0 devp-iso-mmx[isoTX2]: DEVCTL:Queue has been flushed. First Packet cleared
Jan 01 00:01:52.161    5 20002     0 devp-iso-mmx[isoTX2]: DEVCTL: START: Max queue size set to 12032 (64 blocks)
Jan 01 00:01:52.209    5 16013   1459 vpeCore[wait.c:43]: [Resource_BlockWait] /dev/mmpm already available !
Jan 01 00:01:52.220    5 16303     1 vpeCore[smmu_lib.c:388]: Waiting for events from the Server
Jan 01 00:01:52.236    5 20002     0 devp-iso-mmx[isoTX2]: io_close: id=3, handle=-1, rcvID=-1
Jan 01 00:01:52.286    5 20002     0 devp-iso-mmx[isoTX2]: io_open: id=3, flags=0x00008002
Jan 01 00:01:52.296    5 20002     0 devp-iso-mmx[isoTX2]: DEVCTL:Queue has been flushed. First Packet cleared
Jan 01 00:01:52.297    5 20002     0 devp-iso-mmx[isoTX2]: DEVCTL: START: Max queue size set to 12032 (64 blocks)
Jan 01 00:01:52.347    5 16013   1459 vpeCore[wait.c:43]: [Resource_BlockWait] /dev/mmpm already available !
Jan 01 00:01:52.353    5 16303     1 vpeCore[smmu_lib.c:388]: Waiting for events from the Server
Jan 01 00:01:52.367    5 20002     0 devp-iso-mmx[isoTX2]: io_close: id=3, handle=-1, rcvID=-1
Jan 01 00:01:52.413    5 20002     0 devp-iso-mmx[isoTX2]: io_open: id=3, flags=0x00008002
Jan 01 00:01:52.416    5 20002     0 devp-iso-mmx[isoTX2]: DEVCTL:Queue has been flushed. First Packet cleared
Jan 01 00:01:52.423    5 20002     0 devp-iso-mmx[isoTX2]: DEVCTL: START: Max queue size set to 12032 (64 blocks)
Jan 01 00:01:52.467    5 16013   1459 vpeCore[wait.c:43]: [Resource_BlockWait] /dev/mmpm already available !
Jan 01 00:01:52.477    5 16303     1 vpeCore[smmu_lib.c:388]: Waiting for events from the Server
Jan 01 00:01:52.498    5 20002     0 devp-iso-mmx[isoTX2]: io_close: id=3, handle=-1, rcvID=-1
Jan 01 00:01:52.543    5 20002     0 devp-iso-mmx[isoTX2]: io_open: id=3, flags=0x00008002
Jan 01 00:01:52.546    5 20002     0 devp-iso-mmx[isoTX2]: DEVCTL:Queue has been flushed. First Packet cleared
Jan 01 00:01:52.546    5 20002     0 devp-iso-mmx[isoTX2]: DEVCTL: START: Max queue size set to 12032 (64 blocks)
Jan 01 00:01:52.590    5 16013   1459 vpeCore[wait.c:43]: [Resource_BlockWait] /dev/mmpm already available !
Jan 01 00:01:52.595    5 16303     1 vpeCore[smmu_lib.c:388]: Waiting for events from the Server
Jan 01 00:01:52.602    5 20002     0 devp-iso-mmx[isoTX2]: io_close: id=3, handle=-1, rcvID=-1
Jan 01 00:01:52.637    5 20002     0 devp-iso-mmx[isoTX2]: io_open: id=3, flags=0x00008002
Jan 01 00:01:52.643    5 20002     0 devp-iso-mmx[isoTX2]: DEVCTL:Queue has been flushed. First Packet cleared
Jan 01 00:01:52.645    5 20002     0 devp-iso-mmx[isoTX2]: DEVCTL: START: Max queue size set to 12032 (64 blocks)
Jan 01 00:01:52.694    5 16013   1459 vpeCore[wait.c:43]: [Resource_BlockWait] /dev/mmpm already available !
Jan 01 00:01:52.698    5 16303     1 vpeCore[smmu_lib.c:388]: Waiting for events from the Server
Jan 01 00:01:52.706    5 20002     0 devp-iso-mmx[isoTX2]: io_close: id=3, handle=-1, rcvID=-1
Jan 01 00:01:52.745    5 20002     0 devp-iso-mmx[isoTX2]: io_open: id=3, flags=0x00008002
Jan 01 00:01:52.747    5 20002     0 devp-iso-mmx[isoTX2]: DEVCTL:Queue has been flushed. First Packet cleared
Jan 01 00:01:52.748    5 20002     0 devp-iso-mmx[isoTX2]: DEVCTL: START: Max queue size set to 12032 (64 blocks)
Jan 01 00:01:52.785    5 16013   1459 vpeCore[wait.c:43]: [Resource_BlockWait] /dev/mmpm already available !
Jan 01 00:01:52.788    5 16303     1 vpeCore[smmu_lib.c:388]: Waiting for events from the Server
Jan 01 00:01:52.802    5 20002     0 devp-iso-mmx[isoTX2]: io_close: id=3, handle=-1, rcvID=-1
Jan 01 00:01:52.830    5 20002     0 devp-iso-mmx[isoTX2]: io_open: id=3, flags=0x00008002
Jan 01 00:01:52.831    5 20002     0 devp-iso-mmx[isoTX2]: DEVCTL:Queue has been flushed. First Packet cleared
Jan 01 00:01:52.832    5 20002     0 devp-iso-mmx[isoTX2]: DEVCTL: START: Max queue size set to 12032 (64 blocks)
Jan 01 00:01:52.849    2    19   1800 Can not find ssid wen

Jan 01 00:01:52.865    5 16013   1459 vpeCore[wait.c:43]: [Resource_BlockWait] /dev/mmpm already available !
Jan 01 00:01:52.869    5 16303     1 vpeCore[smmu_lib.c:388]: Waiting for events from the Server
Jan 01 00:01:52.874    5 20002     0 devp-iso-mmx[isoTX2]: io_close: id=3, handle=-1, rcvID=-1
Jan 01 00:01:52.907    5 20002     0 devp-iso-mmx[isoTX2]: io_open: id=3, flags=0x00008002
Jan 01 00:01:52.911    5 20002     0 devp-iso-mmx[isoTX2]: DEVCTL:Queue has been flushed. First Packet cleared
Jan 01 00:01:52.916    5 20002     0 devp-iso-mmx[isoTX2]: DEVCTL: START: Max queue size set to 12032 (64 blocks)
Jan 01 00:01:52.941    5 16013   1459 vpeCore[wait.c:43]: [Resource_BlockWait] /dev/mmpm already available !
Jan 01 00:01:52.945    5 16303     1 vpeCore[smmu_lib.c:388]: Waiting for events from the Server
Jan 01 00:01:52.949    5 20002     0 devp-iso-mmx[isoTX2]: io_close: id=3, handle=-1, rcvID=-1
Jan 01 00:01:52.977    5 20002     0 devp-iso-mmx[isoTX2]: io_open: id=3, flags=0x00008002
Jan 01 00:01:52.979    5 20002     0 devp-iso-mmx[isoTX2]: DEVCTL:Queue has been flushed. First Packet cleared
Jan 01 00:01:52.981    5 20002     0 devp-iso-mmx[isoTX2]: DEVCTL: START: Max queue size set to 12032 (64 blocks)
Jan 01 00:01:53.009    5 16013   1459 vpeCore[wait.c:43]: [Resource_BlockWait] /dev/mmpm already available !
Jan 01 00:01:53.014    5 16303     1 vpeCore[smmu_lib.c:388]: Waiting for events from the Server
Jan 01 00:01:53.019    5 20002     0 devp-iso-mmx[isoTX2]: io_close: id=3, handle=-1, rcvID=-1
Jan 01 00:01:53.045    5 20002     0 devp-iso-mmx[isoTX2]: io_open: id=3, flags=0x00008002
Jan 01 00:01:53.046    5 20002     0 devp-iso-mmx[isoTX2]: DEVCTL:Queue has been flushed. First Packet cleared
Jan 01 00:01:53.047    5 20002     0 devp-iso-mmx[isoTX2]: DEVCTL: START: Max queue size set to 12032 (64 blocks)
Jan 01 00:01:53.084    5 16013   1459 vpeCore[wait.c:43]: [Resource_BlockWait] /dev/mmpm already available !
Jan 01 00:01:53.090    5 16303     1 vpeCore[smmu_lib.c:388]: Waiting for events from the Server
Jan 01 00:01:53.108    5 20002     0 devp-iso-mmx[isoTX2]: io_close: id=3, handle=-1, rcvID=-1
Jan 01 00:01:53.144    5 20002     0 devp-iso-mmx[isoTX2]: io_open: id=3, flags=0x00008002
Jan 01 00:01:53.146    5 20002     0 devp-iso-mmx[isoTX2]: DEVCTL:Queue has been flushed. First Packet cleared
Jan 01 00:01:53.146    5 20002     0 devp-iso-mmx[isoTX2]: DEVCTL: START: Max queue size set to 12032 (64 blocks)
Jan 01 00:01:53.188    5 16013   1459 vpeCore[wait.c:43]: [Resource_BlockWait] /dev/mmpm already available !
Jan 01 00:01:53.194    5 16303     1 vpeCore[smmu_lib.c:388]: Waiting for events from the Server
Jan 01 00:01:53.202    5 20002     0 devp-iso-mmx[isoTX2]: io_close: id=3, handle=-1, rcvID=-1
Jan 01 00:01:53.229    5 20002     0 devp-iso-mmx[isoTX2]: io_open: id=3, flags=0x00008002
Jan 01 00:01:53.230    5 20002     0 devp-iso-mmx[isoTX2]: DEVCTL:Queue has been flushed. First Packet cleared
Jan 01 00:01:53.231    5 20002     0 devp-iso-mmx[isoTX2]: DEVCTL: START: Max queue size set to 12032 (64 blocks)
Jan 01 00:01:53.278    5 16013   1459 vpeCore[wait.c:43]: [Resource_BlockWait] /dev/mmpm already available !
Jan 01 00:01:53.283    5 16303     1 vpeCore[smmu_lib.c:388]: Waiting for events from the Server
Jan 01 00:01:53.295    5 20002     0 devp-iso-mmx[isoTX2]: io_close: id=3, handle=-1, rcvID=-1
Jan 01 00:01:53.331    5 20002     0 devp-iso-mmx[isoTX2]: io_open: id=3, flags=0x00008002
Jan 01 00:01:53.331    5 20002     0 devp-iso-mmx[isoTX2]: DEVCTL:Queue has been flushed. First Packet cleared
Jan 01 00:01:53.334    5 20002     0 devp-iso-mmx[isoTX2]: DEVCTL: START: Max queue size set to 12032 (64 blocks)
Jan 01 00:01:53.377    5 16013   1459 vpeCore[wait.c:43]: [Resource_BlockWait] /dev/mmpm already available !
Jan 01 00:01:53.383    5 16303     1 vpeCore[smmu_lib.c:388]: Waiting for events from the Server
Jan 01 00:01:53.398    5 20002     0 devp-iso-mmx[isoTX2]: io_close: id=3, handle=-1, rcvID=-1
Jan 01 00:01:53.432    5 20002     0 devp-iso-mmx[isoTX2]: io_open: id=3, flags=0x00008002
Jan 01 00:01:53.435    5 20002     0 devp-iso-mmx[isoTX2]: DEVCTL:Queue has been flushed. First Packet cleared
Jan 01 00:01:53.436    5 20002     0 devp-iso-mmx[isoTX2]: DEVCTL: START: Max queue size set to 12032 (64 blocks)
Jan 01 00:01:53.484    5 16013   1459 vpeCore[wait.c:43]: [Resource_BlockWait] /dev/mmpm already available !
Jan 01 00:01:53.492    5 16303     1 vpeCore[smmu_lib.c:388]: Waiting for events from the Server
Jan 01 00:01:53.500    5 20002     0 devp-iso-mmx[isoTX2]: io_close: id=3, handle=-1, rcvID=-1
Jan 01 00:01:53.540    5 20002     0 devp-iso-mmx[isoTX2]: io_open: id=3, flags=0x00008002
Jan 01 00:01:53.542    5 20002     0 devp-iso-mmx[isoTX2]: DEVCTL:Queue has been flushed. First Packet cleared
Jan 01 00:01:53.544    5 20002     0 devp-iso-mmx[isoTX2]: DEVCTL: START: Max queue size set to 12032 (64 blocks)
Jan 01 00:01:53.577    5 16013   1459 vpeCore[wait.c:43]: [Resource_BlockWait] /dev/mmpm already available !
Jan 01 00:01:53.582    5 16303     1 vpeCore[smmu_lib.c:388]: Waiting for events from the Server
Jan 01 00:01:53.589    5 20002     0 devp-iso-mmx[isoTX2]: io_close: id=3, handle=-1, rcvID=-1
Jan 01 00:01:53.620    5 20002     0 devp-iso-mmx[isoTX2]: io_open: id=3, flags=0x00008002
Jan 01 00:01:53.622    5 20002     0 devp-iso-mmx[isoTX2]: DEVCTL:Queue has been flushed. First Packet cleared
Jan 01 00:01:53.623    5 20002     0 devp-iso-mmx[isoTX2]: DEVCTL: START: Max queue size set to 12032 (64 blocks)
Jan 01 00:01:53.659    5 16013   1459 vpeCore[wait.c:43]: [Resource_BlockWait] /dev/mmpm already available !
Jan 01 00:01:53.667    5 16303     1 vpeCore[smmu_lib.c:388]: Waiting for events from the Server
Jan 01 00:01:53.673    5 20002     0 devp-iso-mmx[isoTX2]: io_close: id=3, handle=-1, rcvID=-1
Jan 01 00:01:53.686    2    19   1800 Can not find ssid wen

Jan 01 00:01:53.714    5 20002     0 devp-iso-mmx[isoTX2]: io_open: id=3, flags=0x00008002
Jan 01 00:01:53.721    5 20002     0 devp-iso-mmx[isoTX2]: DEVCTL:Queue has been flushed. First Packet cleared
Jan 01 00:01:53.725    5 20002     0 devp-iso-mmx[isoTX2]: DEVCTL: START: Max queue size set to 12032 (64 blocks)
Jan 01 00:01:53.753    5 16013   1459 vpeCore[wait.c:43]: [Resource_BlockWait] /dev/mmpm already available !
Jan 01 00:01:53.760    5 16303     1 vpeCore[smmu_lib.c:388]: Waiting for events from the Server
Jan 01 00:01:53.768    5 20002     0 devp-iso-mmx[isoTX2]: io_close: id=3, handle=-1, rcvID=-1
Jan 01 00:01:53.806    5 20002     0 devp-iso-mmx[isoTX2]: io_open: id=3, flags=0x00008002
Jan 01 00:01:53.807    5 20002     0 devp-iso-mmx[isoTX2]: DEVCTL:Queue has been flushed. First Packet cleared
Jan 01 00:01:53.808    5 20002     0 devp-iso-mmx[isoTX2]: DEVCTL: START: Max queue size set to 12032 (64 blocks)
Jan 01 00:01:53.833    5 16013   1459 vpeCore[wait.c:43]: [Resource_BlockWait] /dev/mmpm already available !
Jan 01 00:01:53.839    5 16303     1 vpeCore[smmu_lib.c:388]: Waiting for events from the Server
Jan 01 00:01:53.843    5 20002     0 devp-iso-mmx[isoTX2]: io_close: id=3, handle=-1, rcvID=-1
Jan 01 00:01:53.876    5 20002     0 devp-iso-mmx[isoTX2]: io_open: id=3, flags=0x00008002
Jan 01 00:01:53.878    5 20002     0 devp-iso-mmx[isoTX2]: DEVCTL:Queue has been flushed. First Packet cleared
Jan 01 00:01:53.878    5 20002     0 devp-iso-mmx[isoTX2]: DEVCTL: START: Max queue size set to 12032 (64 blocks)
Jan 01 00:01:53.909    5 16013   1459 vpeCore[wait.c:43]: [Resource_BlockWait] /dev/mmpm already available !
Jan 01 00:01:53.915    5 16303     1 vpeCore[smmu_lib.c:388]: Waiting for events from the Server
Jan 01 00:01:53.921    5 20002     0 devp-iso-mmx[isoTX2]: io_close: id=3, handle=-1, rcvID=-1
Jan 01 00:01:53.952    5 20002     0 devp-iso-mmx[isoTX2]: io_open: id=3, flags=0x00008002
Jan 01 00:01:53.957    5 20002     0 devp-iso-mmx[isoTX2]: DEVCTL:Queue has been flushed. First Packet cleared
Jan 01 00:01:53.961    5 20002     0 devp-iso-mmx[isoTX2]: DEVCTL: START: Max queue size set to 12032 (64 blocks)
Jan 01 00:01:53.981    5 10113     1 HB: T=44C, CPU=98%, Free mem=675MB
Jan 01 00:01:53.984    5 10113     1 HB: proc/boot/procnto-smp-instr (1) 21.77%: unnamed thread (25) 0.02% [10], n/a, n/a, n/a

Jan 01 00:01:53.986    5 10113     1 HB: mnt/app/root/carplay-altscreen/bin/mirror/carplay-alt111-mirror-display (446508) 8.31%: n/a, n/a, n/a

Jan 01 00:01:53.987    5 10113     1 HB: mnt/app/root/hooks/maneuver_render (23715889) 8.85%: n/a, n/a, n/a, n/a

Jan 01 00:01:54.001    5 10113     1 HB: ./navigation (2429051) 7.38%: SCREEN01 (130) 6.62% [11], asi.navigation.carsensordata2.CarSensorData2Consumer (150) 0.13% [15], NVSI (137) 0.09% [12], LSD01 (43) 0.05% [10]

Jan 01 00:01:54.004    5 10113     1 HB: mnt/app/eso/bin/apps/dio_manager (22470787) 6.73%: n/a, n/a, n/a, n/a

Jan 01 00:01:54.018    5 16013   1459 vpeCore[wait.c:43]: [Resource_BlockWait] /dev/mmpm already available !
Jan 01 00:01:54.023    5 16303     1 vpeCore[smmu_lib.c:388]: Waiting for events from the Server
Jan 01 00:01:54.027    5 20002     0 devp-iso-mmx[isoTX2]: io_close: id=3, handle=-1, rcvID=-1
Jan 01 00:01:54.053    5 20002     0 devp-iso-mmx[isoTX2]: io_open: id=3, flags=0x00008002
Jan 01 00:01:54.054    5 20002     0 devp-iso-mmx[isoTX2]: DEVCTL:Queue has been flushed. First Packet cleared
Jan 01 00:01:54.055    5 20002     0 devp-iso-mmx[isoTX2]: DEVCTL: START: Max queue size set to 12032 (64 blocks)
Jan 01 00:01:54.080    5 16013   1459 vpeCore[wait.c:43]: [Resource_BlockWait] /dev/mmpm already available !
Jan 01 00:01:54.085    5 16303     1 vpeCore[smmu_lib.c:388]: Waiting for events from the Server
Jan 01 00:01:54.092    5 20002     0 devp-iso-mmx[isoTX2]: io_close: id=3, handle=-1, rcvID=-1
Jan 01 00:01:54.122    5 20002     0 devp-iso-mmx[isoTX2]: io_open: id=3, flags=0x00008002
Jan 01 00:01:54.125    5 20002     0 devp-iso-mmx[isoTX2]: DEVCTL:Queue has been flushed. First Packet cleared
Jan 01 00:01:54.125    5 20002     0 devp-iso-mmx[isoTX2]: DEVCTL: START: Max queue size set to 12032 (64 blocks)
Jan 01 00:01:54.151    5 16013   1459 vpeCore[wait.c:43]: [Resource_BlockWait] /dev/mmpm already available !
Jan 01 00:01:54.156    5 16303     1 vpeCore[smmu_lib.c:388]: Waiting for events from the Server
Jan 01 00:01:54.162    5 20002     0 devp-iso-mmx[isoTX2]: io_close: id=3, handle=-1, rcvID=-1
Jan 01 00:01:54.201    5 20002     0 devp-iso-mmx[isoTX2]: io_open: id=3, flags=0x00008002
Jan 01 00:01:54.203    5 20002     0 devp-iso-mmx[isoTX2]: DEVCTL:Queue has been flushed. First Packet cleared
Jan 01 00:01:54.204    5 20002     0 devp-iso-mmx[isoTX2]: DEVCTL: START: Max queue size set to 12032 (64 blocks)
Jan 01 00:01:54.233    5 16013   1459 vpeCore[wait.c:43]: [Resource_BlockWait] /dev/mmpm already available !
Jan 01 00:01:54.238    5 16303     1 vpeCore[smmu_lib.c:388]: Waiting for events from the Server
Jan 01 00:01:54.244    5 20002     0 devp-iso-mmx[isoTX2]: io_close: id=3, handle=-1, rcvID=-1
Jan 01 00:01:54.279    5 20002     0 devp-iso-mmx[isoTX2]: io_open: id=3, flags=0x00008002
Jan 01 00:01:54.282    5 20002     0 devp-iso-mmx[isoTX2]: DEVCTL:Queue has been flushed. First Packet cleared
Jan 01 00:01:54.282    5 20002     0 devp-iso-mmx[isoTX2]: DEVCTL: START: Max queue size set to 12032 (64 blocks)
Jan 01 00:01:54.320    5 16013   1459 vpeCore[wait.c:43]: [Resource_BlockWait] /dev/mmpm already available !
Jan 01 00:01:54.323    5 16303     1 vpeCore[smmu_lib.c:388]: Waiting for events from the Server
Jan 01 00:01:54.330    5 20002     0 devp-iso-mmx[isoTX2]: io_close: id=3, handle=-1, rcvID=-1
Jan 01 00:01:54.371    5 20002     0 devp-iso-mmx[isoTX2]: io_open: id=3, flags=0x00008002
Jan 01 00:01:54.373    5 20002     0 devp-iso-mmx[isoTX2]: DEVCTL:Queue has been flushed. First Packet cleared
Jan 01 00:01:54.377    5 20002     0 devp-iso-mmx[isoTX2]: DEVCTL: START: Max queue size set to 12032 (64 blocks)
Jan 01 00:01:54.418    5 16013   1459 vpeCore[wait.c:43]: [Resource_BlockWait] /dev/mmpm already available !
Jan 01 00:01:54.424    5 16303     1 vpeCore[smmu_lib.c:388]: Waiting for events from the Server
Jan 01 00:01:54.431    5 20002     0 devp-iso-mmx[isoTX2]: io_close: id=3, handle=-1, rcvID=-1
Jan 01 00:01:54.463    5 20002     0 devp-iso-mmx[isoTX2]: io_open: id=3, flags=0x00008002
Jan 01 00:01:54.467    5 20002     0 devp-iso-mmx[isoTX2]: DEVCTL:Queue has been flushed. First Packet cleared
Jan 01 00:01:54.467    5 20002     0 devp-iso-mmx[isoTX2]: DEVCTL: START: Max queue size set to 12032 (64 blocks)
Jan 01 00:01:54.502    5 16013   1459 vpeCore[wait.c:43]: [Resource_BlockWait] /dev/mmpm already available !
Jan 01 00:01:54.507    5 16303     1 vpeCore[smmu_lib.c:388]: Waiting for events from the Server
Jan 01 00:01:54.519    5 20002     0 devp-iso-mmx[isoTX2]: io_close: id=3, handle=-1, rcvID=-1
Jan 01 00:01:54.561    5 20002     0 devp-iso-mmx[isoTX2]: io_open: id=3, flags=0x00008002
Jan 01 00:01:54.563    5 20002     0 devp-iso-mmx[isoTX2]: DEVCTL:Queue has been flushed. First Packet cleared
Jan 01 00:01:54.568    5 20002     0 devp-iso-mmx[isoTX2]: DEVCTL: START: Max queue size set to 12032 (64 blocks)
Jan 01 00:01:54.618    5 16013   1459 vpeCore[wait.c:43]: [Resource_BlockWait] /dev/mmpm already available !
Jan 01 00:01:54.626    5 16303     1 vpeCore[smmu_lib.c:388]: Waiting for events from the Server
Jan 01 00:01:54.638    5 20002     0 devp-iso-mmx[isoTX2]: io_close: id=3, handle=-1, rcvID=-1
Jan 01 00:01:54.681    5 20002     0 devp-iso-mmx[isoTX2]: io_open: id=3, flags=0x00008002
Jan 01 00:01:54.687    5 20002     0 devp-iso-mmx[isoTX2]: DEVCTL:Queue has been flushed. First Packet cleared
Jan 01 00:01:54.687    5 20002     0 devp-iso-mmx[isoTX2]: DEVCTL: START: Max queue size set to 12032 (64 blocks)
Jan 01 00:01:54.723    5 16013   1459 vpeCore[wait.c:43]: [Resource_BlockWait] /dev/mmpm already available !
Jan 01 00:01:54.732    5 16303     1 vpeCore[smmu_lib.c:388]: Waiting for events from the Server
Jan 01 00:01:54.743    5 20002     0 devp-iso-mmx[isoTX2]: io_close: id=3, handle=-1, rcvID=-1
Jan 01 00:01:54.763    2 13103     0 io-audio[deva_srf_session.c:619]: DEVA: session_deva_timer_thread: Calling timer_settime() on <deva_timer_play_ann3_dio_ann>, where <ns_old=  15998400> and <ns_new=  15998000>
Jan 01 00:01:54.801    5 20002     0 devp-iso-mmx[isoTX2]: io_open: id=3, flags=0x00008002
Jan 01 00:01:54.806    5 20002     0 devp-iso-mmx[isoTX2]: DEVCTL:Queue has been flushed. First Packet cleared
Jan 01 00:01:54.807    5 20002     0 devp-iso-mmx[isoTX2]: DEVCTL: START: Max queue size set to 12032 (64 blocks)
Jan 01 00:01:54.844    5 16013   1459 vpeCore[wait.c:43]: [Resource_BlockWait] /dev/mmpm already available !
Jan 01 00:01:54.854    5 16303     1 vpeCore[smmu_lib.c:388]: Waiting for events from the Server
Jan 01 00:01:54.873    5 20002     0 devp-iso-mmx[isoTX2]: io_close: id=3, handle=-1, rcvID=-1
Jan 01 00:01:54.892    4 10208     0 1970-01-01 12:01:54.890828 AM [AirPlay] <AirPlay> Modes changed: screen controller, mainAudio accessory, speech n/a (none), phone n/a, turns controller
Jan 01 00:01:54.923    5 20002     0 devp-iso-mmx[isoTX2]: io_open: id=3, flags=0x00008002
Jan 01 00:01:54.926    5 20002     0 devp-iso-mmx[isoTX2]: DEVCTL:Queue has been flushed. First Packet cleared
Jan 01 00:01:54.927    5 20002     0 devp-iso-mmx[isoTX2]: DEVCTL: START: Max queue size set to 12032 (64 blocks)
Jan 01 00:01:54.960    5 16013   1459 vpeCore[wait.c:43]: [Resource_BlockWait] /dev/mmpm already available !
Jan 01 00:01:54.968    5 16303     1 vpeCore[smmu_lib.c:388]: Waiting for events from the Server
Jan 01 00:01:54.988    5 20002     0 devp-iso-mmx[isoTX2]: io_close: id=3, handle=-1, rcvID=-1
Jan 01 00:01:55.030    5 20002     0 devp-iso-mmx[isoTX2]: io_open: id=3, flags=0x00008002
Jan 01 00:01:55.038    5 20002     0 devp-iso-mmx[isoTX2]: DEVCTL:Queue has been flushed. First Packet cleared
Jan 01 00:01:55.040    5 20002     0 devp-iso-mmx[isoTX2]: DEVCTL: START: Max queue size set to 12032 (64 blocks)
Jan 01 00:01:55.096    5 16013   1459 vpeCore[wait.c:43]: [Resource_BlockWait] /dev/mmpm already available !
Jan 01 00:01:55.104    5 16303     1 vpeCore[smmu_lib.c:388]: Waiting for events from the Server
Jan 01 00:01:55.111    5 20002     0 devp-iso-mmx[isoTX2]: io_close: id=3, handle=-1, rcvID=-1
Jan 01 00:01:55.142    5 20002     0 devp-iso-mmx[isoTX2]: io_open: id=3, flags=0x00008002
Jan 01 00:01:55.143    5 20002     0 devp-iso-mmx[isoTX2]: DEVCTL:Queue has been flushed. First Packet cleared
Jan 01 00:01:55.144    5 20002     0 devp-iso-mmx[isoTX2]: DEVCTL: START: Max queue size set to 12032 (64 blocks)
Jan 01 00:01:55.191    5 16013   1459 vpeCore[wait.c:43]: [Resource_BlockWait] /dev/mmpm already available !
Jan 01 00:01:55.201    5 16303     1 vpeCore[smmu_lib.c:388]: Waiting for events from the Server
Jan 01 00:01:55.209    5 20002     0 devp-iso-mmx[isoTX2]: io_close: id=3, handle=-1, rcvID=-1
Jan 01 00:01:55.254    5 20002     0 devp-iso-mmx[isoTX2]: io_open: id=3, flags=0x00008002
Jan 01 00:01:55.265    5 20002     0 devp-iso-mmx[isoTX2]: DEVCTL:Queue has been flushed. First Packet cleared
Jan 01 00:01:55.266    5 20002     0 devp-iso-mmx[isoTX2]: DEVCTL: START: Max queue size set to 12032 (64 blocks)
Jan 01 00:01:55.303    5 16013   1459 vpeCore[wait.c:43]: [Resource_BlockWait] /dev/mmpm already available !
Jan 01 00:01:55.307    5 16303     1 vpeCore[smmu_lib.c:388]: Waiting for events from the Server
Jan 01 00:01:55.317    5 20002     0 devp-iso-mmx[isoTX2]: io_close: id=3, handle=-1, rcvID=-1
Jan 01 00:01:55.351    5 20002     0 devp-iso-mmx[isoTX2]: io_open: id=3, flags=0x00008002
Jan 01 00:01:55.355    5 20002     0 devp-iso-mmx[isoTX2]: DEVCTL:Queue has been flushed. First Packet cleared
Jan 01 00:01:55.356    5 20002     0 devp-iso-mmx[isoTX2]: DEVCTL: START: Max queue size set to 12032 (64 blocks)
Jan 01 00:01:55.395    5 16013   1459 vpeCore[wait.c:43]: [Resource_BlockWait] /dev/mmpm already available !
Jan 01 00:01:55.401    5 16303     1 vpeCore[smmu_lib.c:388]: Waiting for events from the Server
Jan 01 00:01:55.412    5 20002     0 devp-iso-mmx[isoTX2]: io_close: id=3, handle=-1, rcvID=-1
Jan 01 00:01:55.463    5 20002     0 devp-iso-mmx[isoTX2]: io_open: id=3, flags=0x00008002
Jan 01 00:01:55.465    5 20002     0 devp-iso-mmx[isoTX2]: DEVCTL:Queue has been flushed. First Packet cleared
Jan 01 00:01:55.466    5 20002     0 devp-iso-mmx[isoTX2]: DEVCTL: START: Max queue size set to 12032 (64 blocks)
Jan 01 00:01:55.507    5 16013   1459 vpeCore[wait.c:43]: [Resource_BlockWait] /dev/mmpm already available !
Jan 01 00:01:55.513    5 16303     1 vpeCore[smmu_lib.c:388]: Waiting for events from the Server
Jan 01 00:01:55.523    5 20002     0 devp-iso-mmx[isoTX2]: io_close: id=3, handle=-1, rcvID=-1
Jan 01 00:01:55.560    5 20002     0 devp-iso-mmx[isoTX2]: io_open: id=3, flags=0x00008002
Jan 01 00:01:55.564    5 20002     0 devp-iso-mmx[isoTX2]: DEVCTL:Queue has been flushed. First Packet cleared
Jan 01 00:01:55.565    5 20002     0 devp-iso-mmx[isoTX2]: DEVCTL: START: Max queue size set to 12032 (64 blocks)
Jan 01 00:01:55.597    5 16013   1459 vpeCore[wait.c:43]: [Resource_BlockWait] /dev/mmpm already available !
Jan 01 00:01:55.605    5 16303     1 vpeCore[smmu_lib.c:388]: Waiting for events from the Server
Jan 01 00:01:55.616    5 20002     0 devp-iso-mmx[isoTX2]: io_close: id=3, handle=-1, rcvID=-1
Jan 01 00:01:55.662    5 20002     0 devp-iso-mmx[isoTX2]: io_open: id=3, flags=0x00008002
Jan 01 00:01:55.666    5 20002     0 devp-iso-mmx[isoTX2]: DEVCTL:Queue has been flushed. First Packet cleared
Jan 01 00:01:55.668    5 20002     0 devp-iso-mmx[isoTX2]: DEVCTL: START: Max queue size set to 12032 (64 blocks)
Jan 01 00:01:55.715    5 16013   1459 vpeCore[wait.c:43]: [Resource_BlockWait] /dev/mmpm already available !
Jan 01 00:01:55.727    5 16303     1 vpeCore[smmu_lib.c:388]: Waiting for events from the Server
Jan 01 00:01:55.739    5 20002     0 devp-iso-mmx[isoTX2]: io_close: id=3, handle=-1, rcvID=-1
Jan 01 00:01:55.781    5 20002     0 devp-iso-mmx[isoTX2]: io_open: id=3, flags=0x00008002
Jan 01 00:01:55.789    5 20002     0 devp-iso-mmx[isoTX2]: DEVCTL:Queue has been flushed. First Packet cleared
Jan 01 00:01:55.790    5 20002     0 devp-iso-mmx[isoTX2]: DEVCTL: START: Max queue size set to 12032 (64 blocks)
Jan 01 00:01:55.842    5 16013   1459 vpeCore[wait.c:43]: [Resource_BlockWait] /dev/mmpm already available !
Jan 01 00:01:55.856    5 16303     1 vpeCore[smmu_lib.c:388]: Waiting for events from the Server
Jan 01 00:01:55.880    5 20002     0 devp-iso-mmx[isoTX2]: io_close: id=3, handle=-1, rcvID=-1
Jan 01 00:01:55.925    5 20002     0 devp-iso-mmx[isoTX2]: io_open: id=3, flags=0x00008002
Jan 01 00:01:55.927    5 20002     0 devp-iso-mmx[isoTX2]: DEVCTL:Queue has been flushed. First Packet cleared
Jan 01 00:01:55.927    5 20002     0 devp-iso-mmx[isoTX2]: DEVCTL: START: Max queue size set to 12032 (64 blocks)
Jan 01 00:01:55.966    5 16013   1459 vpeCore[wait.c:43]: [Resource_BlockWait] /dev/mmpm already available !
Jan 01 00:01:55.974    5 16303     1 vpeCore[smmu_lib.c:388]: Waiting for events from the Server
Jan 01 00:01:55.984    5 20002     0 devp-iso-mmx[isoTX2]: io_close: id=3, handle=-1, rcvID=-1
