[ALTSCREEN] seq=1 epoch_us=26786138 pid=4235391 tid=2 run_id=19700101_000108_18268299 PHASE=HOOK_INIT log=/tmp/MMI-Cockpit-Carplay.altscreen_hook.log profile=observe main=1024x480 cluster=0x0 stream_alt=111
[ALTSCREEN] seq=2 epoch_us=26796210 pid=4235391 tid=2 run_id=19700101_000108_18268299 STATE_ROOT=/mnt/app/root/carplay-altscreen/state app_authoritative=1 log=/tmp/MMI-Cockpit-Carplay.altscreen_hook.log profile=/mnt/app/root/carplay-altscreen/state/IAP2_PROFILE
[ALTSCREEN] seq=3 epoch_us=26796210 pid=4235391 tid=2 run_id=19700101_000108_18268299 PHASE=STATE_ROOT_WAIT result=PASS authority=APP waited_s=0 startup_thread_blocked=0 stock_until_ready=1
[ALTSCREEN] seq=4 epoch_us=26806282 pid=4235391 tid=2 run_id=19700101_000108_18268299 PHASE=STOCK_EXPORT_BIND result=PASS server=1 session=1 control=1 displays=1 process=1 create=1 method=RTLD_NEXT_OR_HANDLE_SCOPED
[ALTSCREEN] seq=5 epoch_us=26806282 pid=4235391 tid=2 run_id=19700101_000108_18268299 PHASE=NATIVE_111_STOCK_BIND config=1 render=1 stream_start=1 screen_copy_main=1 screen_create=1 copy_delegates=1 register_delegates=1 pthread_create=1 pthread_detach=1 spawnl=1 geometry=0
[ALTSCREEN] seq=6 epoch_us=26828440 pid=4235391 tid=2 run_id=19700101_000108_18268299 CF bind rawabi=standard array=1 dict=1 string=1 cfl_cstr3=1 number64=1 callbacks=1/1/1 typeid=1 release=1
[ALTSCREEN] seq=7 epoch_us=26828440 pid=4235391 tid=2 run_id=19700101_000108_18268299 PHASE=AUG22_DYNAMIC_RESOLVER result=PASS resolver=ELF32_ARM_DYNAMIC_RELOCATION symbols=dynsym relocations=R_ARM_GLOB_DAT,R_ARM_JUMP_SLOT transaction=all_or_nothing stock_fail_open=YES persistent_sd_via_boot_recorder=YES
[ALTSCREEN] seq=8 epoch_us=26828440 pid=4235391 tid=2 run_id=19700101_000108_18268299 PHASE=STOCK_INTERNAL_REDIRECT result=PASS slots=16 scope=AUG22_PROFILE_GOT code_bytes_changed=0
[ALTSCREEN] seq=9 epoch_us=26839519 pid=4235391 tid=2 run_id=19700101_000108_18268299 PHASE=RUNTIME_PROCESS_IDENTITY result=PASS process=dio_manager force_start=1 identity_override=DISABLED worker_started=1 stock_until_ready=1
[ALTSCREEN] seq=10 epoch_us=26867720 pid=4235391 tid=2 run_id=19700101_000108_18268299 PHASE=RUNTIME_AUTHORIZATION result=FORCED_BYPASS marker=FORCE_START required_symbol_and_backend_safety_checks=ENFORCED
[ALTSCREEN] seq=11 epoch_us=26877792 pid=4235391 tid=2 run_id=19700101_000108_18268299 PHASE=RUNTIME_PREREQUISITES result=PASS symbols=13 loader_layout=RX_RW
[ALTSCREEN] seq=12 epoch_us=26877792 pid=4235391 tid=2 run_id=19700101_000108_18268299 PHASE=RUNTIME_ABI_IDENTITY result=PASS compatibility_checks=FORCED resolution=DLSYM_REQUIRED_NAMES authorization=FORCED_BYPASS armed=1 mutate=1
[ALTSCREEN] seq=13 epoch_us=26877792 pid=4235391 tid=2 run_id=19700101_000108_18268299 CF bind rawabi=standard array=1 dict=1 string=1 cfl_cstr3=1 number64=1 callbacks=1/1/1 typeid=1 release=1
[ALTSCREEN] seq=14 epoch_us=26877792 pid=4235391 tid=2 run_id=19700101_000108_18268299 PHASE=RUNTIME_FORWARDING_GATE result=PASS libc_forward=1 native_stock=1 nme_exact_io=1
[ALTSCREEN] seq=15 epoch_us=26877792 pid=4235391 tid=2 run_id=19700101_000108_18268299 PHASE=LOG_WRITER_READY mode=bounded_async queue_slots=256 line_bytes=768 max_bytes=16777216 no_truncate=1 deferred_worker=1 startup_thread_blocked=0
[ALTSCREEN] seq=16 epoch_us=26881821 pid=4235391 tid=2 run_id=19700101_000108_18268299 PROFILE file=/mnt/app/root/carplay-altscreen/state/IAP2_PROFILE content=observe resolved=observe modifies=0 pair=0/0 component=none - parse and log only
[ALTSCREEN] seq=17 epoch_us=26911029 pid=4235391 tid=2 run_id=19700101_000108_18268299 CF bind rawabi=standard array=1 dict=1 string=1 cfl_cstr3=1 number64=1 callbacks=1/1/1 typeid=1 release=1
[ALTSCREEN] seq=18 epoch_us=26958367 pid=4235391 tid=2 run_id=19700101_000108_18268299 PHASE=FLAGS_LOADED mutate=1 info=1 feature=1 create111=1 iap2=0
[ALTSCREEN] seq=19 epoch_us=26958367 pid=4235391 tid=2 run_id=19700101_000108_18268299 PHASE=PRIVATE111_BACKEND_READY name=P1404-exact-priv111-two-phase stock_requires_split=1 two_phase=1 abi_verified=1
[ALTSCREEN] seq=20 epoch_us=26958367 pid=4235391 tid=2 run_id=19700101_000108_18268299 PHASE=PRIVATE111_BACKEND_READY backend=P1404-exact-priv111-two-phase two_phase=1 exactHelpers=1 mainIsolation=1 generationFence=1
[ALTSCREEN] seq=21 epoch_us=26958367 pid=4235391 tid=2 run_id=19700101_000108_18268299 PHASE=PRIVATE111_BACKEND_INSTALL_RESULT ready=1 identity=1 create111_armed=1
[ALTSCREEN] seq=22 epoch_us=26983546 pid=4235391 tid=2 run_id=19700101_000108_18268299 PHASE=NATIVE_111_DISPLAY_CANDIDATE index=0 id=4 size=1024x480
[ALTSCREEN] seq=23 epoch_us=26985561 pid=4235391 tid=2 run_id=19700101_000108_18268299 PHASE=NATIVE_111_DISPLAY_CANDIDATE index=1 id=1 size=1440x542
[ALTSCREEN] seq=24 epoch_us=26988582 pid=4235391 tid=2 run_id=19700101_000108_18268299 PHASE=NATIVE_111_GEOMETRY_PUBLISHED display=1 size=1440x542 fixed_fallback=0
[ALTSCREEN] seq=25 epoch_us=26988582 pid=4235391 tid=2 run_id=19700101_000108_18268299 PHASE=NATIVE_111_GEOMETRY_READY target_display=1 size=1440x542 source=SCREEN_PROPERTY_SIZE fixed_fallback=0
[ALTSCREEN] seq=26 epoch_us=26988582 pid=4235391 tid=2 run_id=19700101_000108_18268299 PHASE=RUNTIME_GEOMETRY_GATE result=PASS attempts=1 startup_thread_blocked=0 fixed_fallback=0
[ALTSCREEN] seq=27 epoch_us=26988582 pid=4235391 tid=2 run_id=19700101_000108_18268299 RUNTIME ready process=dio_manager identity=1 armed=1 mutate=1 bearer=1 profile=observe private111_backend=1
[ALTSCREEN] seq=28 epoch_us=26988582 pid=4235391 tid=2 run_id=19700101_000108_18268299 RUNTIME bearer open64=1bbad1c read=1b5c49c write=1b5d1a4 send=78594978 recv=7858c938 close=1b59168 dup=1b59344 nme_create=0 nme_write=0 nme_read=0 nme_delete=0
[ALTSCREEN] seq=1 epoch_us=46566283 pid=5849215 tid=2 run_id=19700101_000108_18268299 PHASE=HOOK_INIT log=/tmp/MMI-Cockpit-Carplay.altscreen_hook.log profile=observe main=1024x480 cluster=0x0 stream_alt=111
[ALTSCREEN] seq=2 epoch_us=46577362 pid=5849215 tid=2 run_id=19700101_000108_18268299 STATE_ROOT=/mnt/app/root/carplay-altscreen/state app_authoritative=1 log=/tmp/MMI-Cockpit-Carplay.altscreen_hook.log profile=/mnt/app/root/carplay-altscreen/state/IAP2_PROFILE
[ALTSCREEN] seq=3 epoch_us=46577362 pid=5849215 tid=2 run_id=19700101_000108_18268299 PHASE=STATE_ROOT_WAIT result=PASS authority=APP waited_s=0 startup_thread_blocked=0 stock_until_ready=1
[ALTSCREEN] seq=4 epoch_us=46584413 pid=5849215 tid=2 run_id=19700101_000108_18268299 PHASE=STOCK_EXPORT_BIND result=PASS server=1 session=1 control=1 displays=1 process=1 create=1 method=RTLD_NEXT_OR_HANDLE_SCOPED
[ALTSCREEN] seq=5 epoch_us=46584413 pid=5849215 tid=2 run_id=19700101_000108_18268299 PHASE=NATIVE_111_STOCK_BIND config=1 render=1 stream_start=1 screen_copy_main=1 screen_create=1 copy_delegates=1 register_delegates=1 pthread_create=1 pthread_detach=1 spawnl=1 geometry=0
[ALTSCREEN] seq=6 epoch_us=46604556 pid=5849215 tid=2 run_id=19700101_000108_18268299 CF bind rawabi=standard array=1 dict=1 string=1 cfl_cstr3=1 number64=1 callbacks=1/1/1 typeid=1 release=1
[ALTSCREEN] seq=7 epoch_us=46604556 pid=5849215 tid=2 run_id=19700101_000108_18268299 PHASE=AUG22_DYNAMIC_RESOLVER result=PASS resolver=ELF32_ARM_DYNAMIC_RELOCATION symbols=dynsym relocations=R_ARM_GLOB_DAT,R_ARM_JUMP_SLOT transaction=all_or_nothing stock_fail_open=YES persistent_sd_via_boot_recorder=YES
[ALTSCREEN] seq=8 epoch_us=46604556 pid=5849215 tid=2 run_id=19700101_000108_18268299 PHASE=STOCK_INTERNAL_REDIRECT result=PASS slots=16 scope=AUG22_PROFILE_GOT code_bytes_changed=0
[ALTSCREEN] seq=9 epoch_us=46626714 pid=5849215 tid=2 run_id=19700101_000108_18268299 PHASE=RUNTIME_PROCESS_IDENTITY result=PASS process=dio_manager force_start=1 identity_override=DISABLED worker_started=1 stock_until_ready=1
[ALTSCREEN] seq=10 epoch_us=46650887 pid=5849215 tid=2 run_id=19700101_000108_18268299 PHASE=RUNTIME_AUTHORIZATION result=FORCED_BYPASS marker=FORCE_START required_symbol_and_backend_safety_checks=ENFORCED
[ALTSCREEN] seq=11 epoch_us=46706282 pid=5849215 tid=2 run_id=19700101_000108_18268299 PHASE=RUNTIME_PREREQUISITES result=PASS symbols=13 loader_layout=RX_RW
[ALTSCREEN] seq=12 epoch_us=46706282 pid=5849215 tid=2 run_id=19700101_000108_18268299 PHASE=RUNTIME_ABI_IDENTITY result=PASS compatibility_checks=FORCED resolution=DLSYM_REQUIRED_NAMES authorization=FORCED_BYPASS armed=1 mutate=1
[ALTSCREEN] seq=13 epoch_us=46707289 pid=5849215 tid=2 run_id=19700101_000108_18268299 CF bind rawabi=standard array=1 dict=1 string=1 cfl_cstr3=1 number64=1 callbacks=1/1/1 typeid=1 release=1
[ALTSCREEN] seq=14 epoch_us=46707289 pid=5849215 tid=2 run_id=19700101_000108_18268299 PHASE=RUNTIME_FORWARDING_GATE result=PASS libc_forward=1 native_stock=1 nme_exact_io=1
[ALTSCREEN] seq=15 epoch_us=46707289 pid=5849215 tid=2 run_id=19700101_000108_18268299 PHASE=LOG_WRITER_READY mode=bounded_async queue_slots=256 line_bytes=768 max_bytes=16777216 no_truncate=1 deferred_worker=1 startup_thread_blocked=0
[ALTSCREEN] seq=16 epoch_us=46708297 pid=5849215 tid=2 run_id=19700101_000108_18268299 PROFILE file=/mnt/app/root/carplay-altscreen/state/IAP2_PROFILE content=observe resolved=observe modifies=0 pair=0/0 component=none - parse and log only
[ALTSCREEN] seq=17 epoch_us=46708297 pid=5849215 tid=2 run_id=19700101_000108_18268299 CF bind rawabi=standard array=1 dict=1 string=1 cfl_cstr3=1 number64=1 callbacks=1/1/1 typeid=1 release=1
[ALTSCREEN] seq=18 epoch_us=46742541 pid=5849215 tid=2 run_id=19700101_000108_18268299 PHASE=FLAGS_LOADED mutate=1 info=1 feature=1 create111=1 iap2=0
[ALTSCREEN] seq=19 epoch_us=46742541 pid=5849215 tid=2 run_id=19700101_000108_18268299 PHASE=PRIVATE111_BACKEND_READY name=P1404-exact-priv111-two-phase stock_requires_split=1 two_phase=1 abi_verified=1
[ALTSCREEN] seq=20 epoch_us=46742541 pid=5849215 tid=2 run_id=19700101_000108_18268299 PHASE=PRIVATE111_BACKEND_READY backend=P1404-exact-priv111-two-phase two_phase=1 exactHelpers=1 mainIsolation=1 generationFence=1
[ALTSCREEN] seq=21 epoch_us=46742541 pid=5849215 tid=2 run_id=19700101_000108_18268299 PHASE=PRIVATE111_BACKEND_INSTALL_RESULT ready=1 identity=1 create111_armed=1
[ALTSCREEN] seq=22 epoch_us=46782828 pid=5849215 tid=2 run_id=19700101_000108_18268299 PHASE=NATIVE_111_DISPLAY_CANDIDATE index=0 id=4 size=1024x480
[ALTSCREEN] seq=23 epoch_us=46783836 pid=5849215 tid=2 run_id=19700101_000108_18268299 PHASE=NATIVE_111_DISPLAY_CANDIDATE index=1 id=1 size=1440x542
[ALTSCREEN] seq=24 epoch_us=46807001 pid=5849215 tid=2 run_id=19700101_000108_18268299 PHASE=NATIVE_111_GEOMETRY_PUBLISHED display=1 size=1440x542 fixed_fallback=0
[ALTSCREEN] seq=25 epoch_us=46807001 pid=5849215 tid=2 run_id=19700101_000108_18268299 PHASE=NATIVE_111_GEOMETRY_READY target_display=1 size=1440x542 source=SCREEN_PROPERTY_SIZE fixed_fallback=0
[ALTSCREEN] seq=26 epoch_us=46807001 pid=5849215 tid=2 run_id=19700101_000108_18268299 PHASE=RUNTIME_GEOMETRY_GATE result=PASS attempts=1 startup_thread_blocked=0 fixed_fallback=0
[ALTSCREEN] seq=27 epoch_us=46807001 pid=5849215 tid=2 run_id=19700101_000108_18268299 RUNTIME ready process=dio_manager identity=1 armed=1 mutate=1 bearer=1 profile=observe private111_backend=1
[ALTSCREEN] seq=28 epoch_us=46807001 pid=5849215 tid=2 run_id=19700101_000108_18268299 RUNTIME bearer open64=203ad1c read=1fdc49c write=1fdd1a4 send=78af4978 recv=78aec938 close=1fd9168 dup=1fd9344 nme_create=0 nme_write=0 nme_read=0 nme_delete=0
[ALTSCREEN] seq=1 epoch_us=26141538 pid=4239488 tid=2 run_id=19700101_000108_18268299 PHASE=HOOK_INIT log=/tmp/MMI-Cockpit-Carplay.altscreen_hook.log profile=observe main=1024x480 cluster=0x0 stream_alt=111
[ALTSCREEN] seq=2 epoch_us=26149596 pid=4239488 tid=2 run_id=19700101_000108_18268299 STATE_ROOT=/mnt/app/root/carplay-altscreen/state app_authoritative=1 log=/tmp/MMI-Cockpit-Carplay.altscreen_hook.log profile=/mnt/app/root/carplay-altscreen/state/IAP2_PROFILE
[ALTSCREEN] seq=3 epoch_us=26149596 pid=4239488 tid=2 run_id=19700101_000108_18268299 PHASE=STATE_ROOT_WAIT result=PASS authority=APP waited_s=0 startup_thread_blocked=0 stock_until_ready=1
[ALTSCREEN] seq=4 epoch_us=26161682 pid=4239488 tid=2 run_id=19700101_000108_18268299 PHASE=STOCK_EXPORT_BIND result=PASS server=1 session=1 control=1 displays=1 process=1 create=1 method=RTLD_NEXT_OR_HANDLE_SCOPED
[ALTSCREEN] seq=5 epoch_us=26161682 pid=4239488 tid=2 run_id=19700101_000108_18268299 PHASE=NATIVE_111_STOCK_BIND config=1 render=1 stream_start=1 screen_copy_main=1 screen_create=1 copy_delegates=1 register_delegates=1 pthread_create=1 pthread_detach=1 spawnl=1 geometry=0
[ALTSCREEN] seq=6 epoch_us=26171754 pid=4239488 tid=2 run_id=19700101_000108_18268299 CF bind rawabi=standard array=1 dict=1 string=1 cfl_cstr3=1 number64=1 callbacks=1/1/1 typeid=1 release=1
[ALTSCREEN] seq=7 epoch_us=26171754 pid=4239488 tid=2 run_id=19700101_000108_18268299 PHASE=AUG22_DYNAMIC_RESOLVER result=PASS resolver=ELF32_ARM_DYNAMIC_RELOCATION symbols=dynsym relocations=R_ARM_GLOB_DAT,R_ARM_JUMP_SLOT transaction=all_or_nothing stock_fail_open=YES persistent_sd_via_boot_recorder=YES
[ALTSCREEN] seq=8 epoch_us=26171754 pid=4239488 tid=2 run_id=19700101_000108_18268299 PHASE=STOCK_INTERNAL_REDIRECT result=PASS slots=16 scope=AUG22_PROFILE_GOT code_bytes_changed=0
[ALTSCREEN] seq=9 epoch_us=26181826 pid=4239488 tid=2 run_id=19700101_000108_18268299 PHASE=RUNTIME_PROCESS_IDENTITY result=PASS process=dio_manager force_start=1 identity_override=DISABLED worker_started=1 stock_until_ready=1
[ALTSCREEN] seq=10 epoch_us=26216070 pid=4239488 tid=2 run_id=19700101_000108_18268299 PHASE=RUNTIME_AUTHORIZATION result=FORCED_BYPASS marker=FORCE_START required_symbol_and_backend_safety_checks=ENFORCED
[ALTSCREEN] seq=11 epoch_us=26219091 pid=4239488 tid=2 run_id=19700101_000108_18268299 PHASE=RUNTIME_PREREQUISITES result=PASS symbols=13 loader_layout=RX_RW
[ALTSCREEN] seq=12 epoch_us=26219091 pid=4239488 tid=2 run_id=19700101_000108_18268299 PHASE=RUNTIME_ABI_IDENTITY result=PASS compatibility_checks=FORCED resolution=DLSYM_REQUIRED_NAMES authorization=FORCED_BYPASS armed=1 mutate=1
[ALTSCREEN] seq=13 epoch_us=26219091 pid=4239488 tid=2 run_id=19700101_000108_18268299 CF bind rawabi=standard array=1 dict=1 string=1 cfl_cstr3=1 number64=1 callbacks=1/1/1 typeid=1 release=1
[ALTSCREEN] seq=14 epoch_us=26219091 pid=4239488 tid=2 run_id=19700101_000108_18268299 PHASE=RUNTIME_FORWARDING_GATE result=PASS libc_forward=1 native_stock=1 nme_exact_io=1
[ALTSCREEN] seq=15 epoch_us=26219091 pid=4239488 tid=2 run_id=19700101_000108_18268299 PHASE=LOG_WRITER_READY mode=bounded_async queue_slots=256 line_bytes=768 max_bytes=16777216 no_truncate=1 deferred_worker=1 startup_thread_blocked=0
[ALTSCREEN] seq=16 epoch_us=26225135 pid=4239488 tid=2 run_id=19700101_000108_18268299 PROFILE file=/mnt/app/root/carplay-altscreen/state/IAP2_PROFILE content=observe resolved=observe modifies=0 pair=0/0 component=none - parse and log only
[ALTSCREEN] seq=17 epoch_us=26230171 pid=4239488 tid=2 run_id=19700101_000108_18268299 CF bind rawabi=standard array=1 dict=1 string=1 cfl_cstr3=1 number64=1 callbacks=1/1/1 typeid=1 release=1
[ALTSCREEN] seq=18 epoch_us=26257365 pid=4239488 tid=2 run_id=19700101_000108_18268299 PHASE=FLAGS_LOADED mutate=1 info=1 feature=1 create111=1 iap2=0
[ALTSCREEN] seq=19 epoch_us=26280530 pid=4239488 tid=2 run_id=19700101_000108_18268299 PHASE=PRIVATE111_BACKEND_READY name=P1404-exact-priv111-two-phase stock_requires_split=1 two_phase=1 abi_verified=1
[ALTSCREEN] seq=20 epoch_us=26280530 pid=4239488 tid=2 run_id=19700101_000108_18268299 PHASE=PRIVATE111_BACKEND_READY backend=P1404-exact-priv111-two-phase two_phase=1 exactHelpers=1 mainIsolation=1 generationFence=1
[ALTSCREEN] seq=21 epoch_us=26280530 pid=4239488 tid=2 run_id=19700101_000108_18268299 PHASE=PRIVATE111_BACKEND_INSTALL_RESULT ready=1 identity=1 create111_armed=1
[ALTSCREEN] seq=22 epoch_us=26288587 pid=4239488 tid=2 run_id=19700101_000108_18268299 PHASE=NATIVE_111_DISPLAY_CANDIDATE index=0 id=4 size=1024x480
[ALTSCREEN] seq=23 epoch_us=26288587 pid=4239488 tid=2 run_id=19700101_000108_18268299 PHASE=NATIVE_111_DISPLAY_CANDIDATE index=1 id=1 size=1440x542
[ALTSCREEN] seq=24 epoch_us=26289595 pid=4239488 tid=2 run_id=19700101_000108_18268299 PHASE=NATIVE_111_GEOMETRY_PUBLISHED display=1 size=1440x542 fixed_fallback=0
[ALTSCREEN] seq=25 epoch_us=26289595 pid=4239488 tid=2 run_id=19700101_000108_18268299 PHASE=NATIVE_111_GEOMETRY_READY target_display=1 size=1440x542 source=SCREEN_PROPERTY_SIZE fixed_fallback=0
[ALTSCREEN] seq=26 epoch_us=26289595 pid=4239488 tid=2 run_id=19700101_000108_18268299 PHASE=RUNTIME_GEOMETRY_GATE result=PASS attempts=1 startup_thread_blocked=0 fixed_fallback=0
[ALTSCREEN] seq=27 epoch_us=26289595 pid=4239488 tid=2 run_id=19700101_000108_18268299 RUNTIME ready process=dio_manager identity=1 armed=1 mutate=1 bearer=1 profile=observe private111_backend=1
[ALTSCREEN] seq=28 epoch_us=26289595 pid=4239488 tid=2 run_id=19700101_000108_18268299 RUNTIME bearer open64=190ad1c read=18ac49c write=18ad1a4 send=78204978 recv=781fc938 close=18a9168 dup=18a9344 nme_create=0 nme_write=0 nme_read=0 nme_delete=0
[ALTSCREEN] seq=29 epoch_us=28882094 pid=4239488 tid=39 run_id=19700101_000108_18268299 CALL ServerPlatformCopyProperty self=70b430 lr=78769974 rc=0 thread=39 seq=1 profile=observe
[ALTSCREEN] seq=30 epoch_us=28882094 pid=4239488 tid=39 run_id=19700101_000108_18268299 INFO_STOCK features not an int64 object=0
[ALTSCREEN] seq=31 epoch_us=28882094 pid=4239488 tid=39 run_id=19700101_000108_18268299 CALL ServerPlatformCopyProperty self=70b430 lr=78769974 rc=7191920 thread=39 seq=2 profile=observe
[ALTSCREEN] seq=32 epoch_us=28884108 pid=4239488 tid=39 run_id=19700101_000108_18268299 CALL ServerPlatformCopyProperty self=70b430 lr=78769974 rc=0 thread=39 seq=3 profile=observe
[ALTSCREEN] seq=33 epoch_us=29465255 pid=4239488 tid=41 run_id=19700101_000108_18268299 CALL ServerPlatformCopyProperty self=70b430 lr=78769974 rc=0 thread=41 seq=4 profile=observe
[ALTSCREEN] seq=34 epoch_us=29472305 pid=4239488 tid=41 run_id=19700101_000108_18268299 PHASE=SETUP_REQUEST_ENTER session=41b238 wants_alt=1 alt_descriptor=0 alt_descriptor_count=0 params=239c68 wrapper=outer_session_setup canonical_parser=1
[ALTSCREEN] seq=35 epoch_us=29472305 pid=4239488 tid=41 run_id=19700101_000108_18268299 OBS setup-request-original dict depth=0 count=17
[ALTSCREEN] seq=36 epoch_us=29472305 pid=4239488 tid=41 run_id=19700101_000108_18268299 OBSALL setup-request-original d=0 key=internalBuild type=redacted value=REDACTED
[ALTSCREEN] seq=37 epoch_us=29472305 pid=4239488 tid=41 run_id=19700101_000108_18268299 OBSALL setup-request-original d=0 key=et type=scalar payload=metadata-only
[ALTSCREEN] seq=38 epoch_us=29472305 pid=4239488 tid=41 run_id=19700101_000108_18268299 OBSALL setup-request-original d=0 key=updateSessionRequest type=redacted value=REDACTED
[ALTSCREEN] seq=39 epoch_us=29472305 pid=4239488 tid=41 run_id=19700101_000108_18268299 OBSALL setup-request-original d=0 key=features type=array count=13
[ALTSCREEN] seq=40 epoch_us=29472305 pid=4239488 tid=41 run_id=19700101_000108_18268299 OBS setup-request-original array depth=1 count=13
[ALTSCREEN] seq=41 epoch_us=29472305 pid=4239488 tid=41 run_id=19700101_000108_18268299 OBSALL setup-request-original d=2 key=[] type=string value=uiContext
[ALTSCREEN] seq=42 epoch_us=29472305 pid=4239488 tid=41 run_id=19700101_000108_18268299 OBSALL setup-request-original d=2 key=[] type=string value=viewAreas
[ALTSCREEN] seq=43 epoch_us=29472305 pid=4239488 tid=41 run_id=19700101_000108_18268299 OBSALL setup-request-original d=2 key=[] type=string value=cornerMasks
[ALTSCREEN] seq=44 epoch_us=29472305 pid=4239488 tid=41 run_id=19700101_000108_18268299 OBSALL setup-request-original d=2 key=[] type=string value=focusTransfer
[ALTSCREEN] seq=45 epoch_us=29472305 pid=4239488 tid=41 run_id=19700101_000108_18268299 OBSALL setup-request-original d=2 key=[] type=string value=h.264Level5.1
[ALTSCREEN] seq=46 epoch_us=29472305 pid=4239488 tid=41 run_id=19700101_000108_18268299 OBSALL setup-request-original d=2 key=[] type=string value=mainBuffered
[ALTSCREEN] seq=47 epoch_us=29472305 pid=4239488 tid=41 run_id=19700101_000108_18268299 OBSALL setup-request-original d=2 key=[] type=string value=altScreen
[ALTSCREEN] seq=48 epoch_us=29472305 pid=4239488 tid=41 run_id=19700101_000108_18268299 OBSALL setup-request-original d=2 key=[] type=string value=enhancedSiri
[ALTSCREEN] seq=49 epoch_us=29472305 pid=4239488 tid=41 run_id=19700101_000108_18268299 OBSALL setup-request-original d=2 key=[] type=string value=hevc
[ALTSCREEN] seq=50 epoch_us=29472305 pid=4239488 tid=41 run_id=19700101_000108_18268299 OBSALL setup-request-original d=2 key=[] type=string value=vehicleStateProtocol
[ALTSCREEN] seq=51 epoch_us=29472305 pid=4239488 tid=41 run_id=19700101_000108_18268299 OBSALL setup-request-original d=2 key=[] type=string value=sessionManagement
[ALTSCREEN] seq=52 epoch_us=29472305 pid=4239488 tid=41 run_id=19700101_000108_18268299 OBSALL setup-request-original d=2 key=[] type=string value=logTransfer
[ALTSCREEN] seq=53 epoch_us=29472305 pid=4239488 tid=41 run_id=19700101_000108_18268299 OBSALL setup-request-original d=2 key=[] type=string value=iAPChannel
[ALTSCREEN] seq=54 epoch_us=29472305 pid=4239488 tid=41 run_id=19700101_000108_18268299 OBSALL setup-request-original d=0 key=model type=scalar payload=metadata-only
[ALTSCREEN] seq=55 epoch_us=29472305 pid=4239488 tid=41 run_id=19700101_000108_18268299 OBSALL setup-request-original d=0 key=osName type=scalar payload=metadata-only
[ALTSCREEN] seq=56 epoch_us=29472305 pid=4239488 tid=41 run_id=19700101_000108_18268299 OBSALL setup-request-original d=0 key=deviceID type=redacted value=REDACTED
[ALTSCREEN] seq=57 epoch_us=29472305 pid=4239488 tid=41 run_id=19700101_000108_18268299 OBSALL setup-request-original d=0 key=name type=scalar payload=metadata-only
[ALTSCREEN] seq=58 epoch_us=29472305 pid=4239488 tid=41 run_id=19700101_000108_18268299 OBSALL setup-request-original d=0 key=diagnosticsAndUsage type=redacted value=REDACTED
[ALTSCREEN] seq=59 epoch_us=29472305 pid=4239488 tid=41 run_id=19700101_000108_18268299 OBSALL setup-request-original d=0 key=sessionCorrelationUUID type=redacted value=REDACTED
[ALTSCREEN] seq=60 epoch_us=29472305 pid=4239488 tid=41 run_id=19700101_000108_18268299 OBSALL setup-request-original d=0 key=timingPort type=redacted value=REDACTED
[ALTSCREEN] seq=61 epoch_us=29472305 pid=4239488 tid=41 run_id=19700101_000108_18268299 OBSALL setup-request-original d=0 key=sessionUUID type=redacted value=REDACTED
[ALTSCREEN] seq=62 epoch_us=29472305 pid=4239488 tid=41 run_id=19700101_000108_18268299 OBSALL setup-request-original d=0 key=statsCollectionEnabled type=redacted value=REDACTED
[ALTSCREEN] seq=63 epoch_us=29472305 pid=4239488 tid=41 run_id=19700101_000108_18268299 OBSALL setup-request-original d=0 key=osVersion type=redacted value=REDACTED
[ALTSCREEN] seq=64 epoch_us=29472305 pid=4239488 tid=41 run_id=19700101_000108_18268299 OBSALL setup-request-original d=0 key=macAddress type=scalar payload=metadata-only
[ALTSCREEN] seq=65 epoch_us=29472305 pid=4239488 tid=41 run_id=19700101_000108_18268299 OBSALL setup-request-original d=0 key=osBuildVersion type=redacted value=REDACTED
[ALTSCREEN] seq=66 epoch_us=29475327 pid=4239488 tid=41 run_id=19700101_000108_18268299 OBSALL setup-request-original d=0 key=sourceVersion type=redacted value=REDACTED
[ALTSCREEN] seq=67 epoch_us=29475327 pid=4239488 tid=41 run_id=19700101_000108_18268299 PHASE=PHONE_REQUEST_111 PHONE_REQUESTED_ALTSCREEN=YES
[ALTSCREEN] seq=68 epoch_us=29475327 pid=4239488 tid=41 run_id=19700101_000108_18268299 PHASE=SETUP_111_REQUEST create111_armed=1 descriptor=0 count=0 canonical=1
[ALTSCREEN] seq=69 epoch_us=29475327 pid=4239488 tid=41 run_id=19700101_000108_18268299 PHASE=SETUP_STOCK_PREP session=41b238 prep_rc=0 private_policy=0 private_allowed=0 stock_params=239c68 original_params=239c68 owned=0 stock110_protected=0 backend=P1404-exact-priv111-two-phase
[ALTSCREEN] seq=70 epoch_us=29475327 pid=4239488 tid=41 run_id=19700101_000108_18268299 PHASE=SETUP_STOCK_REQUEST strategy=passthrough_or_split_failed params=239c68
[ALTSCREEN] seq=71 epoch_us=29486406 pid=4239488 tid=41 run_id=19700101_000108_18268299 PHASE=SETUP_PLATFORM_NOTIFICATION session=41b238 response_owner=outer_session_setup out_params=0
[ALTSCREEN] seq=72 epoch_us=29489428 pid=4239488 tid=41 run_id=19700101_000108_18268299 CALL SessionSetup self=41b238 lr=7873f734 rc=0 thread=41 seq=5 profile=observe
[ALTSCREEN] seq=73 epoch_us=29489428 pid=4239488 tid=41 run_id=19700101_000108_18268299 PHASE=SETUP_STOCK_RETURN rc=0 response=239b90 wants_alt=1 alt_descriptor=0 prep_rc=0
[ALTSCREEN] seq=74 epoch_us=29489428 pid=4239488 tid=41 run_id=19700101_000108_18268299 OBS setup-response-stock dict depth=0 count=2
[ALTSCREEN] seq=75 epoch_us=29489428 pid=4239488 tid=41 run_id=19700101_000108_18268299 OBSALL setup-response-stock d=0 key=eventPort type=int value=5001
[ALTSCREEN] seq=76 epoch_us=29490435 pid=4239488 tid=41 run_id=19700101_000108_18268299 OBSALL setup-response-stock d=0 key=timingPort type=redacted value=REDACTED
[ALTSCREEN] seq=77 epoch_us=29490435 pid=4239488 tid=41 run_id=19700101_000108_18268299 PHASE=SETUP_RESPONSE_PATCH enabledFeatures=created alt=1 viewAreas=1 count=2 set=1
[ALTSCREEN] seq=78 epoch_us=29490435 pid=4239488 tid=41 run_id=19700101_000108_18268299 PHASE=SETUP_FEATURE_NEGOTIATION receiver=41b238 requested=1 feature_property_advertised=0 display_published=0 geometry_preflight=1 response_patched=1 descriptor_phase=0 backend_ready=1
[ALTSCREEN] seq=79 epoch_us=29490435 pid=4239488 tid=41 run_id=19700101_000108_18268299 PHASE=SETUP_ALT_ACCEPTED ALT_FEATURE_NEGOTIATED=YES proof=enabledFeatures_intersection
[ALTSCREEN] seq=80 epoch_us=29490435 pid=4239488 tid=41 run_id=19700101_000108_18268299 OBS setup-response-final dict depth=0 count=3
[ALTSCREEN] seq=81 epoch_us=29490435 pid=4239488 tid=41 run_id=19700101_000108_18268299 OBSALL setup-response-final d=0 key=eventPort type=int value=5001
[ALTSCREEN] seq=82 epoch_us=29490435 pid=4239488 tid=41 run_id=19700101_000108_18268299 OBSALL setup-response-final d=0 key=timingPort type=redacted value=REDACTED
[ALTSCREEN] seq=83 epoch_us=29490435 pid=4239488 tid=41 run_id=19700101_000108_18268299 OBSALL setup-response-final d=0 key=enabledFeatures type=array count=2
[ALTSCREEN] seq=84 epoch_us=29490435 pid=4239488 tid=41 run_id=19700101_000108_18268299 OBS setup-response-final array depth=1 count=2
[ALTSCREEN] seq=85 epoch_us=29490435 pid=4239488 tid=41 run_id=19700101_000108_18268299 OBSALL setup-response-final d=2 key=[] type=string value=altScreen
[ALTSCREEN] seq=86 epoch_us=29490435 pid=4239488 tid=41 run_id=19700101_000108_18268299 OBSALL setup-response-final d=2 key=[] type=string value=viewAreas
[ALTSCREEN] seq=87 epoch_us=29490435 pid=4239488 tid=41 run_id=19700101_000108_18268299 NEGOTIATED probe enabledFeatures array count=2 altScreen=1 viewAreas=1
[ALTSCREEN] seq=88 epoch_us=29530722 pid=4239488 tid=41 run_id=19700101_000108_18268299 CALL ServerPlatformCopyProperty self=70b430 lr=78732b40 rc=4504552 thread=41 seq=6 profile=observe
[ALTSCREEN] seq=89 epoch_us=29533744 pid=4239488 tid=41 run_id=19700101_000108_18268299 CALL ServerPlatformCopyProperty self=70b430 lr=78732af8 rc=4504440 thread=41 seq=7 profile=observe
[ALTSCREEN] seq=90 epoch_us=29536765 pid=4239488 tid=41 run_id=19700101_000108_18268299 CALL ServerPlatformCopyProperty self=70b430 lr=78732258 rc=4503544 thread=41 seq=8 profile=observe
[ALTSCREEN] seq=91 epoch_us=29536765 pid=4239488 tid=41 run_id=19700101_000108_18268299 CALL Screen_CopyDisplaysInfo self=41d898 lr=78d98750 rc=2332792 thread=41 seq=9 profile=observe
[ALTSCREEN] seq=92 epoch_us=29537773 pid=4239488 tid=41 run_id=19700101_000108_18268299 DISPLAYS stock container=239878 is_array=0 count=0
[ALTSCREEN] seq=93 epoch_us=29537773 pid=4239488 tid=41 run_id=19700101_000108_18268299 ALTINFO container not a CFArray typeid=5 left_untouched=1
[ALTSCREEN] seq=94 epoch_us=29537773 pid=4239488 tid=41 run_id=19700101_000108_18268299 DISPLAYS final container=239878 is_array=0 count=0
[ALTSCREEN] seq=95 epoch_us=29547845 pid=4239488 tid=41 run_id=19700101_000108_18268299 CALL SessionPlatformCopyProperty self=41b238 lr=78d98804 rc=2294344 thread=41 seq=10 profile=observe
[ALTSCREEN] seq=96 epoch_us=29548852 pid=4239488 tid=41 run_id=19700101_000108_18268299 DISPLAYS info-stock container=230248 is_array=1 count=1
[ALTSCREEN] seq=97 epoch_us=29548852 pid=4239488 tid=41 run_id=19700101_000108_18268299 ALTAREA existing_display=0 full=1024x480 safeArea=nested initialViewArea=0
[ALTSCREEN] seq=98 epoch_us=29697915 pid=4239488 tid=41 run_id=19700101_000108_18268299 PHASE=NATIVE_111_DISPLAY_CANDIDATE index=0 id=4 size=1024x480
[ALTSCREEN] seq=99 epoch_us=29699930 pid=4239488 tid=41 run_id=19700101_000108_18268299 PHASE=NATIVE_111_DISPLAY_CANDIDATE index=1 id=1 size=1440x542
[ALTSCREEN] seq=100 epoch_us=29701944 pid=4239488 tid=41 run_id=19700101_000108_18268299 PHASE=NATIVE_111_GEOMETRY_PUBLISHED display=1 size=1440x542 fixed_fallback=0
[ALTSCREEN] seq=101 epoch_us=29701944 pid=4239488 tid=41 run_id=19700101_000108_18268299 PHASE=NATIVE_111_GEOMETRY_READY target_display=1 size=1440x542 source=SCREEN_PROPERTY_SIZE fixed_fallback=0
[ALTSCREEN] seq=102 epoch_us=29701944 pid=4239488 tid=41 run_id=19700101_000108_18268299 ALTAREA schema=viewAreas[array] initialViewArea=0 safeArea=nested full=1440x542
[ALTSCREEN] seq=103 epoch_us=29701944 pid=4239488 tid=41 run_id=19700101_000108_18268299 ALTINFO built type=111 1440x542@60 uuid=b7e6c5a0-2222-4000-8000-000000000002 features=0xa input=3 fields=11
[ALTSCREEN] seq=104 epoch_us=29701944 pid=4239488 tid=41 run_id=19700101_000108_18268299 ALTINFO displays 1 -> 2 creator_ref_released_after_retaining_append=1
[ALTSCREEN] seq=105 epoch_us=29701944 pid=4239488 tid=41 run_id=19700101_000108_18268299 PHASE=AIRPLAY_INFO_111 INFO_ALT_DISPLAY=YES streamType=111 uuid=b7e6c5a0-2222-4000-8000-000000000002 geom=1440x542@60
[ALTSCREEN] seq=106 epoch_us=29701944 pid=4239488 tid=41 run_id=19700101_000108_18268299 DISPLAYS info-final container=230248 is_array=1 count=2
[ALTSCREEN] seq=107 epoch_us=29701944 pid=4239488 tid=41 run_id=19700101_000108_18268299 DISPLAYS info-final[1] type=111 is_dict=1 uuid=b7e6c5a0-2222-4000-8000-000000000002
[ALTSCREEN] seq=108 epoch_us=29754318 pid=4239488 tid=41 run_id=19700101_000108_18268299 CALL ServerPlatformCopyProperty self=70b430 lr=78769974 rc=0 thread=41 seq=11 profile=observe
[ALTSCREEN] seq=109 epoch_us=29754318 pid=4239488 tid=41 run_id=19700101_000108_18268299 INFO_STOCK features not an int64 object=0
[ALTSCREEN] seq=110 epoch_us=29756332 pid=4239488 tid=41 run_id=19700101_000108_18268299 CALL ServerPlatformCopyProperty self=70b430 lr=78732360 rc=0 thread=41 seq=12 profile=observe
[ALTSCREEN] seq=111 epoch_us=29758347 pid=4239488 tid=41 run_id=19700101_000108_18268299 CALL ServerPlatformCopyProperty self=70b430 lr=787329fc rc=0 thread=41 seq=13 profile=observe
[ALTSCREEN] seq=112 epoch_us=29758347 pid=4239488 tid=41 run_id=19700101_000108_18268299 CALL SessionPlatformCopyProperty self=41b238 lr=78d98804 rc=4503880 thread=41 seq=14 profile=observe
[ALTSCREEN] seq=113 epoch_us=29764390 pid=4239488 tid=41 run_id=19700101_000108_18268299 CALL ServerPlatformCopyProperty self=70b430 lr=78732438 rc=0 thread=41 seq=15 profile=observe
[ALTSCREEN] seq=114 epoch_us=29768418 pid=4239488 tid=41 run_id=19700101_000108_18268299 CALL ServerPlatformCopyProperty self=70b430 lr=78732508 rc=2313920 thread=41 seq=16 profile=observe
[ALTSCREEN] seq=115 epoch_us=29773454 pid=4239488 tid=41 run_id=19700101_000108_18268299 CALL ServerPlatformCopyProperty self=70b430 lr=78732550 rc=2021428644 thread=41 seq=17 profile=observe
[ALTSCREEN] seq=116 epoch_us=29779498 pid=4239488 tid=41 run_id=19700101_000108_18268299 CALL ServerPlatformCopyProperty self=70b430 lr=78732a3c rc=7297984 thread=41 seq=18 profile=observe
[ALTSCREEN] seq=117 epoch_us=29786548 pid=4239488 tid=41 run_id=19700101_000108_18268299 CALL ServerPlatformCopyProperty self=70b430 lr=787329d8 rc=7298056 thread=41 seq=19 profile=observe
[ALTSCREEN] seq=118 epoch_us=29789569 pid=4239488 tid=41 run_id=19700101_000108_18268299 CALL SessionPlatformCopyProperty self=41b238 lr=78d98804 rc=2332144 thread=41 seq=20 profile=observe
[ALTSCREEN] seq=119 epoch_us=29803670 pid=4239488 tid=41 run_id=19700101_000108_18268299 CALL ServerPlatformCopyProperty self=70b430 lr=787326c4 rc=2021428644 thread=41 seq=21 profile=observe
[ALTSCREEN] seq=120 epoch_us=29943669 pid=4239488 tid=41 run_id=19700101_000108_18268299 CALL ServerPlatformCopyProperty self=70b430 lr=78732744 rc=7349648 thread=41 seq=22 profile=observe
[ALTSCREEN] seq=121 epoch_us=29945683 pid=4239488 tid=41 run_id=19700101_000108_18268299 CALL ServerPlatformCopyProperty self=70b430 lr=78732a7c rc=7298728 thread=41 seq=23 profile=observe
[ALTSCREEN] seq=122 epoch_us=29949712 pid=4239488 tid=41 run_id=19700101_000108_18268299 CALL ServerPlatformCopyProperty self=70b430 lr=78732ad4 rc=7298800 thread=41 seq=24 profile=observe
[ALTSCREEN] seq=123 epoch_us=29953741 pid=4239488 tid=41 run_id=19700101_000108_18268299 CALL ServerPlatformCopyProperty self=70b430 lr=7873284c rc=0 thread=41 seq=25 profile=observe
[ALTSCREEN] seq=124 epoch_us=29957770 pid=4239488 tid=41 run_id=19700101_000108_18268299 CALL ServerPlatformCopyProperty self=70b430 lr=78732b1c rc=7298872 thread=41 seq=26 profile=observe
[ALTSCREEN] seq=125 epoch_us=29959784 pid=4239488 tid=41 run_id=19700101_000108_18268299 CALL ServerPlatformCopyProperty self=70b430 lr=78732910 rc=0 thread=41 seq=27 profile=observe
[ALTSCREEN] seq=126 epoch_us=29959784 pid=4239488 tid=41 run_id=19700101_000108_18268299 CALL ServerPlatformCopyProperty self=70b430 lr=78769974 rc=7349552 thread=41 seq=28 profile=observe
[ALTSCREEN] seq=127 epoch_us=29979928 pid=4239488 tid=41 run_id=19700101_000108_18268299 PHASE=SESSION_START_ENTER receiver=41b238 params=a02694
[ALTSCREEN] seq=128 epoch_us=30003093 pid=4239488 tid=41 run_id=19700101_000108_18268299 CONTROL startSession session=41b238 arg=0
[ALTSCREEN] seq=129 epoch_us=30006115 pid=4239488 tid=41 run_id=19700101_000108_18268299 CALL SessionPlatformControl self=41b238 lr=789ccf74 rc=0 thread=41 seq=29 profile=observe
[ALTSCREEN] seq=130 epoch_us=30029280 pid=4239488 tid=41 run_id=19700101_000108_18268299 PHASE=SESSION_START_RETURN receiver=41b238 rc=0
[ALTSCREEN] seq=131 epoch_us=30111869 pid=4239488 tid=41 run_id=19700101_000108_18268299 CALL ServerPlatformCopyProperty self=70b430 lr=78769974 rc=0 thread=41 seq=30 profile=observe
[ALTSCREEN] seq=132 epoch_us=30118920 pid=4239488 tid=41 run_id=19700101_000108_18268299 PHASE=SETUP_REQUEST_ENTER session=41b238 wants_alt=1 alt_descriptor=239998 alt_descriptor_count=1 params=239b90 wrapper=outer_session_setup canonical_parser=1
[ALTSCREEN] seq=133 epoch_us=30118920 pid=4239488 tid=41 run_id=19700101_000108_18268299 OBS setup-request-original dict depth=0 count=1
[ALTSCREEN] seq=134 epoch_us=30118920 pid=4239488 tid=41 run_id=19700101_000108_18268299 OBSALL setup-request-original d=0 key=streams type=array count=1
[ALTSCREEN] seq=135 epoch_us=30118920 pid=4239488 tid=41 run_id=19700101_000108_18268299 OBS setup-request-original array depth=1 count=1
[ALTSCREEN] seq=136 epoch_us=30118920 pid=4239488 tid=41 run_id=19700101_000108_18268299 OBSALL setup-request-original d=2 key=[] type=dict count=4
[ALTSCREEN] seq=137 epoch_us=30118920 pid=4239488 tid=41 run_id=19700101_000108_18268299 OBS setup-request-original dict depth=3 count=4
[ALTSCREEN] seq=138 epoch_us=30118920 pid=4239488 tid=41 run_id=19700101_000108_18268299 OBSALL setup-request-original d=3 key=uuid type=redacted value=REDACTED
[ALTSCREEN] seq=139 epoch_us=30118920 pid=4239488 tid=41 run_id=19700101_000108_18268299 OBSALL setup-request-original d=3 key=latencyMs type=int value=25
[ALTSCREEN] seq=140 epoch_us=30119927 pid=4239488 tid=41 run_id=19700101_000108_18268299 OBSALL setup-request-original d=3 key=type type=int value=111
[ALTSCREEN] seq=141 epoch_us=30119927 pid=4239488 tid=41 run_id=19700101_000108_18268299 OBS STREAMTYPE tag=setup-request-original seen=111 main=0 alt=1
[ALTSCREEN] seq=142 epoch_us=30119927 pid=4239488 tid=41 run_id=19700101_000108_18268299 OBSALL setup-request-original d=3 key=streamConnectionID type=redacted value=REDACTED
[ALTSCREEN] seq=143 epoch_us=30119927 pid=4239488 tid=41 run_id=19700101_000108_18268299 PHASE=SETUP_111_DESCRIPTOR session=41b238 descriptor=239998 count=1 advertised=1 display_published=1 feature_property_advertised=0 feature_negotiated=1 create111_armed=1 backend_ready=1 backend=P1404-exact-priv111-two-phase
[ALTSCREEN] seq=144 epoch_us=30119927 pid=4239488 tid=41 run_id=19700101_000108_18268299 PHASE=SETUP_111_REQUEST create111_armed=1 descriptor=239998 count=1 canonical=1
[ALTSCREEN] seq=145 epoch_us=30119927 pid=4239488 tid=41 run_id=19700101_000108_18268299 PHASE=SETUP_STOCK_SPLIT receiver=41b238 original=239b90 stock_only=239c68 descriptor=239998 removed=1
[ALTSCREEN] seq=146 epoch_us=30119927 pid=4239488 tid=41 run_id=19700101_000108_18268299 PHASE=STREAM_111_FENCE_BEGIN receiver=41b238 descriptor=239998 generation=1 slot=0
[ALTSCREEN] seq=147 epoch_us=30119927 pid=4239488 tid=41 run_id=19700101_000108_18268299 PHASE=STREAM_111_PREP receiver=41b238 strategy=P1404-exact-priv111-two-phase stock_only_request=239c68 original=239b90 descriptor=239998
[ALTSCREEN] seq=148 epoch_us=30119927 pid=4239488 tid=41 run_id=19700101_000108_18268299 PHASE=SETUP_STOCK_PREP session=41b238 prep_rc=1 private_policy=1 private_allowed=1 stock_params=239c68 original_params=239b90 owned=1 stock110_protected=1 backend=P1404-exact-priv111-two-phase
[ALTSCREEN] seq=149 epoch_us=30119927 pid=4239488 tid=41 run_id=19700101_000108_18268299 OBS setup-request-stock dict depth=0 count=1
[ALTSCREEN] seq=150 epoch_us=30119927 pid=4239488 tid=41 run_id=19700101_000108_18268299 OBSALL setup-request-stock d=0 key=streams type=array count=0
[ALTSCREEN] seq=151 epoch_us=30119927 pid=4239488 tid=41 run_id=19700101_000108_18268299 OBS setup-request-stock array depth=1 count=0
[ALTSCREEN] seq=152 epoch_us=30119927 pid=4239488 tid=41 run_id=19700101_000108_18268299 PHASE=SETUP_PLATFORM_NOTIFICATION session=41b238 response_owner=outer_session_setup out_params=0
[ALTSCREEN] seq=153 epoch_us=30123955 pid=4239488 tid=41 run_id=19700101_000108_18268299 CALL SessionSetup self=41b238 lr=7873f734 rc=0 thread=41 seq=31 profile=observe
[ALTSCREEN] seq=154 epoch_us=30123955 pid=4239488 tid=41 run_id=19700101_000108_18268299 PHASE=SETUP_STOCK_RETURN rc=0 response=239cb0 wants_alt=1 alt_descriptor=239998 prep_rc=1
[ALTSCREEN] seq=155 epoch_us=30123955 pid=4239488 tid=41 run_id=19700101_000108_18268299 OBS setup-response-stock dict depth=0 count=0
[ALTSCREEN] seq=156 epoch_us=30123955 pid=4239488 tid=41 run_id=19700101_000108_18268299 PHASE=STREAM_111_FENCE_COMMIT_ENTER receiver=41b238 descriptor=239998 generation=1 serialized=1
[ALTSCREEN] seq=157 epoch_us=30123955 pid=4239488 tid=41 run_id=19700101_000108_18268299 PHASE=STREAM_111_PREPARE_BEGIN receiver=41b238 descriptor=239998 generation=1 backend=P1404-exact-priv111-two-phase two_phase=1
[ALTSCREEN] seq=158 epoch_us=30123955 pid=4239488 tid=41 run_id=19700101_000108_18268299 PHASE=STREAM_111_CREATE_RETURN receiver=41b238 rc=0 session=41cd40
[ALTSCREEN] seq=159 epoch_us=30127984 pid=4239488 tid=41 run_id=19700101_000108_18268299 PHASE=STREAM_111_SETUP_RETURN receiver=41b238 session=41cd40 rc=0
[ALTSCREEN] seq=160 epoch_us=30127984 pid=4239488 tid=41 run_id=19700101_000108_18268299 PHASE=STREAM_111_SECURITY_DERIVE_CALL receiver=41b238 session=41cd40 conn=10848414163628871025 key_source=receiver+0x1c8
[ALTSCREEN] seq=161 epoch_us=30127984 pid=4239488 tid=41 run_id=19700101_000108_18268299 PHASE=STREAM_111_SECURITY_DERIVE_RETURN receiver=41b238 session=41cd40 return_type=void
[ALTSCREEN] seq=162 epoch_us=30127984 pid=4239488 tid=41 run_id=19700101_000108_18268299 PHASE=STREAM_111_SECURITY_SET_CALL receiver=41b238 session=41cd40
[ALTSCREEN] seq=163 epoch_us=30127984 pid=4239488 tid=41 run_id=19700101_000108_18268299 PHASE=STREAM_111_SECURITY_SET_RETURN receiver=41b238 session=41cd40 rc=0 ctr_ready=1
[ALTSCREEN] seq=164 epoch_us=30140070 pid=4239488 tid=41 run_id=19700101_000108_18268299 PHASE=STREAM_111_LISTENER_OPEN_RETURN rc=0 requested_port=0 bound_port=65502 advertised_port=65502 fd=37 helper=ServerSocketOpen recvbuf=-180224 af=24
[ALTSCREEN] seq=165 epoch_us=38942885 pid=4239488 tid=41 run_id=19700101_000108_18268299 PHASE=STREAM_111_FIREWALL_ADD receiver=41b238 session=41cd40 port=65502 result=OK scope=carplay0_tcp_exact_port before_response=1
[ALTSCREEN] LOG_QUEUE_DROPPED total=1 capacity=255 run_id=19700101_000108_18268299
[ALTSCREEN] seq=166 epoch_us=38942885 pid=4239488 tid=41 run_id=19700101_000108_18268299 PHASE=STREAM_111_PREPARED receiver=41b238 session=41cd40 dataPort=65502 conn=10848414163628871025 startSession=0 stream_pending=1
[ALTSCREEN] seq=167 epoch_us=38942885 pid=4239488 tid=41 run_id=19700101_000108_18268299 PHASE=STREAM_111_SESSION_STAGE id=1 generation=0 receiver=41b238 alt_session=41cd40 stream_pending=1 committed=0 stock110_untouched=1
[ALTSCREEN] seq=168 epoch_us=38943892 pid=4239488 tid=41 run_id=19700101_000108_18268299 PHASE=STREAM_111_WORKER_READY receiver=41b238 session=41cd40 thread=44 blocked_on_accept=1 response_not_merged_yet=1
[ALTSCREEN] seq=169 epoch_us=38943892 pid=4239488 tid=41 run_id=19700101_000108_18268299 PHASE=STREAM_111_WORKER_ARM receiver=41b238 generation=1 alt_session=41cd40 worker_ready=1 accept_pending=1 response_not_merged=1
[ALTSCREEN] seq=170 epoch_us=38943892 pid=4239488 tid=41 run_id=19700101_000108_18268299 PHASE=STREAM_111_RESPONSE_MERGE_BEGIN receiver=41b238 generation=1 stock_response=239cb0 private_response=239c68 two_phase=1
[ALTSCREEN] seq=171 epoch_us=38943892 pid=4239488 tid=41 run_id=19700101_000108_18268299 PHASE=STREAM_111_RESPONSE_NORMALIZE response=239cb0 empty_stock_response=1 streams_array_created=1 livi_shape=1
[ALTSCREEN] seq=172 epoch_us=38943892 pid=4239488 tid=41 run_id=19700101_000108_18268299 NEGOTIATED probe streams contains explicit type111=1
[ALTSCREEN] seq=173 epoch_us=38943892 pid=4239488 tid=41 run_id=19700101_000108_18268299 PHASE=STREAM_111_RESPONSE_TXN_READY response=239cb0 private=239c68 streams_merged=1 empty_stock_response=1 enabledFeatures=stock_unchanged_livi_stream_setup stock_objects_retained=1
[ALTSCREEN] seq=174 epoch_us=38943892 pid=4239488 tid=41 run_id=19700101_000108_18268299 PHASE=STREAM_111_SESSION_COMMIT id=1 generation=1 receiver=41b238 alt_session=41cd40 final_response_merged=1 listener_ready=1 stream_pending=1 g5b=0 stock110_untouched=1
[ALTSCREEN] seq=175 epoch_us=38943892 pid=4239488 tid=41 run_id=19700101_000108_18268299 PHASE=STREAM_111_PRIVATE_READY id=1 generation=1 receiver=41b238 alt_session=41cd40 alt_stream=PENDING backend=P1404-exact-priv111-two-phase final_response_merged=1 listener_worker_ready=1 two_phase=1 stock110_untouched=1
[ALTSCREEN] seq=176 epoch_us=38943892 pid=4239488 tid=41 run_id=19700101_000108_18268299 PHASE=STREAM_111_FENCE_COMMIT_LEAVE receiver=41b238 generation=1 private_rc=1 serialized=1
[ALTSCREEN] seq=177 epoch_us=38943892 pid=4239488 tid=41 run_id=19700101_000108_18268299 PHASE=SETUP_111_FINISH receiver=41b238 id=1 generation=1 session=41cd40 stream=0 private_rc=1 stock_rc=0 response=239cb0 generation_consumed=1
[ALTSCREEN] seq=178 epoch_us=38943892 pid=4239488 tid=41 run_id=19700101_000108_18268299 OBS setup-response-final dict depth=0 count=1
[ALTSCREEN] seq=179 epoch_us=38943892 pid=4239488 tid=41 run_id=19700101_000108_18268299 OBSALL setup-response-final d=0 key=streams type=array count=1
[ALTSCREEN] seq=180 epoch_us=38943892 pid=4239488 tid=41 run_id=19700101_000108_18268299 OBS setup-response-final array depth=1 count=1
[ALTSCREEN] seq=181 epoch_us=38943892 pid=4239488 tid=41 run_id=19700101_000108_18268299 OBSALL setup-response-final d=2 key=[] type=dict count=2
[ALTSCREEN] seq=182 epoch_us=38943892 pid=4239488 tid=41 run_id=19700101_000108_18268299 OBS setup-response-final dict depth=3 count=2
[ALTSCREEN] seq=183 epoch_us=38943892 pid=4239488 tid=41 run_id=19700101_000108_18268299 OBSALL setup-response-final d=3 key=dataPort type=int value=65502
[ALTSCREEN] seq=184 epoch_us=38943892 pid=4239488 tid=41 run_id=19700101_000108_18268299 OBSALL setup-response-final d=3 key=type type=int value=111
[ALTSCREEN] seq=185 epoch_us=38943892 pid=4239488 tid=41 run_id=19700101_000108_18268299 OBS STREAMTYPE tag=setup-response-final seen=111 main=0 alt=1
[ALTSCREEN] seq=186 epoch_us=38944899 pid=4239488 tid=41 run_id=19700101_000108_18268299 NEGOTIATED probe streams contains explicit type111=1
[ALTSCREEN] seq=187 epoch_us=38944899 pid=4239488 tid=41 run_id=19700101_000108_18268299 PHASE=SETUP_111_FINAL_READY receiver=41b238 id=1 generation=1 session=41cd40 stream=0 response=239cb0 type111=1 dataPort_merged=1 stock_rc=0 return_to_phone=1
[ALTSCREEN] seq=188 epoch_us=38952957 pid=4239488 tid=44 run_id=19700101_000108_18268299 PHASE=STREAM_111_ACCEPT_RETURN receiver=41b238 id=1 generation=1 session=41cd40 rc=0 native_fd=39 attempt=1
[ALTSCREEN] seq=189 epoch_us=38953964 pid=4239488 tid=44 run_id=19700101_000108_18268299 PHASE=STREAM_111_FIREWALL_DEFERRED receiver=41b238 session=41cd40 reason=post_accept_keep_until_teardown next=NETSOCKET_CREATE
[ALTSCREEN] seq=190 epoch_us=38956985 pid=4239488 tid=44 run_id=19700101_000108_18268299 PHASE=STREAM_111_NETSOCKET_CREATE_RETURN receiver=41b238 rc=0 native_fd=39 net=245c58
[ALTSCREEN] seq=191 epoch_us=38956985 pid=4239488 tid=44 run_id=19700101_000108_18268299 PHASE=STREAM_111_TIMING_READY receiver=41b238 session=41cd40 source=receiver+0x13d0 callbacks=stock-clock
[ALTSCREEN] seq=192 epoch_us=38957993 pid=4239488 tid=44 run_id=19700101_000108_18268299 PHASE=NATIVE_111_STOCK_BIND config=1 render=1 stream_start=1 screen_copy_main=1 screen_create=1 copy_delegates=1 register_delegates=1 pthread_create=1 pthread_detach=1 spawnl=1 geometry=1
[ALTSCREEN] seq=193 epoch_us=38957993 pid=4239488 tid=44 run_id=19700101_000108_18268299 PHASE=NATIVE_111_START_CLAIM_PREPARE receiver=41b238 owner_thread=44 ready=1 preconfig_attach=1
[ALTSCREEN] seq=194 epoch_us=38957993 pid=4239488 tid=44 run_id=19700101_000108_18268299 PHASE=STREAM_111_START_CALL receiver=41b238 id=1 generation=1 session=41cd40 config=0 livi_direct_type111=1 post_accept=1 preconfig_claim=1
[ALTSCREEN] seq=195 epoch_us=38964036 pid=4239488 tid=41 run_id=19700101_000108_18268299 CONTROL disableBluetooth session=41b238 arg=2397a0
[ALTSCREEN] seq=196 epoch_us=38970079 pid=4239488 tid=41 run_id=19700101_000108_18268299 CALL SessionPlatformControl self=41b238 lr=789ccf74 rc=0 thread=41 seq=32 profile=observe
[ALTSCREEN] seq=197 epoch_us=39051661 pid=4239488 tid=44 run_id=19700101_000108_18268299 PHASE=NATIVE_111_DISPLAY_CANDIDATE index=0 id=4 size=1024x480
[ALTSCREEN] seq=198 epoch_us=39055690 pid=4239488 tid=44 run_id=19700101_000108_18268299 PHASE=NATIVE_111_DISPLAY_CANDIDATE index=1 id=1 size=1440x542
[ALTSCREEN] seq=199 epoch_us=39058711 pid=4239488 tid=44 run_id=19700101_000108_18268299 PHASE=NATIVE_111_GEOMETRY_PUBLISHED display=1 size=1440x542 fixed_fallback=0
[ALTSCREEN] seq=200 epoch_us=39058711 pid=4239488 tid=44 run_id=19700101_000108_18268299 PHASE=NATIVE_111_GEOMETRY_READY target_display=1 size=1440x542 source=SCREEN_PROPERTY_SIZE fixed_fallback=0
[ALTSCREEN] seq=201 epoch_us=39058711 pid=4239488 tid=44 run_id=19700101_000108_18268299 ALTAREA schema=viewAreas[array] initialViewArea=0 safeArea=nested full=1440x542
[ALTSCREEN] seq=202 epoch_us=39058711 pid=4239488 tid=44 run_id=19700101_000108_18268299 ALTINFO built type=111 1440x542@60 uuid=b7e6c5a0-2222-4000-8000-000000000002 features=0xa input=3 fields=11
[ALTSCREEN] seq=203 epoch_us=39058711 pid=4239488 tid=44 run_id=19700101_000108_18268299 PHASE=NATIVE_111_PRIVATE_SCREEN_COPY receiver=41b238 owner_thread=44 screen=245520 type=111 runtime_object=ScreenCreate delegates=stock_main geometry=runtime_display1 stock_main_mutated=0
[ALTSCREEN] seq=204 epoch_us=39066769 pid=4239488 tid=41 run_id=19700101_000108_18268299 CONTROL suggestUI session=41b238 arg=2397a0
[ALTSCREEN] seq=205 epoch_us=39073819 pid=4239488 tid=44 run_id=19700101_000108_18268299 PHASE=NATIVE_111_STOCK_BIND config=1 render=1 stream_start=1 screen_copy_main=1 screen_create=1 copy_delegates=1 register_delegates=1 pthread_create=1 pthread_detach=1 spawnl=1 geometry=1
[ALTSCREEN] seq=206 epoch_us=39073819 pid=4239488 tid=44 run_id=19700101_000108_18268299 PHASE=NATIVE_111_ATTACH_STAGE receiver=41b238 stream=8c24c8 video_impl=726ed8 renderer_before_start=245d08 generation=1 state_generation=1 requested_geometry=1440x542 first_config_pending=1
[ALTSCREEN] seq=207 epoch_us=39074826 pid=4239488 tid=44 run_id=19700101_000108_18268299 PHASE=NATIVE_111_PRECONFIG_ATTACH receiver=41b238 stream=8c24c8 result=STAGED stock_start_called=1 main110_untouched=1
[ALTSCREEN] seq=208 epoch_us=39082884 pid=4239488 tid=41 run_id=19700101_000108_18268299 CALL SessionPlatformControl self=41b238 lr=789ccf74 rc=-6714 thread=41 seq=33 profile=observe
[ALTSCREEN] seq=209 epoch_us=39082884 pid=4239488 tid=41 run_id=19700101_000108_18268299 PHASE=SUGGEST_UI_ACCEPTED session=41b238 stock_rc=-6714 return_rc=0 policy=LIVI_NOOP urls_not_shown=1
[ALTSCREEN] seq=210 epoch_us=39093963 pid=4239488 tid=41 run_id=19700101_000108_18268299 CALL ServerPlatformCopyProperty self=70b430 lr=78769974 rc=0 thread=41 seq=34 profile=observe
[ALTSCREEN] seq=211 epoch_us=39095977 pid=4239488 tid=41 run_id=19700101_000108_18268299 PHASE=SETUP_REQUEST_ENTER session=41b238 wants_alt=0 alt_descriptor=0 alt_descriptor_count=0 params=2397a0 wrapper=outer_session_setup canonical_parser=1
[ALTSCREEN] seq=212 epoch_us=39095977 pid=4239488 tid=41 run_id=19700101_000108_18268299 OBS setup-request-original dict depth=0 count=1
[ALTSCREEN] seq=213 epoch_us=39095977 pid=4239488 tid=41 run_id=19700101_000108_18268299 OBSALL setup-request-original d=0 key=streams type=array count=1
[ALTSCREEN] seq=214 epoch_us=39095977 pid=4239488 tid=41 run_id=19700101_000108_18268299 OBS setup-request-original array depth=1 count=1
[ALTSCREEN] seq=215 epoch_us=39095977 pid=4239488 tid=41 run_id=19700101_000108_18268299 OBSALL setup-request-original d=2 key=[] type=dict count=7
[ALTSCREEN] seq=216 epoch_us=39095977 pid=4239488 tid=41 run_id=19700101_000108_18268299 OBS setup-request-original dict depth=3 count=7
[ALTSCREEN] seq=217 epoch_us=39095977 pid=4239488 tid=41 run_id=19700101_000108_18268299 OBSALL setup-request-original d=3 key=audioType type=redacted value=REDACTED
[ALTSCREEN] seq=218 epoch_us=39095977 pid=4239488 tid=41 run_id=19700101_000108_18268299 OBSALL setup-request-original d=3 key=input type=redacted value=REDACTED
[ALTSCREEN] seq=219 epoch_us=39095977 pid=4239488 tid=41 run_id=19700101_000108_18268299 OBSALL setup-request-original d=3 key=dataPort type=int value=51758
[ALTSCREEN] seq=220 epoch_us=39095977 pid=4239488 tid=41 run_id=19700101_000108_18268299 OBSALL setup-request-original d=3 key=supportsHighAccuracyTimestamps type=redacted value=REDACTED
[ALTSCREEN] seq=221 epoch_us=39095977 pid=4239488 tid=41 run_id=19700101_000108_18268299 OBSALL setup-request-original d=3 key=audioLatencyMs type=redacted value=REDACTED
[ALTSCREEN] seq=222 epoch_us=39095977 pid=4239488 tid=41 run_id=19700101_000108_18268299 OBSALL setup-request-original d=3 key=type type=int value=100
[ALTSCREEN] seq=223 epoch_us=39095977 pid=4239488 tid=41 run_id=19700101_000108_18268299 OBSALL setup-request-original d=3 key=audioFormat type=redacted value=REDACTED
[ALTSCREEN] seq=224 epoch_us=39095977 pid=4239488 tid=41 run_id=19700101_000108_18268299 PHASE=SETUP_STOCK_PREP session=41b238 prep_rc=0 private_policy=0 private_allowed=0 stock_params=2397a0 original_params=2397a0 owned=0 stock110_protected=0 backend=P1404-exact-priv111-two-phase
[ALTSCREEN] seq=225 epoch_us=39095977 pid=4239488 tid=41 run_id=19700101_000108_18268299 PHASE=SETUP_STOCK_REQUEST strategy=passthrough_or_split_failed params=2397a0
[ALTSCREEN] seq=226 epoch_us=39119143 pid=4239488 tid=41 run_id=19700101_000108_18268299 PHASE=SETUP_PLATFORM_NOTIFICATION session=41b238 response_owner=outer_session_setup out_params=0
[ALTSCREEN] seq=227 epoch_us=39489787 pid=4239488 tid=44 run_id=19700101_000108_18268299 PHASE=NATIVE_111_GEOMETRY_APPLIED requested=1440x542 negotiated=1440x542 fixed=0 screen_scaling=0
[ALTSCREEN] seq=228 epoch_us=39607628 pid=4239488 tid=44 run_id=19700101_000108_18268299 PHASE=NATIVE_111_MANAGED_WINDOW receiver=41b238 stream=8c24c8 renderer=245d08 window=245af8 group_skipped=1 manage_rc=0 buffers_rc=0 managed=1 manager=displaymanager stock_buffer_owner=1 compat_decoder_staging=1 direct_sink_window58=0
[ALTSCREEN] seq=229 epoch_us=39607628 pid=4239488 tid=44 run_id=19700101_000108_18268299 PHASE=NATIVE_111_CONFIG_RETURN receiver=41b238 stream=8c24c8 renderer=245d08 rc=0 input=0x0_source_1440x542 output=1440x542_source_1440x542 target=1440x542 geometry_match=1 displayable=58 format=65548 usage=0x484 scaling=0 fixed_geometry=0 dm_managed=1
[ALTSCREEN] seq=230 epoch_us=39608635 pid=4239488 tid=44 run_id=19700101_000108_18268299 PHASE=VIDEO_111_CONFIG_CTX id=1 generation=1 stream=0 proof=stock-omx-cscreen-config-dynamic-geometry-displayable58
[ALTSCREEN] seq=231 epoch_us=39608635 pid=4239488 tid=44 run_id=19700101_000108_18268299 PHASE=VIDEO_111_CONFIG ALT_VIDEO_CONFIG_RX=YES proof=stock-omx-cscreen-config-dynamic-geometry-displayable58
[ALTSCREEN] seq=232 epoch_us=39916835 pid=4239488 tid=44 run_id=19700101_000108_18268299 PHASE=NATIVE_111_ATTACH receiver=41b238 stream=8c24c8 video_impl=726ed8 renderer=245d08 displayable=58 first_config_rewritten=1 main110_untouched=1 capture=0 rfb=0 scaling=0 fixed_geometry=0
[ALTSCREEN] seq=233 epoch_us=39916835 pid=4239488 tid=44 run_id=19700101_000108_18268299  PHASE=NATIVE_111_PRECONFIG_COMPLETE receiver=41b238 stream=8c24c8 stock_rc=0 attached=1 first_config_rewritten=1 main110_untouched=1
[ALTSCREEN] seq=234 epoch_us=39916835 pid=4239488 tid=44 run_id=19700101_000108_18268299 PHASE=NATIVE_111_START_CLAIM_COMPLETE receiver=41b238 owner_thread=44 stream=8c24c8 attached=1 preconfig_attach=1
[ALTSCREEN] seq=235 epoch_us=39916835 pid=4239488 tid=44 run_id=19700101_000108_18268299 PHASE=STREAM_111_START_RETURN receiver=41b238 id=1 generation=1 session=41cd40 rc=0 stream=8c24c8 claimed_stream=8c24c8 preconfig_attached=1 post_accept=1
[ALTSCREEN] seq=236 epoch_us=39916835 pid=4239488 tid=44 run_id=19700101_000108_18268299 PHASE=STREAM_111_STREAM_BOUND id=1 generation=1 receiver=41b238 alt_session=41cd40 alt_stream=8c24c8 post_accept=1 stock110_untouched=1
[ALTSCREEN] seq=237 epoch_us=39916835 pid=4239488 tid=44 run_id=19700101_000108_18268299 PHASE=STREAM_111_PROCESSING_COMMIT id=1 generation=1 receiver=41b238 alt_session=41cd40 alt_stream=8c24c8 accept=1 startSession=1 bound=1 processFrames=STARTING
[ALTSCREEN] seq=238 epoch_us=39916835 pid=4239488 tid=44 run_id=19700101_000108_18268299 PHASE=STREAM_111_READY STREAM_111_SETUP=YES streamType=111
[ALTSCREEN] seq=239 epoch_us=39916835 pid=4239488 tid=44 run_id=19700101_000108_18268299 PHASE=STREAM_111_PROCESSFRAMES_BEGIN receiver=41b238 id=1 generation=1 session=41cd40 stream=8c24c8 net=245c58 timeout_s=30
[ALTSCREEN] seq=240 epoch_us=39926907 pid=4239488 tid=44 run_id=19700101_000108_18268299 PHASE=H264_AVCC_PROPERTY stream=8c24c8 bytes=40 valid=1 nal_length_size=4 sps=1 pps=1 first16=01640020_ffe10015_27640020_ac131450 shm_dependency=NONE
[ALTSCREEN] seq=241 epoch_us=39937986 pid=4239488 tid=44 run_id=19700101_000108_18268299 STREAM new ptr=8c24c8 thread=44 caller=7873b780 profile=observe
[ALTSCREEN] seq=242 epoch_us=39937986 pid=4239488 tid=44 run_id=19700101_000108_18268299 PHASE=VIDEO_111_FIRST_PAYLOAD receiver=41b238 id=1 generation=1 session=41cd40 stream=8c24c8 bytes=182 annexb_nals=0
[ALTSCREEN] seq=243 epoch_us=39937986 pid=4239488 tid=44 run_id=19700101_000108_18268299 PHASE=VIDEO_111_PROGRESS id=1 generation=1 receiver=41b238 session=41cd40 stream=8c24c8 ALT_VIDEO_BYTES=182 ALT_VIDEO_PACKETS=1 annexb_nals=0 last=182
[ALTSCREEN] seq=244 epoch_us=39937986 pid=4239488 tid=44 run_id=19700101_000108_18268299 PHASE=VIDEO_111_RX ALT_VIDEO_RX=1 ALT_VIDEO_BYTES=182 ALT_VIDEO_PACKETS=1 last=182
[ALTSCREEN] seq=245 epoch_us=39945036 pid=4239488 tid=44 run_id=19700101_000108_18268299 PHASE=H264_TAP_SHM_MAPPED name=/carplay111_h264 bytes=4194372 ring=4194304 map=2a300000 old_writer_pid=0 old_generation=0 old_active=0 attempt=1
[ALTSCREEN] seq=246 epoch_us=39953093 pid=4239488 tid=44 run_id=19700101_000108_18268299 PHASE=FRAME_TAP_SHM_MAPPED name=/carplay111_decoded bytes=6291520 slots=3 slot_bytes=2097152 map=2a900000 old_writer_pid=0 old_generation=0 old_active=0 attempt=1
[ALTSCREEN] seq=247 epoch_us=39953093 pid=4239488 tid=44 run_id=19700101_000108_18268299 PHASE=H264_TAP_SESSION_RESET old_writer_pid=0 old_generation=0 old_active=0 new_writer_pid=4239488 generation=1 cookie=0x008c24c8 force=1 ready_published_last=1
[ALTSCREEN] seq=248 epoch_us=39953093 pid=4239488 tid=44 run_id=19700101_000108_18268299 PHASE=H264_TAP_SHM_READY name=/carplay111_h264 writer_pid=4239488 generation=1 active=1
[ALTSCREEN] seq=249 epoch_us=39953093 pid=4239488 tid=44 run_id=19700101_000108_18268299 PHASE=FRAME_TAP_SESSION_RESET old_writer_pid=0 old_generation=0 old_active=0 new_writer_pid=4239488 generation=1 cookie=0x008c24c8 force=1 ready_published_last=1
[ALTSCREEN] seq=250 epoch_us=39953093 pid=4239488 tid=44 run_id=19700101_000108_18268299 PHASE=FRAME_TAP_SHM_READY name=/carplay111_decoded writer_pid=4239488 generation=1 active=1
[ALTSCREEN] seq=251 epoch_us=39953093 pid=4239488 tid=44 run_id=19700101_000108_18268299 PHASE=H264_AVCC_CONFIG stream=8c24c8 generation=1 seq=1 bytes=40 nal_length_size=4 sps=1 pps=1 first16=01640020_ffe10015_27640020_ac131450
[ALTSCREEN] seq=252 epoch_us=39953093 pid=4239488 tid=44 run_id=19700101_000108_18268299 PHASE=DIRECT111_TAP_ATTACH stream=8c24c8 generation=1 cookie=0x008c24c8 h264=1 decoded_fallback=1 stock_forward=1 mmap_prot=0x300 session_reset=1 writer_pid=4239488
[ALTSCREEN] seq=253 epoch_us=39953093 pid=4239488 tid=44 run_id=19700101_000108_18268299 PHASE=H264_TAP_FIRST_DATA stream=8c24c8 generation=1 seq=2 bytes=182 format=avcc nal_length_size=4 annexb_nals=0 avcc_nals=1 flags=0xb0 first16=000000b2_25b80040_0093ffd2_87a9cdff
[ALTSCREEN] seq=254 epoch_us=39953093 pid=4239488 tid=44 run_id=19700101_000108_18268299 PHASE=H264_TAP_FIRST_IDR stream=8c24c8 generation=1 seq=2 source=avcc H264_STREAM_VALID=YES
[ALTSCREEN] seq=255 epoch_us=39953093 pid=4239488 tid=44 run_id=19700101_000108_18268299 STREAM data ptr=8c24c8 calls=1 bytes=182 MB=0 sps=0 pps=0 idr=0 other=0
[ALTSCREEN] seq=256 epoch_us=40007482 pid=4239488 tid=47 run_id=19700101_000108_18268299 PHASE=FRAME_LINEARIZER_API backend=screen-read-window context=APPLICATION result=READY
[ALTSCREEN] seq=257 epoch_us=40008489 pid=4239488 tid=47 run_id=19700101_000108_18268299 PHASE=FRAME_NATIVE_WINDOW_METADATA window=245af8 config_format=65548 config_usage=0x484 screen_format=12 screen_usage=0x484 screen_size=1440x542 measured_vendor_format=0x0001000c
[ALTSCREEN] seq=258 epoch_us=40010503 pid=4239488 tid=47 run_id=19700101_000108_18268299 PHASE=FRAME_LINEARIZER_PIXMAP backend=screen-nv12 format=12 size=1440x542 stride=1440 offsets=0,780480,0 usage=0xa result=READY
[ALTSCREEN] seq=259 epoch_us=40024604 pid=4239488 tid=47 run_id=19700101_000108_18268299 PHASE=FRAME_LINEARIZER_PIXEL backend=screen-nv12 detail=LOW accepted=1 reason=valid_uniform_frame
[ALTSCREEN] seq=260 epoch_us=40025611 pid=4239488 tid=47 run_id=19700101_000108_18268299 PHASE=FRAME_TAP_LAYOUT stream=8c24c8 generation=1 buffer=2300020 config_format=12 config_usage=0x484 visible=1440x542 source_layout=qnx_nv12_128x32 source_stride=1536 uv_offset=835584 packed_stride=1440 packed_bytes=1170720 first16=ffffffff_ffffffff_ffffffff_ffffffff
[ALTSCREEN] seq=261 epoch_us=40025611 pid=4239488 tid=47 run_id=19700101_000108_18268299 PHASE=DECODER_FIRST_FRAME backend=stock-omx-tap stream=8c24c8 generation=1 seq=1 format=NV12 size=1440x542 bytes=1170720 source_stride=1536 window58_readback=0
[ALTSCREEN] seq=262 epoch_us=40025611 pid=4239488 tid=47 run_id=19700101_000108_18268299 PHASE=FRAME_LINEARIZER_FIRST_FRAME backend=screen-nv12 source_format=65548 source_usage=0x484 size=1440x542 readback_us=12086 readback_success=1 shm_publish_success=1 output=packed-nv12 window_readback=exact-stock-handle
[ALTSCREEN] seq=263 epoch_us=40025611 pid=4239488 tid=47 run_id=19700101_000108_18268299 PHASE=NATIVE_111_FIRST_REAL_FRAME receiver=41b238 stream=8c24c8 renderer=245d08 generation=1 result=POSTED geometry=1440x542 route_gate=eligible
[ALTSCREEN] seq=264 epoch_us=40060862 pid=4239488 tid=47 run_id=19700101_000108_18268299 PHASE=DECODER_111_CTX_READY id=1 generation=1 stream=8c24c8 proof=private111-stock-omx-three-successful-posts-stock-avcc-config-observed
[ALTSCREEN] seq=265 epoch_us=40060862 pid=4239488 tid=47 run_id=19700101_000108_18268299 PHASE=DECODER_111_READY ALT_DECODER_READY=YES proof=private111-stock-omx-three-successful-posts-stock-avcc-config-observed
[ALTSCREEN] seq=266 epoch_us=40060862 pid=4239488 tid=47 run_id=19700101_000108_18268299 PHASE=NATIVE_111_DECODER_READY receiver=41b238 stream=8c24c8 renderer=245d08 posts=3 sps=0 pps=0 idr=0 negotiated_geometry=1440x542 fixed_geometry=0 bitstream=stock_avcc annexb_observer_optional=1
[ALTSCREEN] seq=267 epoch_us=40766901 pid=4239488 tid=41 run_id=19700101_000108_18268299 CALL SessionSetup self=41b238 lr=7873f734 rc=0 thread=41 seq=35 profile=observe
[ALTSCREEN] seq=268 epoch_us=40766901 pid=4239488 tid=41 run_id=19700101_000108_18268299 PHASE=SETUP_STOCK_RETURN rc=0 response=239cf8 wants_alt=0 alt_descriptor=0 prep_rc=0
[ALTSCREEN] seq=269 epoch_us=40766901 pid=4239488 tid=41 run_id=19700101_000108_18268299 OBS setup-response-stock dict depth=0 count=1
[ALTSCREEN] seq=270 epoch_us=40766901 pid=4239488 tid=41 run_id=19700101_000108_18268299 OBSALL setup-response-stock d=0 key=streams type=array count=1
[ALTSCREEN] seq=271 epoch_us=40766901 pid=4239488 tid=41 run_id=19700101_000108_18268299 OBS setup-response-stock array depth=1 count=1
[ALTSCREEN] seq=272 epoch_us=40766901 pid=4239488 tid=41 run_id=19700101_000108_18268299 OBSALL setup-response-stock d=2 key=[] type=dict count=2
[ALTSCREEN] seq=273 epoch_us=40766901 pid=4239488 tid=41 run_id=19700101_000108_18268299 OBS setup-response-stock dict depth=3 count=2
[ALTSCREEN] seq=274 epoch_us=40766901 pid=4239488 tid=41 run_id=19700101_000108_18268299 OBSALL setup-response-stock d=3 key=dataPort type=int value=7070
[ALTSCREEN] seq=275 epoch_us=40766901 pid=4239488 tid=41 run_id=19700101_000108_18268299 OBSALL setup-response-stock d=3 key=type type=int value=100
[ALTSCREEN] seq=276 epoch_us=40766901 pid=4239488 tid=41 run_id=19700101_000108_18268299 OBS setup-response-final dict depth=0 count=1
[ALTSCREEN] seq=277 epoch_us=40766901 pid=4239488 tid=41 run_id=19700101_000108_18268299 OBSALL setup-response-final d=0 key=streams type=array count=1
[ALTSCREEN] seq=278 epoch_us=40766901 pid=4239488 tid=41 run_id=19700101_000108_18268299 OBS setup-response-final array depth=1 count=1
[ALTSCREEN] seq=279 epoch_us=40766901 pid=4239488 tid=41 run_id=19700101_000108_18268299 OBSALL setup-response-final d=2 key=[] type=dict count=2
[ALTSCREEN] seq=280 epoch_us=40766901 pid=4239488 tid=41 run_id=19700101_000108_18268299 OBS setup-response-final dict depth=3 count=2
[ALTSCREEN] seq=281 epoch_us=40766901 pid=4239488 tid=41 run_id=19700101_000108_18268299 OBSALL setup-response-final d=3 key=dataPort type=int value=7070
[ALTSCREEN] seq=282 epoch_us=40766901 pid=4239488 tid=41 run_id=19700101_000108_18268299 OBSALL setup-response-final d=3 key=type type=int value=100
[ALTSCREEN] seq=283 epoch_us=40787044 pid=4239488 tid=41 run_id=19700101_000108_18268299 CALL ServerPlatformCopyProperty self=70b430 lr=78769974 rc=0 thread=41 seq=36 profile=observe
[ALTSCREEN] seq=284 epoch_us=40788051 pid=4239488 tid=41 run_id=19700101_000108_18268299 PHASE=SETUP_REQUEST_ENTER session=41b238 wants_alt=0 alt_descriptor=0 alt_descriptor_count=0 params=239b90 wrapper=outer_session_setup canonical_parser=1
[ALTSCREEN] seq=285 epoch_us=40788051 pid=4239488 tid=41 run_id=19700101_000108_18268299 OBS setup-request-original dict depth=0 count=1
[ALTSCREEN] seq=286 epoch_us=40788051 pid=4239488 tid=41 run_id=19700101_000108_18268299 OBSALL setup-request-original d=0 key=streams type=array count=1
[ALTSCREEN] seq=287 epoch_us=40788051 pid=4239488 tid=41 run_id=19700101_000108_18268299 OBS setup-request-original array depth=1 count=1
[ALTSCREEN] seq=288 epoch_us=40788051 pid=4239488 tid=41 run_id=19700101_000108_18268299 OBSALL setup-request-original d=2 key=[] type=dict count=4
[ALTSCREEN] seq=289 epoch_us=40788051 pid=4239488 tid=41 run_id=19700101_000108_18268299 OBS setup-request-original dict depth=3 count=4
[ALTSCREEN] seq=290 epoch_us=40788051 pid=4239488 tid=41 run_id=19700101_000108_18268299 OBSALL setup-request-original d=3 key=uuid type=redacted value=REDACTED
[ALTSCREEN] seq=291 epoch_us=40788051 pid=4239488 tid=41 run_id=19700101_000108_18268299 OBSALL setup-request-original d=3 key=latencyMs type=int value=25
[ALTSCREEN] seq=292 epoch_us=40788051 pid=4239488 tid=41 run_id=19700101_000108_18268299 OBSALL setup-request-original d=3 key=type type=int value=110
[ALTSCREEN] seq=293 epoch_us=40788051 pid=4239488 tid=41 run_id=19700101_000108_18268299 OBS STREAMTYPE tag=setup-request-original seen=110 main=1 alt=0
[ALTSCREEN] seq=294 epoch_us=40788051 pid=4239488 tid=41 run_id=19700101_000108_18268299 OBSALL setup-request-original d=3 key=streamConnectionID type=redacted value=REDACTED
[ALTSCREEN] seq=295 epoch_us=40788051 pid=4239488 tid=41 run_id=19700101_000108_18268299 PHASE=SETUP_STOCK_PREP session=41b238 prep_rc=0 private_policy=0 private_allowed=0 stock_params=239b90 original_params=239b90 owned=0 stock110_protected=0 backend=P1404-exact-priv111-two-phase
[ALTSCREEN] seq=296 epoch_us=40788051 pid=4239488 tid=41 run_id=19700101_000108_18268299 PHASE=SETUP_STOCK_REQUEST strategy=passthrough_or_split_failed params=239b90
[ALTSCREEN] seq=297 epoch_us=40793087 pid=4239488 tid=41 run_id=19700101_000108_18268299 PHASE=SETUP_PLATFORM_NOTIFICATION session=41b238 response_owner=outer_session_setup out_params=0
[ALTSCREEN] seq=298 epoch_us=40794095 pid=4239488 tid=41 run_id=19700101_000108_18268299 CALL SessionSetup self=41b238 lr=7873f734 rc=0 thread=41 seq=37 profile=observe
[ALTSCREEN] seq=299 epoch_us=40794095 pid=4239488 tid=41 run_id=19700101_000108_18268299 PHASE=SETUP_STOCK_RETURN rc=0 response=239908 wants_alt=0 alt_descriptor=0 prep_rc=0
[ALTSCREEN] seq=300 epoch_us=40794095 pid=4239488 tid=41 run_id=19700101_000108_18268299 OBS setup-response-stock dict depth=0 count=1
[ALTSCREEN] seq=301 epoch_us=40794095 pid=4239488 tid=41 run_id=19700101_000108_18268299 OBSALL setup-response-stock d=0 key=streams type=array count=1
[ALTSCREEN] seq=302 epoch_us=40794095 pid=4239488 tid=41 run_id=19700101_000108_18268299 OBS setup-response-stock array depth=1 count=1
[ALTSCREEN] seq=303 epoch_us=40794095 pid=4239488 tid=41 run_id=19700101_000108_18268299 OBSALL setup-response-stock d=2 key=[] type=dict count=2
[ALTSCREEN] seq=304 epoch_us=40794095 pid=4239488 tid=41 run_id=19700101_000108_18268299 OBS setup-response-stock dict depth=3 count=2
[ALTSCREEN] seq=305 epoch_us=40794095 pid=4239488 tid=41 run_id=19700101_000108_18268299 OBSALL setup-response-stock d=3 key=dataPort type=int value=6030
[ALTSCREEN] seq=306 epoch_us=40794095 pid=4239488 tid=41 run_id=19700101_000108_18268299 OBSALL setup-response-stock d=3 key=type type=int value=110
[ALTSCREEN] seq=307 epoch_us=40794095 pid=4239488 tid=41 run_id=19700101_000108_18268299 OBS STREAMTYPE tag=setup-response-stock seen=110 main=1 alt=0
[ALTSCREEN] seq=308 epoch_us=40794095 pid=4239488 tid=41 run_id=19700101_000108_18268299 OBS setup-response-final dict depth=0 count=1
[ALTSCREEN] seq=309 epoch_us=40794095 pid=4239488 tid=41 run_id=19700101_000108_18268299 OBSALL setup-response-final d=0 key=streams type=array count=1
[ALTSCREEN] seq=310 epoch_us=40794095 pid=4239488 tid=41 run_id=19700101_000108_18268299 OBS setup-response-final array depth=1 count=1
[ALTSCREEN] seq=311 epoch_us=40794095 pid=4239488 tid=41 run_id=19700101_000108_18268299 OBSALL setup-response-final d=2 key=[] type=dict count=2
[ALTSCREEN] seq=312 epoch_us=40794095 pid=4239488 tid=41 run_id=19700101_000108_18268299 OBS setup-response-final dict depth=3 count=2
[ALTSCREEN] seq=313 epoch_us=40794095 pid=4239488 tid=41 run_id=19700101_000108_18268299 OBSALL setup-response-final d=3 key=dataPort type=int value=6030
[ALTSCREEN] seq=314 epoch_us=40794095 pid=4239488 tid=41 run_id=19700101_000108_18268299 OBSALL setup-response-final d=3 key=type type=int value=110
[ALTSCREEN] seq=315 epoch_us=40794095 pid=4239488 tid=41 run_id=19700101_000108_18268299 OBS STREAMTYPE tag=setup-response-final seen=110 main=1 alt=0
[ALTSCREEN] seq=316 epoch_us=40795102 pid=4239488 tid=41 run_id=19700101_000108_18268299 PHASE=ALT111_EVENT_SUBMIT receiver=41b238 stream=0 generation=0 event=showUI uuid=b7e6c5a0-2222-4000-8000-000000000002 url=maps:/car/instrumentcluster/map rc=0 response_callback=1
[ALTSCREEN] seq=317 epoch_us=40796109 pid=4239488 tid=41 run_id=19700101_000108_18268299 PHASE=ALT111_EVENT_SUBMIT receiver=41b238 stream=0 generation=0 event=forceKeyFrame uuid=b7e6c5a0-2222-4000-8000-000000000002 url=- rc=0 response_callback=1
[ALTSCREEN] seq=318 epoch_us=40796109 pid=4239488 tid=41 run_id=19700101_000108_18268299 PHASE=ALT111_REQUEST_AFTER_MAIN receiver=41b238 show_rc=0 keyframe_rc=0 private_stream_required=0
[ALTSCREEN] seq=319 epoch_us=40811217 pid=4239488 tid=39 run_id=19700101_000108_18268299 PHASE=ALT111_EVENT_RESPONSE receiver=41b238 stream=0 generation=0 event=1 status=0 response=239b90
[ALTSCREEN] seq=320 epoch_us=40821289 pid=4239488 tid=41 run_id=19700101_000108_18268299 PHASE=TEARDOWN_PLATFORM_NOTIFICATION session=41b238 lifetime_owner=outer_session_teardown
[ALTSCREEN] seq=321 epoch_us=40858555 pid=4239488 tid=39 run_id=19700101_000108_18268299 PHASE=ALT111_EVENT_RESPONSE receiver=41b238 stream=0 generation=0 event=2 status=0 response=239b90
[ALTSCREEN] seq=322 epoch_us=40922007 pid=4239488 tid=53 run_id=19700101_000108_18268299 PHASE=ALT111_EVENT_SUBMIT receiver=41b238 stream=8c24c8 generation=1 event=showUI uuid=b7e6c5a0-2222-4000-8000-000000000002 url=maps:/car/instrumentcluster/map rc=0 response_callback=1
[ALTSCREEN] seq=323 epoch_us=40940137 pid=4239488 tid=56 run_id=19700101_000108_18268299 PHASE=H264_AVCC_PROPERTY stream=8c2870 bytes=39 valid=1 nal_length_size=4 sps=1 pps=1 first16=0164001f_ffe10014_2764001f_ac131450 shm_dependency=NONE
[ALTSCREEN] seq=324 epoch_us=40943158 pid=4239488 tid=56 run_id=19700101_000108_18268299 STREAM new ptr=8c2870 thread=56 caller=7873b780 profile=observe
[ALTSCREEN] seq=325 epoch_us=40944165 pid=4239488 tid=56 run_id=19700101_000108_18268299 STREAM data ptr=8c2870 calls=1 bytes=25544 MB=0 sps=0 pps=0 idr=0 other=0
[ALTSCREEN] seq=326 epoch_us=40945173 pid=4239488 tid=39 run_id=19700101_000108_18268299 PHASE=ALT111_EVENT_RESPONSE receiver=41b238 stream=8c24c8 generation=1 event=1 status=0 response=239680
[ALTSCREEN] seq=327 epoch_us=40945173 pid=4239488 tid=39 run_id=19700101_000108_18268299 PHASE=ALT_UI_CTX_ACTIVE id=1 generation=1 proof=showUI-alt-uuid-cluster-map-response-status0
[ALTSCREEN] seq=328 epoch_us=40945173 pid=4239488 tid=39 run_id=19700101_000108_18268299 PHASE=ALT_UI_ACTIVE ALT_UI_SHOW_FOCUS=YES proof=showUI-alt-uuid-cluster-map-response-status0
[ALTSCREEN] seq=329 epoch_us=40945173 pid=4239488 tid=39 run_id=19700101_000108_18268299 PHASE=ALT111_EVENT_RESULT receiver=41b238 stream=8c24c8 generation=1 event=1 status=0 response_received=1 accepted=1 applied=1 retry=0
[ALTSCREEN] seq=330 epoch_us=40980424 pid=4239488 tid=44 run_id=19700101_000108_18268299 PHASE=H264_AVCC_CONFIG stream=8c24c8 generation=1 seq=32 bytes=40 nal_length_size=4 sps=1 pps=1 first16=01640020_ffe10015_27640020_ac131450
[ALTSCREEN] seq=331 epoch_us=41060999 pid=4239488 tid=41 run_id=19700101_000108_18268299 PHASE=TEARDOWN_OUTER receiver=41b238 stock_called=1 reason=0 done=0 scope=0
[ALTSCREEN] seq=332 epoch_us=41943295 pid=4239488 tid=53 run_id=19700101_000108_18268299 PHASE=ALT111_EVENT_SUBMIT receiver=41b238 stream=8c24c8 generation=1 event=forceKeyFrame uuid=b7e6c5a0-2222-4000-8000-000000000002 url=- rc=0 response_callback=1
[ALTSCREEN] seq=333 epoch_us=41966460 pid=4239488 tid=39 run_id=19700101_000108_18268299 PHASE=ALT111_EVENT_RESPONSE receiver=41b238 stream=8c24c8 generation=1 event=2 status=0 response=239cf8
[ALTSCREEN] seq=334 epoch_us=41967467 pid=4239488 tid=39 run_id=19700101_000108_18268299 PHASE=ALT111_EVENT_RESULT receiver=41b238 stream=8c24c8 generation=1 event=2 status=0 response_received=1 accepted=1 applied=1 retry=0
[ALTSCREEN] seq=335 epoch_us=41973511 pid=4239488 tid=47 run_id=19700101_000108_18268299 PHASE=H264_AVCC_CONFIG stream=8c24c8 generation=1 seq=75 bytes=40 nal_length_size=4 sps=1 pps=1 first16=01640020_ffe10015_27640020_ac131450
[ALTSCREEN] seq=336 epoch_us=42049050 pid=4239488 tid=44 run_id=19700101_000108_18268299 PHASE=H264_AVCC_CONFIG stream=8c24c8 generation=1 seq=76 bytes=40 nal_length_size=4 sps=1 pps=1 first16=01640020_ffe10015_27640020_ac131450
[ALTSCREEN] seq=337 epoch_us=46413191 pid=4239488 tid=44 run_id=19700101_000108_18268299 PHASE=H264_TAP_PROGRESS stream=8c24c8 generation=1 packets=256 bytes=1925269 seq=256 wraps=0 drops=0 sps=4 pps=4 idr=3 format=avcc
[ALTSCREEN] seq=338 epoch_us=46506859 pid=4239488 tid=44 run_id=19700101_000108_18268299 PHASE=VIDEO_111_PROGRESS id=1 generation=1 receiver=41b238 session=41cd40 stream=8c24c8 ALT_VIDEO_BYTES=1937784 ALT_VIDEO_PACKETS=256 annexb_nals=0 last=3165
[ALTSCREEN] seq=339 epoch_us=46506859 pid=4239488 tid=44 run_id=19700101_000108_18268299 PHASE=VIDEO_111_PROGRESS ALT_VIDEO_BYTES=1937784 ALT_VIDEO_PACKETS=256 last=3165
[ALTSCREEN] seq=340 epoch_us=46558226 pid=4239488 tid=44 run_id=19700101_000108_18268299 STREAM data ptr=8c24c8 calls=257 bytes=1940956 MB=1 sps=0 pps=0 idr=0 other=0
[ALTSCREEN] seq=341 epoch_us=47603686 pid=4239488 tid=47 run_id=19700101_000108_18268299 PHASE=DECODER_PROGRESS backend=stock-omx-tap stream=8c24c8 generation=1 frames=300 seq=300 size=1440x542 source_stride=1536 drops=0
[ALTSCREEN] seq=342 epoch_us=47603686 pid=4239488 tid=47 run_id=19700101_000108_18268299 PHASE=FRAME_LINEARIZER_PROGRESS backend=screen-nv12 readbacks=300 published=300 publish_drops=0 requests=300 failures=0 fallbacks=0 slow_readbacks=0 readback_p50_ms=3 readback_p95_ms=7 readback_max_us=12086 size=1440x542
[ALTSCREEN] seq=343 epoch_us=51625384 pid=4239488 tid=56 run_id=19700101_000108_18268299 STREAM data ptr=8c2870 calls=257 bytes=730380 MB=0 sps=0 pps=0 idr=0 other=0
[ALTSCREEN] seq=344 epoch_us=52611420 pid=4239488 tid=44 run_id=19700101_000108_18268299 PHASE=H264_TAP_PROGRESS stream=8c24c8 generation=1 packets=512 bytes=2736491 seq=512 wraps=0 drops=0 sps=4 pps=4 idr=3 format=avcc
[ALTSCREEN] seq=345 epoch_us=52711131 pid=4239488 tid=44 run_id=19700101_000108_18268299 PHASE=VIDEO_111_PROGRESS id=1 generation=1 receiver=41b238 session=41cd40 stream=8c24c8 ALT_VIDEO_BYTES=2749008 ALT_VIDEO_PACKETS=512 annexb_nals=0 last=3165
[ALTSCREEN] seq=346 epoch_us=52711131 pid=4239488 tid=44 run_id=19700101_000108_18268299 PHASE=VIDEO_111_PROGRESS ALT_VIDEO_BYTES=2749008 ALT_VIDEO_PACKETS=512 last=3165
[ALTSCREEN] seq=347 epoch_us=52755447 pid=4239488 tid=44 run_id=19700101_000108_18268299 STREAM data ptr=8c24c8 calls=513 bytes=2752180 MB=2 sps=0 pps=0 idr=0 other=0
[ALTSCREEN] seq=348 epoch_us=54897734 pid=4239488 tid=47 run_id=19700101_000108_18268299 PHASE=DECODER_PROGRESS backend=stock-omx-tap stream=8c24c8 generation=1 frames=600 seq=600 size=1440x542 source_stride=1536 drops=0
[ALTSCREEN] seq=349 epoch_us=54897734 pid=4239488 tid=47 run_id=19700101_000108_18268299 PHASE=FRAME_LINEARIZER_PROGRESS backend=screen-nv12 readbacks=600 published=600 publish_drops=0 requests=600 failures=0 fallbacks=0 slow_readbacks=0 readback_p50_ms=3 readback_p95_ms=6 readback_max_us=12086 size=1440x542
[ALTSCREEN] seq=350 epoch_us=59033244 pid=4239488 tid=44 run_id=19700101_000108_18268299 PHASE=H264_TAP_PROGRESS stream=8c24c8 generation=1 packets=768 bytes=4225702 seq=768 wraps=1 drops=0 sps=4 pps=4 idr=3 format=avcc
[ALTSCREEN] seq=351 epoch_us=59130941 pid=4239488 tid=44 run_id=19700101_000108_18268299 PHASE=VIDEO_111_PROGRESS id=1 generation=1 receiver=41b238 session=41cd40 stream=8c24c8 ALT_VIDEO_BYTES=4234589 ALT_VIDEO_PACKETS=768 annexb_nals=0 last=5546
[ALTSCREEN] seq=352 epoch_us=59130941 pid=4239488 tid=44 run_id=19700101_000108_18268299 PHASE=VIDEO_111_PROGRESS ALT_VIDEO_BYTES=4234589 ALT_VIDEO_PACKETS=768 last=5546
[ALTSCREEN] seq=353 epoch_us=59178279 pid=4239488 tid=44 run_id=19700101_000108_18268299 STREAM data ptr=8c24c8 calls=769 bytes=4236197 MB=4 sps=0 pps=0 idr=0 other=0
[ALTSCREEN] seq=354 epoch_us=62419407 pid=4239488 tid=47 run_id=19700101_000108_18268299 PHASE=DECODER_PROGRESS backend=stock-omx-tap stream=8c24c8 generation=1 frames=900 seq=900 size=1440x542 source_stride=1536 drops=0
[ALTSCREEN] seq=355 epoch_us=62419407 pid=4239488 tid=47 run_id=19700101_000108_18268299 PHASE=FRAME_LINEARIZER_PROGRESS backend=screen-nv12 readbacks=900 published=900 publish_drops=0 requests=900 failures=0 fallbacks=0 slow_readbacks=0 readback_p50_ms=3 readback_p95_ms=6 readback_max_us=12086 size=1440x542
[ALTSCREEN] seq=356 epoch_us=62593650 pid=4239488 tid=56 run_id=19700101_000108_18268299 STREAM data ptr=8c2870 calls=513 bytes=2865224 MB=2 sps=0 pps=0 idr=0 other=0
[ALTSCREEN] seq=357 epoch_us=65385572 pid=4239488 tid=44 run_id=19700101_000108_18268299 PHASE=H264_TAP_PROGRESS stream=8c24c8 generation=1 packets=1024 bytes=4538944 seq=1024 wraps=1 drops=0 sps=4 pps=4 idr=3 format=avcc
[ALTSCREEN] seq=358 epoch_us=65474205 pid=4239488 tid=44 run_id=19700101_000108_18268299 PHASE=VIDEO_111_PROGRESS id=1 generation=1 receiver=41b238 session=41cd40 stream=8c24c8 ALT_VIDEO_BYTES=4543312 ALT_VIDEO_PACKETS=1024 annexb_nals=0 last=1132
[ALTSCREEN] seq=359 epoch_us=65474205 pid=4239488 tid=44 run_id=19700101_000108_18268299 PHASE=VIDEO_111_PROGRESS ALT_VIDEO_BYTES=4543312 ALT_VIDEO_PACKETS=1024 last=1132
[ALTSCREEN] seq=360 epoch_us=65496363 pid=4239488 tid=44 run_id=19700101_000108_18268299 STREAM data ptr=8c24c8 calls=1025 bytes=4544444 MB=4 sps=0 pps=0 idr=0 other=0
[ALTSCREEN] seq=361 epoch_us=69727556 pid=4239488 tid=47 run_id=19700101_000108_18268299 PHASE=DECODER_PROGRESS backend=stock-omx-tap stream=8c24c8 generation=1 frames=1200 seq=1200 size=1440x542 source_stride=1536 drops=0
[ALTSCREEN] seq=362 epoch_us=69727556 pid=4239488 tid=47 run_id=19700101_000108_18268299 PHASE=FRAME_LINEARIZER_PROGRESS backend=screen-nv12 readbacks=1200 published=1200 publish_drops=0 requests=1200 failures=0 fallbacks=0 slow_readbacks=0 readback_p50_ms=3 readback_p95_ms=6 readback_max_us=12086 size=1440x542
[ALTSCREEN] seq=363 epoch_us=71563657 pid=4239488 tid=44 run_id=19700101_000108_18268299 PHASE=H264_TAP_PROGRESS stream=8c24c8 generation=1 packets=1280 bytes=4832912 seq=1280 wraps=1 drops=0 sps=4 pps=4 idr=3 format=avcc
[ALTSCREEN] seq=364 epoch_us=71661355 pid=4239488 tid=44 run_id=19700101_000108_18268299 PHASE=VIDEO_111_PROGRESS id=1 generation=1 receiver=41b238 session=41cd40 stream=8c24c8 ALT_VIDEO_BYTES=4837262 ALT_VIDEO_PACKETS=1280 annexb_nals=0 last=1128
[ALTSCREEN] seq=365 epoch_us=71662362 pid=4239488 tid=44 run_id=19700101_000108_18268299 PHASE=VIDEO_111_PROGRESS ALT_VIDEO_BYTES=4837262 ALT_VIDEO_PACKETS=1280 last=1128
[ALTSCREEN] seq=366 epoch_us=71676462 pid=4239488 tid=44 run_id=19700101_000108_18268299 STREAM data ptr=8c24c8 calls=1281 bytes=4838389 MB=4 sps=0 pps=0 idr=0 other=0
[ALTSCREEN] seq=367 epoch_us=73328249 pid=4239488 tid=56 run_id=19700101_000108_18268299 STREAM data ptr=8c2870 calls=769 bytes=6818934 MB=6 sps=0 pps=0 idr=0 other=0
[ALTSCREEN] seq=368 epoch_us=75938878 pid=4239488 tid=41 run_id=19700101_000108_18268299 PHASE=TEARDOWN_PLATFORM_NOTIFICATION session=41b238 lifetime_owner=outer_session_teardown
[ALTSCREEN] seq=369 epoch_us=76035568 pid=4239488 tid=41 run_id=19700101_000108_18268299 PHASE=TEARDOWN_OUTER receiver=41b238 stock_called=1 reason=0 done=0 scope=1
[ALTSCREEN] seq=370 epoch_us=76933978 pid=4239488 tid=47 run_id=19700101_000108_18268299 PHASE=DECODER_PROGRESS backend=stock-omx-tap stream=8c24c8 generation=1 frames=1500 seq=1500 size=1440x542 source_stride=1536 drops=0
[ALTSCREEN] seq=371 epoch_us=76933978 pid=4239488 tid=47 run_id=19700101_000108_18268299 PHASE=FRAME_LINEARIZER_PROGRESS backend=screen-nv12 readbacks=1500 published=1500 publish_drops=0 requests=1500 failures=0 fallbacks=0 slow_readbacks=0 readback_p50_ms=3 readback_p95_ms=6 readback_max_us=12086 size=1440x542
[ALTSCREEN] seq=372 epoch_us=77692390 pid=4239488 tid=44 run_id=19700101_000108_18268299 PHASE=H264_TAP_PROGRESS stream=8c24c8 generation=1 packets=1536 bytes=5121640 seq=1536 wraps=1 drops=0 sps=4 pps=4 idr=3 format=avcc
[ALTSCREEN] seq=373 epoch_us=77798145 pid=4239488 tid=44 run_id=19700101_000108_18268299 PHASE=VIDEO_111_PROGRESS id=1 generation=1 receiver=41b238 session=41cd40 stream=8c24c8 ALT_VIDEO_BYTES=5125990 ALT_VIDEO_PACKETS=1536 annexb_nals=0 last=1128
[ALTSCREEN] seq=374 epoch_us=77798145 pid=4239488 tid=44 run_id=19700101_000108_18268299 PHASE=VIDEO_111_PROGRESS ALT_VIDEO_BYTES=5125990 ALT_VIDEO_PACKETS=1536 last=1128
[ALTSCREEN] seq=375 epoch_us=77818289 pid=4239488 tid=44 run_id=19700101_000108_18268299 STREAM data ptr=8c24c8 calls=1537 bytes=5127117 MB=4 sps=0 pps=0 idr=0 other=0
[ALTSCREEN] seq=376 epoch_us=83892633 pid=4239488 tid=44 run_id=19700101_000108_18268299 PHASE=H264_TAP_PROGRESS stream=8c24c8 generation=1 packets=1792 bytes=5423073 seq=1792 wraps=1 drops=0 sps=4 pps=4 idr=3 format=avcc
[ALTSCREEN] seq=377 epoch_us=83992345 pid=4239488 tid=44 run_id=19700101_000108_18268299 PHASE=VIDEO_111_PROGRESS id=1 generation=1 receiver=41b238 session=41cd40 stream=8c24c8 ALT_VIDEO_BYTES=5427515 ALT_VIDEO_PACKETS=1792 annexb_nals=0 last=1152
[ALTSCREEN] seq=378 epoch_us=83992345 pid=4239488 tid=44 run_id=19700101_000108_18268299 PHASE=VIDEO_111_PROGRESS ALT_VIDEO_BYTES=5427515 ALT_VIDEO_PACKETS=1792 last=1152
[ALTSCREEN] seq=379 epoch_us=84014503 pid=4239488 tid=44 run_id=19700101_000108_18268299 STREAM data ptr=8c24c8 calls=1793 bytes=5428664 MB=5 sps=0 pps=0 idr=0 other=0
[ALTSCREEN] seq=380 epoch_us=84221984 pid=4239488 tid=47 run_id=19700101_000108_18268299 PHASE=DECODER_PROGRESS backend=stock-omx-tap stream=8c24c8 generation=1 frames=1800 seq=1800 size=1440x542 source_stride=1536 drops=0
[ALTSCREEN] seq=381 epoch_us=84221984 pid=4239488 tid=47 run_id=19700101_000108_18268299 PHASE=FRAME_LINEARIZER_PROGRESS backend=screen-nv12 readbacks=1800 published=1800 publish_drops=0 requests=1800 failures=0 fallbacks=0 slow_readbacks=0 readback_p50_ms=3 readback_p95_ms=6 readback_max_us=12086 size=1440x542
[ALTSCREEN] seq=382 epoch_us=90183523 pid=4239488 tid=44 run_id=19700101_000108_18268299 PHASE=H264_TAP_PROGRESS stream=8c24c8 generation=1 packets=2048 bytes=5717692 seq=2048 wraps=1 drops=0 sps=4 pps=4 idr=3 format=avcc
[ALTSCREEN] seq=383 epoch_us=90277192 pid=4239488 tid=44 run_id=19700101_000108_18268299 PHASE=VIDEO_111_PROGRESS id=1 generation=1 receiver=41b238 session=41cd40 stream=8c24c8 ALT_VIDEO_BYTES=5722134 ALT_VIDEO_PACKETS=2048 annexb_nals=0 last=1152
[ALTSCREEN] seq=384 epoch_us=90277192 pid=4239488 tid=44 run_id=19700101_000108_18268299 PHASE=VIDEO_111_PROGRESS ALT_VIDEO_BYTES=5722134 ALT_VIDEO_PACKETS=2048 last=1152
[ALTSCREEN] seq=385 epoch_us=90292300 pid=4239488 tid=44 run_id=19700101_000108_18268299 STREAM data ptr=8c24c8 calls=2049 bytes=5723283 MB=5 sps=0 pps=0 idr=0 other=0
[ALTSCREEN] seq=386 epoch_us=91531140 pid=4239488 tid=47 run_id=19700101_000108_18268299 PHASE=DECODER_PROGRESS backend=stock-omx-tap stream=8c24c8 generation=1 frames=2100 seq=2100 size=1440x542 source_stride=1536 drops=0
[ALTSCREEN] seq=387 epoch_us=91531140 pid=4239488 tid=47 run_id=19700101_000108_18268299 PHASE=FRAME_LINEARIZER_PROGRESS backend=screen-nv12 readbacks=2100 published=2100 publish_drops=0 requests=2100 failures=0 fallbacks=0 slow_readbacks=0 readback_p50_ms=3 readback_p95_ms=6 readback_max_us=12086 size=1440x542
[ALTSCREEN] seq=388 epoch_us=96366644 pid=4239488 tid=44 run_id=19700101_000108_18268299 PHASE=H264_TAP_PROGRESS stream=8c24c8 generation=1 packets=2304 bytes=6012305 seq=2304 wraps=1 drops=0 sps=4 pps=4 idr=3 format=avcc
[ALTSCREEN] seq=389 epoch_us=96465349 pid=4239488 tid=44 run_id=19700101_000108_18268299 PHASE=VIDEO_111_PROGRESS id=1 generation=1 receiver=41b238 session=41cd40 stream=8c24c8 ALT_VIDEO_BYTES=6016747 ALT_VIDEO_PACKETS=2304 annexb_nals=0 last=1152
[ALTSCREEN] seq=390 epoch_us=96465349 pid=4239488 tid=44 run_id=19700101_000108_18268299 PHASE=VIDEO_111_PROGRESS ALT_VIDEO_BYTES=6016747 ALT_VIDEO_PACKETS=2304 last=1152
[ALTSCREEN] seq=391 epoch_us=96487507 pid=4239488 tid=44 run_id=19700101_000108_18268299 STREAM data ptr=8c24c8 calls=2305 bytes=6017896 MB=5 sps=0 pps=0 idr=0 other=0
[ALTSCREEN] seq=392 epoch_us=98836267 pid=4239488 tid=47 run_id=19700101_000108_18268299 PHASE=DECODER_PROGRESS backend=stock-omx-tap stream=8c24c8 generation=1 frames=2400 seq=2400 size=1440x542 source_stride=1536 drops=0
[ALTSCREEN] seq=393 epoch_us=98836267 pid=4239488 tid=47 run_id=19700101_000108_18268299 PHASE=FRAME_LINEARIZER_PROGRESS backend=screen-nv12 readbacks=2400 published=2400 publish_drops=0 requests=2400 failures=0 fallbacks=0 slow_readbacks=0 readback_p50_ms=3 readback_p95_ms=6 readback_max_us=12086 size=1440x542
[ALTSCREEN] seq=394 epoch_us=102583003 pid=4239488 tid=44 run_id=19700101_000108_18268299 PHASE=H264_TAP_PROGRESS stream=8c24c8 generation=1 packets=2560 bytes=6306921 seq=2560 wraps=1 drops=0 sps=4 pps=4 idr=3 format=avcc
[ALTSCREEN] seq=395 epoch_us=102679693 pid=4239488 tid=44 run_id=19700101_000108_18268299 PHASE=VIDEO_111_PROGRESS id=1 generation=1 receiver=41b238 session=41cd40 stream=8c24c8 ALT_VIDEO_BYTES=6311363 ALT_VIDEO_PACKETS=2560 annexb_nals=0 last=1152
[ALTSCREEN] seq=396 epoch_us=102679693 pid=4239488 tid=44 run_id=19700101_000108_18268299 PHASE=VIDEO_111_PROGRESS ALT_VIDEO_BYTES=6311363 ALT_VIDEO_PACKETS=2560 last=1152
[ALTSCREEN] seq=397 epoch_us=102696815 pid=4239488 tid=44 run_id=19700101_000108_18268299 STREAM data ptr=8c24c8 calls=2561 bytes=6312512 MB=6 sps=0 pps=0 idr=0 other=0
[ALTSCREEN] seq=398 epoch_us=106163552 pid=4239488 tid=47 run_id=19700101_000108_18268299 PHASE=DECODER_PROGRESS backend=stock-omx-tap stream=8c24c8 generation=1 frames=2700 seq=2700 size=1440x542 source_stride=1536 drops=0
[ALTSCREEN] seq=399 epoch_us=106163552 pid=4239488 tid=47 run_id=19700101_000108_18268299 PHASE=FRAME_LINEARIZER_PROGRESS backend=screen-nv12 readbacks=2700 published=2700 publish_drops=0 requests=2700 failures=0 fallbacks=0 slow_readbacks=0 readback_p50_ms=3 readback_p95_ms=6 readback_max_us=12086 size=1440x542
[ALTSCREEN] seq=400 epoch_us=108816483 pid=4239488 tid=44 run_id=19700101_000108_18268299 PHASE=H264_TAP_PROGRESS stream=8c24c8 generation=1 packets=2816 bytes=6601532 seq=2816 wraps=1 drops=0 sps=4 pps=4 idr=3 format=avcc
[ALTSCREEN] seq=401 epoch_us=108916194 pid=4239488 tid=44 run_id=19700101_000108_18268299 PHASE=VIDEO_111_PROGRESS id=1 generation=1 receiver=41b238 session=41cd40 stream=8c24c8 ALT_VIDEO_BYTES=6605974 ALT_VIDEO_PACKETS=2816 annexb_nals=0 last=1152
[ALTSCREEN] seq=402 epoch_us=108916194 pid=4239488 tid=44 run_id=19700101_000108_18268299 PHASE=VIDEO_111_PROGRESS ALT_VIDEO_BYTES=6605974 ALT_VIDEO_PACKETS=2816 last=1152
[ALTSCREEN] seq=403 epoch_us=108967561 pid=4239488 tid=44 run_id=19700101_000108_18268299 STREAM data ptr=8c24c8 calls=2817 bytes=6607123 MB=6 sps=0 pps=0 idr=0 other=0
[ALTSCREEN] seq=404 epoch_us=112338616 pid=4239488 tid=15 run_id=19700101_000108_18268299 PHASE=STREAM_111_FENCE_CANCEL receiver=41b238 generation=2 reason=outer_session_teardown serialized=1
[ALTSCREEN] seq=405 epoch_us=112338616 pid=4239488 tid=15 run_id=19700101_000108_18268299 PHASE=STREAM_111_TEARDOWN_BEGIN receiver=41b238 id=1 generation=1 alt_session=41cd40 alt_stream=8c24c8 state=5 committed=1 reason=outer_session_teardown
[ALTSCREEN] seq=406 epoch_us=112338616 pid=4239488 tid=15 run_id=19700101_000108_18268299 PHASE=STREAM_111_WORKER_STOP_REQUEST receiver=41b238 session=41cd40 phase=5 worker_started=1 worker_done=0 listener=-1 port=65502
[ALTSCREEN] seq=407 epoch_us=112343652 pid=4239488 tid=15 run_id=19700101_000108_18268299 PHASE=STREAM_111_PROCESSFRAMES_WAKE receiver=41b238 session=41cd40 wake_fd=41 rc=0 message=0x71 length=1
[ALTSCREEN] seq=408 epoch_us=112348688 pid=4239488 tid=44 run_id=19700101_000108_18268299 PHASE=STREAM_111_PROCESSFRAMES_RETURN receiver=41b238 id=1 generation=1 session=41cd40 stream=8c24c8 rc=-6752 stop_requested=1
[ALTSCREEN] seq=409 epoch_us=112582355 pid=4239488 tid=44 run_id=19700101_000108_18268299 PHASE=STREAM_111_STOP_RETURN receiver=41b238 session=41cd40 stop_check=0 worker_owned=1 destroyed=1
[ALTSCREEN] seq=410 epoch_us=112582355 pid=4239488 tid=44 run_id=19700101_000108_18268299 PHASE=DIRECT111_TAP_STOP stream=8c24c8 generation=1 h264_packets=2959 decoded_frames=2955
[ALTSCREEN] seq=411 epoch_us=112589405 pid=4239488 tid=44 run_id=19700101_000108_18268299 PHASE=ALT111_EVENT_SUBMIT receiver=41b238 stream=8c24c8 generation=1 event=stopUI uuid=b7e6c5a0-2222-4000-8000-000000000002 url=- rc=0 response_callback=1
[ALTSCREEN] seq=412 epoch_us=112589405 pid=4239488 tid=44 run_id=19700101_000108_18268299 PHASE=NATIVE_111_DETACH receiver=41b238 stream=8c24c8 restore=0 restored=0
[ALTSCREEN] seq=413 epoch_us=112589405 pid=4239488 tid=44 run_id=19700101_000108_18268299 PHASE=STREAM_111_STREAM_CLEARED id=1 generation=1 receiver=41b238 alt_session=41cd40 old_stream=8c24c8 session_committed=1
[ALTSCREEN] seq=414 epoch_us=112593434 pid=4239488 tid=44 run_id=19700101_000108_18268299 PHASE=STREAM_111_WORKER_DONE receiver=41b238 id=1 generation=1 session=41cd40 phase=6 session_stopped=1 stop_rc=0
[ALTSCREEN] seq=415 epoch_us=112596456 pid=4239488 tid=15 run_id=19700101_000108_18268299 PHASE=STREAM_111_WORKER_JOIN receiver=41b238 session=41cd40 thread=44 rc=0
[ALTSCREEN] seq=416 epoch_us=115176869 pid=4239488 tid=15 run_id=19700101_000108_18268299 PHASE=STREAM_111_FIREWALL_REMOVE session=41cd40 port=65502 reason=teardown_post_session result=OK scope=exact-port
[ALTSCREEN] seq=417 epoch_us=115176869 pid=4239488 tid=15 run_id=19700101_000108_18268299 PHASE=STREAM_111_BACKEND_TEARDOWN_DONE receiver=41b238 session=41cd40 join_rc=0 stop_rc=0 firewall_cleanup_nonfatal=1
[ALTSCREEN] seq=418 epoch_us=115176869 pid=4239488 tid=15 run_id=19700101_000108_18268299 PHASE=ALT_CTX_RELEASE id=1 generation=1 receiver=41b238 alt_session=41cd40 alt_stream=0 state=2 bytes=6774718 packets=2955 sps=0 pps=0 idr=0 decoder=1 cockpit=0
[ALTSCREEN] seq=419 epoch_us=115176869 pid=4239488 tid=15 run_id=19700101_000108_18268299 PHASE=STREAM_111_TEARDOWN_DONE receiver=41b238 id=1 generation=1 session=41cd40 stream=8c24c8 ok=1 state_mapping=cleared reason=outer_session_teardown
[ALTSCREEN] seq=420 epoch_us=115176869 pid=4239488 tid=39 run_id=19700101_000108_18268299 PHASE=STREAM_111_FENCE_CANCEL receiver=41b238 generation=3 reason=outer_session_teardown serialized=1
[ALTSCREEN] seq=421 epoch_us=115179890 pid=4239488 tid=15 run_id=19700101_000108_18268299 PHASE=TEARDOWN_PLATFORM_NOTIFICATION session=41b238 lifetime_owner=outer_session_teardown
[ALTSCREEN] seq=422 epoch_us=115184926 pid=4239488 tid=39 run_id=19700101_000108_18268299 PHASE=TEARDOWN_PLATFORM_NOTIFICATION session=41b238 lifetime_owner=outer_session_teardown
[ALTSCREEN] seq=423 epoch_us=115197013 pid=4239488 tid=15 run_id=19700101_000108_18268299 PHASE=TEARDOWN_OUTER receiver=41b238 stock_called=1 reason=0 done=-1 scope=3
[ALTSCREEN] seq=1 epoch_us=121792073 pid=17756292 tid=2 run_id=19700101_000108_18268299 PHASE=HOOK_INIT log=/tmp/MMI-Cockpit-Carplay.altscreen_hook.log profile=observe main=1024x480 cluster=0x0 stream_alt=111
[ALTSCREEN] seq=2 epoch_us=121813224 pid=17756292 tid=2 run_id=19700101_000108_18268299 STATE_ROOT=/mnt/app/root/carplay-altscreen/state app_authoritative=1 log=/tmp/MMI-Cockpit-Carplay.altscreen_hook.log profile=/mnt/app/root/carplay-altscreen/state/IAP2_PROFILE
[ALTSCREEN] seq=3 epoch_us=121813224 pid=17756292 tid=2 run_id=19700101_000108_18268299 PHASE=STATE_ROOT_WAIT result=PASS authority=APP waited_s=0 startup_thread_blocked=0 stock_until_ready=1
[ALTSCREEN] seq=4 epoch_us=121832361 pid=17756292 tid=2 run_id=19700101_000108_18268299 PHASE=STOCK_EXPORT_BIND result=PASS server=1 session=1 control=1 displays=1 process=1 create=1 method=RTLD_NEXT_OR_HANDLE_SCOPED
[ALTSCREEN] seq=5 epoch_us=121832361 pid=17756292 tid=2 run_id=19700101_000108_18268299 PHASE=NATIVE_111_STOCK_BIND config=1 render=1 stream_start=1 screen_copy_main=1 screen_create=1 copy_delegates=1 register_delegates=1 pthread_create=1 pthread_detach=1 spawnl=1 geometry=0
[ALTSCREEN] seq=6 epoch_us=121846461 pid=17756292 tid=2 run_id=19700101_000108_18268299 CF bind rawabi=standard array=1 dict=1 string=1 cfl_cstr3=1 number64=1 callbacks=1/1/1 typeid=1 release=1
[ALTSCREEN] seq=7 epoch_us=121846461 pid=17756292 tid=2 run_id=19700101_000108_18268299 PHASE=AUG22_DYNAMIC_RESOLVER result=PASS resolver=ELF32_ARM_DYNAMIC_RELOCATION symbols=dynsym relocations=R_ARM_GLOB_DAT,R_ARM_JUMP_SLOT transaction=all_or_nothing stock_fail_open=YES persistent_sd_via_boot_recorder=YES
[ALTSCREEN] seq=8 epoch_us=121846461 pid=17756292 tid=2 run_id=19700101_000108_18268299 PHASE=STOCK_INTERNAL_REDIRECT result=PASS slots=16 scope=AUG22_PROFILE_GOT code_bytes_changed=0
[ALTSCREEN] seq=9 epoch_us=121856533 pid=17756292 tid=2 run_id=19700101_000108_18268299 PHASE=RUNTIME_PROCESS_IDENTITY result=PASS process=dio_manager force_start=1 identity_override=DISABLED worker_started=1 stock_until_ready=1
[ALTSCREEN] seq=10 epoch_us=121880706 pid=17756292 tid=2 run_id=19700101_000108_18268299 PHASE=RUNTIME_AUTHORIZATION result=FORCED_BYPASS marker=FORCE_START required_symbol_and_backend_safety_checks=ENFORCED
[ALTSCREEN] seq=11 epoch_us=121883727 pid=17756292 tid=2 run_id=19700101_000108_18268299 PHASE=RUNTIME_PREREQUISITES result=PASS symbols=13 loader_layout=RX_RW
[ALTSCREEN] seq=12 epoch_us=121883727 pid=17756292 tid=2 run_id=19700101_000108_18268299 PHASE=RUNTIME_ABI_IDENTITY result=PASS compatibility_checks=FORCED resolution=DLSYM_REQUIRED_NAMES authorization=FORCED_BYPASS armed=1 mutate=1
[ALTSCREEN] seq=13 epoch_us=121883727 pid=17756292 tid=2 run_id=19700101_000108_18268299 CF bind rawabi=standard array=1 dict=1 string=1 cfl_cstr3=1 number64=1 callbacks=1/1/1 typeid=1 release=1
[ALTSCREEN] seq=14 epoch_us=121883727 pid=17756292 tid=2 run_id=19700101_000108_18268299 PHASE=RUNTIME_FORWARDING_GATE result=PASS libc_forward=1 native_stock=1 nme_exact_io=1
[ALTSCREEN] seq=15 epoch_us=121883727 pid=17756292 tid=2 run_id=19700101_000108_18268299 PHASE=LOG_WRITER_READY mode=bounded_async queue_slots=256 line_bytes=768 max_bytes=16777216 no_truncate=1 deferred_worker=1 startup_thread_blocked=0
[ALTSCREEN] seq=16 epoch_us=121884734 pid=17756292 tid=2 run_id=19700101_000108_18268299 PROFILE file=/mnt/app/root/carplay-altscreen/state/IAP2_PROFILE content=observe resolved=observe modifies=0 pair=0/0 component=none - parse and log only
[ALTSCREEN] seq=17 epoch_us=121885741 pid=17756292 tid=2 run_id=19700101_000108_18268299 CF bind rawabi=standard array=1 dict=1 string=1 cfl_cstr3=1 number64=1 callbacks=1/1/1 typeid=1 release=1
[ALTSCREEN] seq=18 epoch_us=121929051 pid=17756292 tid=2 run_id=19700101_000108_18268299 PHASE=FLAGS_LOADED mutate=1 info=1 feature=1 create111=1 iap2=0
[ALTSCREEN] seq=19 epoch_us=121947180 pid=17756292 tid=2 run_id=19700101_000108_18268299 PHASE=PRIVATE111_BACKEND_READY name=P1404-exact-priv111-two-phase stock_requires_split=1 two_phase=1 abi_verified=1
[ALTSCREEN] seq=20 epoch_us=121947180 pid=17756292 tid=2 run_id=19700101_000108_18268299 PHASE=PRIVATE111_BACKEND_READY backend=P1404-exact-priv111-two-phase two_phase=1 exactHelpers=1 mainIsolation=1 generationFence=1
[ALTSCREEN] seq=21 epoch_us=121947180 pid=17756292 tid=2 run_id=19700101_000108_18268299 PHASE=PRIVATE111_BACKEND_INSTALL_RESULT ready=1 identity=1 create111_armed=1
[ALTSCREEN] seq=22 epoch_us=121964302 pid=17756292 tid=2 run_id=19700101_000108_18268299 PHASE=NATIVE_111_DISPLAY_CANDIDATE index=0 id=4 size=1024x480
[ALTSCREEN] seq=23 epoch_us=121964302 pid=17756292 tid=2 run_id=19700101_000108_18268299 PHASE=NATIVE_111_DISPLAY_CANDIDATE index=1 id=1 size=1440x542
[ALTSCREEN] seq=24 epoch_us=121965309 pid=17756292 tid=2 run_id=19700101_000108_18268299 PHASE=NATIVE_111_GEOMETRY_PUBLISHED display=1 size=1440x542 fixed_fallback=0
[ALTSCREEN] seq=25 epoch_us=121965309 pid=17756292 tid=2 run_id=19700101_000108_18268299 PHASE=NATIVE_111_GEOMETRY_READY target_display=1 size=1440x542 source=SCREEN_PROPERTY_SIZE fixed_fallback=0
[ALTSCREEN] seq=26 epoch_us=121965309 pid=17756292 tid=2 run_id=19700101_000108_18268299 PHASE=RUNTIME_GEOMETRY_GATE result=PASS attempts=1 startup_thread_blocked=0 fixed_fallback=0
[ALTSCREEN] seq=27 epoch_us=121965309 pid=17756292 tid=2 run_id=19700101_000108_18268299 RUNTIME ready process=dio_manager identity=1 armed=1 mutate=1 bearer=1 profile=observe private111_backend=1
[ALTSCREEN] seq=28 epoch_us=121965309 pid=17756292 tid=2 run_id=19700101_000108_18268299 RUNTIME bearer open64=12fad1c read=129c49c write=129d1a4 send=78644978 recv=7863c938 close=1299168 dup=1299344 nme_create=0 nme_write=0 nme_read=0 nme_delete=0
[ALTSCREEN] seq=29 epoch_us=124046158 pid=17756292 tid=39 run_id=19700101_000108_18268299 CALL ServerPlatformCopyProperty self=3e6430 lr=78129974 rc=0 thread=39 seq=1 profile=observe
[ALTSCREEN] seq=30 epoch_us=124046158 pid=17756292 tid=39 run_id=19700101_000108_18268299 INFO_STOCK features not an int64 object=0
[ALTSCREEN] seq=31 epoch_us=124046158 pid=17756292 tid=39 run_id=19700101_000108_18268299 CALL ServerPlatformCopyProperty self=3e6430 lr=78129974 rc=7235056 thread=39 seq=2 profile=observe
[ALTSCREEN] seq=32 epoch_us=124048172 pid=17756292 tid=39 run_id=19700101_000108_18268299 CALL ServerPlatformCopyProperty self=3e6430 lr=78129974 rc=0 thread=39 seq=3 profile=observe
[ALTSCREEN] seq=33 epoch_us=124538672 pid=17756292 tid=41 run_id=19700101_000108_18268299 CALL ServerPlatformCopyProperty self=3e6430 lr=78129974 rc=0 thread=41 seq=4 profile=observe
[ALTSCREEN] seq=34 epoch_us=124541694 pid=17756292 tid=41 run_id=19700101_000108_18268299 PHASE=SETUP_REQUEST_ENTER session=819ee8 wants_alt=1 alt_descriptor=0 alt_descriptor_count=0 params=6d6cb0 wrapper=outer_session_setup canonical_parser=1
[ALTSCREEN] seq=35 epoch_us=124541694 pid=17756292 tid=41 run_id=19700101_000108_18268299 OBS setup-request-original dict depth=0 count=17
[ALTSCREEN] seq=36 epoch_us=124541694 pid=17756292 tid=41 run_id=19700101_000108_18268299 OBSALL setup-request-original d=0 key=internalBuild type=redacted value=REDACTED
[ALTSCREEN] seq=37 epoch_us=124541694 pid=17756292 tid=41 run_id=19700101_000108_18268299 OBSALL setup-request-original d=0 key=et type=scalar payload=metadata-only
[ALTSCREEN] seq=38 epoch_us=124541694 pid=17756292 tid=41 run_id=19700101_000108_18268299 OBSALL setup-request-original d=0 key=updateSessionRequest type=redacted value=REDACTED
[ALTSCREEN] seq=39 epoch_us=124541694 pid=17756292 tid=41 run_id=19700101_000108_18268299 OBSALL setup-request-original d=0 key=features type=array count=13
[ALTSCREEN] seq=40 epoch_us=124541694 pid=17756292 tid=41 run_id=19700101_000108_18268299 OBS setup-request-original array depth=1 count=13
[ALTSCREEN] seq=41 epoch_us=124541694 pid=17756292 tid=41 run_id=19700101_000108_18268299 OBSALL setup-request-original d=2 key=[] type=string value=uiContext
[ALTSCREEN] seq=42 epoch_us=124541694 pid=17756292 tid=41 run_id=19700101_000108_18268299 OBSALL setup-request-original d=2 key=[] type=string value=viewAreas
[ALTSCREEN] seq=43 epoch_us=124541694 pid=17756292 tid=41 run_id=19700101_000108_18268299 OBSALL setup-request-original d=2 key=[] type=string value=cornerMasks
[ALTSCREEN] seq=44 epoch_us=124541694 pid=17756292 tid=41 run_id=19700101_000108_18268299 OBSALL setup-request-original d=2 key=[] type=string value=focusTransfer
[ALTSCREEN] seq=45 epoch_us=124541694 pid=17756292 tid=41 run_id=19700101_000108_18268299 OBSALL setup-request-original d=2 key=[] type=string value=h.264Level5.1
[ALTSCREEN] seq=46 epoch_us=124541694 pid=17756292 tid=41 run_id=19700101_000108_18268299 OBSALL setup-request-original d=2 key=[] type=string value=mainBuffered
[ALTSCREEN] seq=47 epoch_us=124541694 pid=17756292 tid=41 run_id=19700101_000108_18268299 OBSALL setup-request-original d=2 key=[] type=string value=altScreen
[ALTSCREEN] seq=48 epoch_us=124541694 pid=17756292 tid=41 run_id=19700101_000108_18268299 OBSALL setup-request-original d=2 key=[] type=string value=enhancedSiri
[ALTSCREEN] seq=49 epoch_us=124541694 pid=17756292 tid=41 run_id=19700101_000108_18268299 OBSALL setup-request-original d=2 key=[] type=string value=hevc
[ALTSCREEN] seq=50 epoch_us=124541694 pid=17756292 tid=41 run_id=19700101_000108_18268299 OBSALL setup-request-original d=2 key=[] type=string value=vehicleStateProtocol
[ALTSCREEN] seq=51 epoch_us=124541694 pid=17756292 tid=41 run_id=19700101_000108_18268299 OBSALL setup-request-original d=2 key=[] type=string value=sessionManagement
[ALTSCREEN] seq=52 epoch_us=124541694 pid=17756292 tid=41 run_id=19700101_000108_18268299 OBSALL setup-request-original d=2 key=[] type=string value=logTransfer
[ALTSCREEN] seq=53 epoch_us=124541694 pid=17756292 tid=41 run_id=19700101_000108_18268299 OBSALL setup-request-original d=2 key=[] type=string value=iAPChannel
[ALTSCREEN] seq=54 epoch_us=124541694 pid=17756292 tid=41 run_id=19700101_000108_18268299 OBSALL setup-request-original d=0 key=model type=scalar payload=metadata-only
[ALTSCREEN] seq=55 epoch_us=124541694 pid=17756292 tid=41 run_id=19700101_000108_18268299 OBSALL setup-request-original d=0 key=osName type=scalar payload=metadata-only
[ALTSCREEN] seq=56 epoch_us=124541694 pid=17756292 tid=41 run_id=19700101_000108_18268299 OBSALL setup-request-original d=0 key=deviceID type=redacted value=REDACTED
[ALTSCREEN] seq=57 epoch_us=124541694 pid=17756292 tid=41 run_id=19700101_000108_18268299 OBSALL setup-request-original d=0 key=name type=scalar payload=metadata-only
[ALTSCREEN] seq=58 epoch_us=124541694 pid=17756292 tid=41 run_id=19700101_000108_18268299 OBSALL setup-request-original d=0 key=diagnosticsAndUsage type=redacted value=REDACTED
[ALTSCREEN] seq=59 epoch_us=124541694 pid=17756292 tid=41 run_id=19700101_000108_18268299 OBSALL setup-request-original d=0 key=sessionCorrelationUUID type=redacted value=REDACTED
[ALTSCREEN] seq=60 epoch_us=124541694 pid=17756292 tid=41 run_id=19700101_000108_18268299 OBSALL setup-request-original d=0 key=timingPort type=redacted value=REDACTED
[ALTSCREEN] seq=61 epoch_us=124541694 pid=17756292 tid=41 run_id=19700101_000108_18268299 OBSALL setup-request-original d=0 key=sessionUUID type=redacted value=REDACTED
[ALTSCREEN] seq=62 epoch_us=124541694 pid=17756292 tid=41 run_id=19700101_000108_18268299 OBSALL setup-request-original d=0 key=statsCollectionEnabled type=redacted value=REDACTED
[ALTSCREEN] seq=63 epoch_us=124541694 pid=17756292 tid=41 run_id=19700101_000108_18268299 OBSALL setup-request-original d=0 key=osVersion type=redacted value=REDACTED
[ALTSCREEN] seq=64 epoch_us=124541694 pid=17756292 tid=41 run_id=19700101_000108_18268299 OBSALL setup-request-original d=0 key=macAddress type=scalar payload=metadata-only
[ALTSCREEN] seq=65 epoch_us=124541694 pid=17756292 tid=41 run_id=19700101_000108_18268299 OBSALL setup-request-original d=0 key=osBuildVersion type=redacted value=REDACTED
[ALTSCREEN] seq=66 epoch_us=124541694 pid=17756292 tid=41 run_id=19700101_000108_18268299 OBSALL setup-request-original d=0 key=sourceVersion type=redacted value=REDACTED
[ALTSCREEN] seq=67 epoch_us=124541694 pid=17756292 tid=41 run_id=19700101_000108_18268299 PHASE=PHONE_REQUEST_111 PHONE_REQUESTED_ALTSCREEN=YES
[ALTSCREEN] seq=68 epoch_us=124541694 pid=17756292 tid=41 run_id=19700101_000108_18268299 PHASE=SETUP_111_REQUEST create111_armed=1 descriptor=0 count=0 canonical=1
[ALTSCREEN] seq=69 epoch_us=124541694 pid=17756292 tid=41 run_id=19700101_000108_18268299 PHASE=SETUP_STOCK_PREP session=819ee8 prep_rc=0 private_policy=0 private_allowed=0 stock_params=6d6cb0 original_params=6d6cb0 owned=0 stock110_protected=0 backend=P1404-exact-priv111-two-phase
[ALTSCREEN] seq=70 epoch_us=124541694 pid=17756292 tid=41 run_id=19700101_000108_18268299 PHASE=SETUP_STOCK_REQUEST strategy=passthrough_or_split_failed params=6d6cb0
[ALTSCREEN] seq=71 epoch_us=124552773 pid=17756292 tid=41 run_id=19700101_000108_18268299 PHASE=SETUP_PLATFORM_NOTIFICATION session=819ee8 response_owner=outer_session_setup out_params=0
[ALTSCREEN] seq=72 epoch_us=124555794 pid=17756292 tid=41 run_id=19700101_000108_18268299 CALL SessionSetup self=819ee8 lr=780ff734 rc=0 thread=41 seq=5 profile=observe
[ALTSCREEN] seq=73 epoch_us=124555794 pid=17756292 tid=41 run_id=19700101_000108_18268299 PHASE=SETUP_STOCK_RETURN rc=0 response=6d6bd8 wants_alt=1 alt_descriptor=0 prep_rc=0
[ALTSCREEN] seq=74 epoch_us=124555794 pid=17756292 tid=41 run_id=19700101_000108_18268299 OBS setup-response-stock dict depth=0 count=2
[ALTSCREEN] seq=75 epoch_us=124555794 pid=17756292 tid=41 run_id=19700101_000108_18268299 OBSALL setup-response-stock d=0 key=eventPort type=int value=5001
[ALTSCREEN] seq=76 epoch_us=124555794 pid=17756292 tid=41 run_id=19700101_000108_18268299 OBSALL setup-response-stock d=0 key=timingPort type=redacted value=REDACTED
[ALTSCREEN] seq=77 epoch_us=124555794 pid=17756292 tid=41 run_id=19700101_000108_18268299 PHASE=SETUP_RESPONSE_PATCH enabledFeatures=created alt=1 viewAreas=1 count=2 set=1
[ALTSCREEN] seq=78 epoch_us=124555794 pid=17756292 tid=41 run_id=19700101_000108_18268299 PHASE=SETUP_FEATURE_NEGOTIATION receiver=819ee8 requested=1 feature_property_advertised=0 display_published=0 geometry_preflight=1 response_patched=1 descriptor_phase=0 backend_ready=1
[ALTSCREEN] seq=79 epoch_us=124555794 pid=17756292 tid=41 run_id=19700101_000108_18268299 PHASE=SETUP_ALT_ACCEPTED ALT_FEATURE_NEGOTIATED=YES proof=enabledFeatures_intersection
[ALTSCREEN] seq=80 epoch_us=124555794 pid=17756292 tid=41 run_id=19700101_000108_18268299 OBS setup-response-final dict depth=0 count=3
[ALTSCREEN] seq=81 epoch_us=124555794 pid=17756292 tid=41 run_id=19700101_000108_18268299 OBSALL setup-response-final d=0 key=eventPort type=int value=5001
[ALTSCREEN] seq=82 epoch_us=124555794 pid=17756292 tid=41 run_id=19700101_000108_18268299 OBSALL setup-response-final d=0 key=timingPort type=redacted value=REDACTED
[ALTSCREEN] seq=83 epoch_us=124555794 pid=17756292 tid=41 run_id=19700101_000108_18268299 OBSALL setup-response-final d=0 key=enabledFeatures type=array count=2
[ALTSCREEN] seq=84 epoch_us=124556801 pid=17756292 tid=41 run_id=19700101_000108_18268299 OBS setup-response-final array depth=1 count=2
[ALTSCREEN] seq=85 epoch_us=124556801 pid=17756292 tid=41 run_id=19700101_000108_18268299 OBSALL setup-response-final d=2 key=[] type=string value=altScreen
[ALTSCREEN] seq=86 epoch_us=124556801 pid=17756292 tid=41 run_id=19700101_000108_18268299 OBSALL setup-response-final d=2 key=[] type=string value=viewAreas
[ALTSCREEN] seq=87 epoch_us=124556801 pid=17756292 tid=41 run_id=19700101_000108_18268299 NEGOTIATED probe enabledFeatures array count=2 altScreen=1 viewAreas=1
[ALTSCREEN] seq=88 epoch_us=124575938 pid=17756292 tid=41 run_id=19700101_000108_18268299 CALL ServerPlatformCopyProperty self=3e6430 lr=780f2b40 rc=7557760 thread=41 seq=6 profile=observe
[ALTSCREEN] seq=89 epoch_us=124576945 pid=17756292 tid=41 run_id=19700101_000108_18268299 CALL ServerPlatformCopyProperty self=3e6430 lr=780f2af8 rc=7225760 thread=41 seq=7 profile=observe
[ALTSCREEN] seq=90 epoch_us=124577952 pid=17756292 tid=41 run_id=19700101_000108_18268299 CALL ServerPlatformCopyProperty self=3e6430 lr=780f2258 rc=7229288 thread=41 seq=8 profile=observe
[ALTSCREEN] seq=91 epoch_us=124578960 pid=17756292 tid=41 run_id=19700101_000108_18268299 CALL Screen_CopyDisplaysInfo self=81c438 lr=789b8750 rc=7170096 thread=41 seq=9 profile=observe
[ALTSCREEN] seq=92 epoch_us=124578960 pid=17756292 tid=41 run_id=19700101_000108_18268299 DISPLAYS stock container=6d6830 is_array=0 count=0
[ALTSCREEN] seq=93 epoch_us=124578960 pid=17756292 tid=41 run_id=19700101_000108_18268299 ALTINFO container not a CFArray typeid=5 left_untouched=1
[ALTSCREEN] seq=94 epoch_us=124578960 pid=17756292 tid=41 run_id=19700101_000108_18268299 DISPLAYS final container=6d6830 is_array=0 count=0
[ALTSCREEN] seq=95 epoch_us=124579967 pid=17756292 tid=41 run_id=19700101_000108_18268299 CALL SessionPlatformCopyProperty self=819ee8 lr=789b8804 rc=7228056 thread=41 seq=10 profile=observe
[ALTSCREEN] seq=96 epoch_us=124579967 pid=17756292 tid=41 run_id=19700101_000108_18268299 DISPLAYS info-stock container=6e4a98 is_array=1 count=1
[ALTSCREEN] seq=97 epoch_us=124579967 pid=17756292 tid=41 run_id=19700101_000108_18268299 ALTAREA existing_display=0 full=1024x480 safeArea=nested initialViewArea=0
[ALTSCREEN] seq=98 epoch_us=124601118 pid=17756292 tid=41 run_id=19700101_000108_18268299 PHASE=NATIVE_111_DISPLAY_CANDIDATE index=0 id=4 size=1024x480
[ALTSCREEN] seq=99 epoch_us=124601118 pid=17756292 tid=41 run_id=19700101_000108_18268299 PHASE=NATIVE_111_DISPLAY_CANDIDATE index=1 id=1 size=1440x542
[ALTSCREEN] seq=100 epoch_us=124603132 pid=17756292 tid=41 run_id=19700101_000108_18268299 PHASE=NATIVE_111_GEOMETRY_PUBLISHED display=1 size=1440x542 fixed_fallback=0
[ALTSCREEN] seq=101 epoch_us=124603132 pid=17756292 tid=41 run_id=19700101_000108_18268299 PHASE=NATIVE_111_GEOMETRY_READY target_display=1 size=1440x542 source=SCREEN_PROPERTY_SIZE fixed_fallback=0
[ALTSCREEN] seq=102 epoch_us=124603132 pid=17756292 tid=41 run_id=19700101_000108_18268299 ALTAREA schema=viewAreas[array] initialViewArea=0 safeArea=nested full=1440x542
[ALTSCREEN] seq=103 epoch_us=124603132 pid=17756292 tid=41 run_id=19700101_000108_18268299 ALTINFO built type=111 1440x542@60 uuid=b7e6c5a0-2222-4000-8000-000000000002 features=0xa input=3 fields=11
[ALTSCREEN] seq=104 epoch_us=124603132 pid=17756292 tid=41 run_id=19700101_000108_18268299 ALTINFO displays 1 -> 2 creator_ref_released_after_retaining_append=1
[ALTSCREEN] seq=105 epoch_us=124603132 pid=17756292 tid=41 run_id=19700101_000108_18268299 PHASE=AIRPLAY_INFO_111 INFO_ALT_DISPLAY=YES streamType=111 uuid=b7e6c5a0-2222-4000-8000-000000000002 geom=1440x542@60
[ALTSCREEN] seq=106 epoch_us=124603132 pid=17756292 tid=41 run_id=19700101_000108_18268299 DISPLAYS info-final container=6e4a98 is_array=1 count=2
[ALTSCREEN] seq=107 epoch_us=124603132 pid=17756292 tid=41 run_id=19700101_000108_18268299 DISPLAYS info-final[1] type=111 is_dict=1 uuid=b7e6c5a0-2222-4000-8000-000000000002
[ALTSCREEN] seq=108 epoch_us=124608168 pid=17756292 tid=41 run_id=19700101_000108_18268299 CALL ServerPlatformCopyProperty self=3e6430 lr=78129974 rc=0 thread=41 seq=11 profile=observe
[ALTSCREEN] seq=109 epoch_us=124608168 pid=17756292 tid=41 run_id=19700101_000108_18268299 INFO_STOCK features not an int64 object=0
[ALTSCREEN] seq=110 epoch_us=124609175 pid=17756292 tid=41 run_id=19700101_000108_18268299 CALL ServerPlatformCopyProperty self=3e6430 lr=780f2360 rc=0 thread=41 seq=12 profile=observe
[ALTSCREEN] seq=111 epoch_us=124611190 pid=17756292 tid=41 run_id=19700101_000108_18268299 CALL ServerPlatformCopyProperty self=3e6430 lr=780f29fc rc=0 thread=41 seq=13 profile=observe
[ALTSCREEN] seq=112 epoch_us=124612197 pid=17756292 tid=41 run_id=19700101_000108_18268299 CALL SessionPlatformCopyProperty self=819ee8 lr=789b8804 rc=7227608 thread=41 seq=14 profile=observe
[ALTSCREEN] seq=113 epoch_us=124615218 pid=17756292 tid=41 run_id=19700101_000108_18268299 CALL ServerPlatformCopyProperty self=3e6430 lr=780f2438 rc=0 thread=41 seq=15 profile=observe
[ALTSCREEN] seq=114 epoch_us=124616225 pid=17756292 tid=41 run_id=19700101_000108_18268299 CALL ServerPlatformCopyProperty self=3e6430 lr=780f2508 rc=7226768 thread=41 seq=16 profile=observe
[ALTSCREEN] seq=115 epoch_us=124617233 pid=17756292 tid=41 run_id=19700101_000108_18268299 CALL ServerPlatformCopyProperty self=3e6430 lr=780f2550 rc=2014875044 thread=41 seq=17 profile=observe
[ALTSCREEN] seq=116 epoch_us=124617233 pid=17756292 tid=41 run_id=19700101_000108_18268299 CALL ServerPlatformCopyProperty self=3e6430 lr=780f2a3c rc=7605160 thread=41 seq=18 profile=observe
[ALTSCREEN] seq=117 epoch_us=124618240 pid=17756292 tid=41 run_id=19700101_000108_18268299 CALL ServerPlatformCopyProperty self=3e6430 lr=780f29d8 rc=7605232 thread=41 seq=19 profile=observe
[ALTSCREEN] seq=118 epoch_us=124619247 pid=17756292 tid=41 run_id=19700101_000108_18268299 CALL SessionPlatformCopyProperty self=819ee8 lr=789b8804 rc=7169304 thread=41 seq=20 profile=observe
[ALTSCREEN] seq=119 epoch_us=124621261 pid=17756292 tid=41 run_id=19700101_000108_18268299 CALL ServerPlatformCopyProperty self=3e6430 lr=780f26c4 rc=2014875044 thread=41 seq=21 profile=observe
[ALTSCREEN] seq=120 epoch_us=124644427 pid=17756292 tid=41 run_id=19700101_000108_18268299 CALL ServerPlatformCopyProperty self=3e6430 lr=780f2744 rc=7212400 thread=41 seq=22 profile=observe
[ALTSCREEN] seq=121 epoch_us=124645434 pid=17756292 tid=41 run_id=19700101_000108_18268299 CALL ServerPlatformCopyProperty self=3e6430 lr=780f2a7c rc=7605904 thread=41 seq=23 profile=observe
[ALTSCREEN] seq=122 epoch_us=124646441 pid=17756292 tid=41 run_id=19700101_000108_18268299 CALL ServerPlatformCopyProperty self=3e6430 lr=780f2ad4 rc=7605976 thread=41 seq=24 profile=observe
[ALTSCREEN] seq=123 epoch_us=124647448 pid=17756292 tid=41 run_id=19700101_000108_18268299 CALL ServerPlatformCopyProperty self=3e6430 lr=780f284c rc=0 thread=41 seq=25 profile=observe
[ALTSCREEN] seq=124 epoch_us=124647448 pid=17756292 tid=41 run_id=19700101_000108_18268299 CALL ServerPlatformCopyProperty self=3e6430 lr=780f2b1c rc=7606048 thread=41 seq=26 profile=observe
[ALTSCREEN] seq=125 epoch_us=124648455 pid=17756292 tid=41 run_id=19700101_000108_18268299 CALL ServerPlatformCopyProperty self=3e6430 lr=780f2910 rc=0 thread=41 seq=27 profile=observe
[ALTSCREEN] seq=126 epoch_us=124648455 pid=17756292 tid=41 run_id=19700101_000108_18268299 CALL ServerPlatformCopyProperty self=3e6430 lr=78129974 rc=7212368 thread=41 seq=28 profile=observe
[ALTSCREEN] seq=127 epoch_us=124658527 pid=17756292 tid=41 run_id=19700101_000108_18268299 PHASE=SESSION_START_ENTER receiver=819ee8 params=9bf5f4
[ALTSCREEN] seq=128 epoch_us=124666585 pid=17756292 tid=41 run_id=19700101_000108_18268299 CONTROL startSession session=819ee8 arg=0
[ALTSCREEN] seq=129 epoch_us=124667592 pid=17756292 tid=41 run_id=19700101_000108_18268299 CALL SessionPlatformControl self=819ee8 lr=7855cf74 rc=0 thread=41 seq=29 profile=observe
[ALTSCREEN] seq=130 epoch_us=124677664 pid=17756292 tid=41 run_id=19700101_000108_18268299 PHASE=SESSION_START_RETURN receiver=819ee8 rc=0
[ALTSCREEN] seq=131 epoch_us=124710901 pid=17756292 tid=15 run_id=19700101_000108_18268299 PHASE=STREAM_111_FENCE_CANCEL receiver=819ee8 generation=1 reason=outer_session_teardown serialized=1
[ALTSCREEN] seq=132 epoch_us=124714930 pid=17756292 tid=15 run_id=19700101_000108_18268299 PHASE=TEARDOWN_PLATFORM_NOTIFICATION session=819ee8 lifetime_owner=outer_session_teardown
[ALTSCREEN] seq=133 epoch_us=124747160 pid=17756292 tid=15 run_id=19700101_000108_18268299 PHASE=TEARDOWN_OUTER receiver=819ee8 stock_called=1 reason=0 done=-1 scope=3
[ALTSCREEN] seq=134 epoch_us=124756224 pid=17756292 tid=41 run_id=19700101_000108_18268299 CALL ServerPlatformCopyProperty self=3e6430 lr=78129974 rc=0 thread=41 seq=30 profile=observe
[ALTSCREEN] seq=135 epoch_us=124757232 pid=17756292 tid=41 run_id=19700101_000108_18268299 PHASE=SETUP_REQUEST_ENTER session=819ee8 wants_alt=1 alt_descriptor=6d6a70 alt_descriptor_count=1 params=6d6bd8 wrapper=outer_session_setup canonical_parser=1
[ALTSCREEN] seq=136 epoch_us=124757232 pid=17756292 tid=41 run_id=19700101_000108_18268299 OBS setup-request-original dict depth=0 count=1
[ALTSCREEN] seq=137 epoch_us=124758239 pid=17756292 tid=41 run_id=19700101_000108_18268299 OBSALL setup-request-original d=0 key=streams type=array count=1
[ALTSCREEN] seq=138 epoch_us=124758239 pid=17756292 tid=41 run_id=19700101_000108_18268299 OBS setup-request-original array depth=1 count=1
[ALTSCREEN] seq=139 epoch_us=124758239 pid=17756292 tid=41 run_id=19700101_000108_18268299 OBSALL setup-request-original d=2 key=[] type=dict count=4
[ALTSCREEN] seq=140 epoch_us=124758239 pid=17756292 tid=41 run_id=19700101_000108_18268299 OBS setup-request-original dict depth=3 count=4
[ALTSCREEN] seq=141 epoch_us=124758239 pid=17756292 tid=41 run_id=19700101_000108_18268299 OBSALL setup-request-original d=3 key=uuid type=redacted value=REDACTED
[ALTSCREEN] seq=142 epoch_us=124758239 pid=17756292 tid=41 run_id=19700101_000108_18268299 OBSALL setup-request-original d=3 key=latencyMs type=int value=25
[ALTSCREEN] seq=143 epoch_us=124758239 pid=17756292 tid=41 run_id=19700101_000108_18268299 OBSALL setup-request-original d=3 key=type type=int value=111
[ALTSCREEN] seq=144 epoch_us=124758239 pid=17756292 tid=41 run_id=19700101_000108_18268299 OBS STREAMTYPE tag=setup-request-original seen=111 main=0 alt=1
[ALTSCREEN] seq=145 epoch_us=124758239 pid=17756292 tid=41 run_id=19700101_000108_18268299 OBSALL setup-request-original d=3 key=streamConnectionID type=redacted value=REDACTED
[ALTSCREEN] seq=146 epoch_us=124758239 pid=17756292 tid=41 run_id=19700101_000108_18268299 PHASE=SETUP_111_DESCRIPTOR session=819ee8 descriptor=6d6a70 count=1 advertised=1 display_published=1 feature_property_advertised=0 feature_negotiated=1 create111_armed=1 backend_ready=1 backend=P1404-exact-priv111-two-phase
[ALTSCREEN] seq=147 epoch_us=124758239 pid=17756292 tid=41 run_id=19700101_000108_18268299 PHASE=SETUP_111_REQUEST create111_armed=1 descriptor=6d6a70 count=1 canonical=1
[ALTSCREEN] seq=148 epoch_us=124758239 pid=17756292 tid=41 run_id=19700101_000108_18268299 PHASE=SETUP_STOCK_SPLIT receiver=819ee8 original=6d6bd8 stock_only=6d6e18 descriptor=6d6a70 removed=1
[ALTSCREEN] seq=149 epoch_us=124758239 pid=17756292 tid=41 run_id=19700101_000108_18268299 PHASE=STREAM_111_FENCE_BEGIN receiver=819ee8 descriptor=6d6a70 generation=2 slot=0
[ALTSCREEN] seq=150 epoch_us=124758239 pid=17756292 tid=41 run_id=19700101_000108_18268299 PHASE=STREAM_111_PREP receiver=819ee8 strategy=P1404-exact-priv111-two-phase stock_only_request=6d6e18 original=6d6bd8 descriptor=6d6a70
[ALTSCREEN] seq=151 epoch_us=124758239 pid=17756292 tid=41 run_id=19700101_000108_18268299 PHASE=SETUP_STOCK_PREP session=819ee8 prep_rc=1 private_policy=1 private_allowed=1 stock_params=6d6e18 original_params=6d6bd8 owned=1 stock110_protected=1 backend=P1404-exact-priv111-two-phase
[ALTSCREEN] seq=152 epoch_us=124758239 pid=17756292 tid=41 run_id=19700101_000108_18268299 OBS setup-request-stock dict depth=0 count=1
[ALTSCREEN] seq=153 epoch_us=124758239 pid=17756292 tid=41 run_id=19700101_000108_18268299 OBSALL setup-request-stock d=0 key=streams type=array count=0
[ALTSCREEN] seq=154 epoch_us=124758239 pid=17756292 tid=41 run_id=19700101_000108_18268299 OBS setup-request-stock array depth=1 count=0
[ALTSCREEN] seq=155 epoch_us=124764282 pid=17756292 tid=41 run_id=19700101_000108_18268299 PHASE=SETUP_PLATFORM_NOTIFICATION session=819ee8 response_owner=outer_session_setup out_params=0
[ALTSCREEN] seq=156 epoch_us=124767303 pid=17756292 tid=41 run_id=19700101_000108_18268299 CALL SessionSetup self=819ee8 lr=780ff734 rc=0 thread=41 seq=31 profile=observe
[ALTSCREEN] seq=157 epoch_us=124767303 pid=17756292 tid=41 run_id=19700101_000108_18268299 PHASE=SETUP_STOCK_RETURN rc=0 response=6d6cf8 wants_alt=1 alt_descriptor=6d6a70 prep_rc=1
[ALTSCREEN] seq=158 epoch_us=124767303 pid=17756292 tid=41 run_id=19700101_000108_18268299 OBS setup-response-stock dict depth=0 count=2
[ALTSCREEN] seq=159 epoch_us=124767303 pid=17756292 tid=41 run_id=19700101_000108_18268299 OBSALL setup-response-stock d=0 key=eventPort type=int value=5001
[ALTSCREEN] seq=160 epoch_us=124767303 pid=17756292 tid=41 run_id=19700101_000108_18268299 OBSALL setup-response-stock d=0 key=timingPort type=redacted value=REDACTED
[ALTSCREEN] seq=161 epoch_us=124767303 pid=17756292 tid=41 run_id=19700101_000108_18268299 PHASE=STREAM_111_FENCE_COMMIT_ENTER receiver=819ee8 descriptor=6d6a70 generation=2 serialized=1
[ALTSCREEN] seq=162 epoch_us=124767303 pid=17756292 tid=41 run_id=19700101_000108_18268299 PHASE=STREAM_111_PREPARE_BEGIN receiver=819ee8 descriptor=6d6a70 generation=2 backend=P1404-exact-priv111-two-phase two_phase=1
[ALTSCREEN] seq=163 epoch_us=124767303 pid=17756292 tid=41 run_id=19700101_000108_18268299 PHASE=STREAM_111_CREATE_RETURN receiver=819ee8 rc=0 session=81bbe0
[ALTSCREEN] seq=164 epoch_us=124768311 pid=17756292 tid=41 run_id=19700101_000108_18268299 PHASE=STREAM_111_SETUP_RETURN receiver=819ee8 session=81bbe0 rc=0
[ALTSCREEN] seq=165 epoch_us=124768311 pid=17756292 tid=41 run_id=19700101_000108_18268299 PHASE=STREAM_111_SECURITY_DERIVE_CALL receiver=819ee8 session=81bbe0 conn=9874824160816546001 key_source=receiver+0x1c8
[ALTSCREEN] seq=166 epoch_us=124768311 pid=17756292 tid=41 run_id=19700101_000108_18268299 PHASE=STREAM_111_SECURITY_DERIVE_RETURN receiver=819ee8 session=81bbe0 return_type=void
[ALTSCREEN] seq=167 epoch_us=124768311 pid=17756292 tid=41 run_id=19700101_000108_18268299 PHASE=STREAM_111_SECURITY_SET_CALL receiver=819ee8 session=81bbe0
[ALTSCREEN] seq=168 epoch_us=124768311 pid=17756292 tid=41 run_id=19700101_000108_18268299 PHASE=STREAM_111_SECURITY_SET_RETURN receiver=819ee8 session=81bbe0 rc=0 ctr_ready=1
[ALTSCREEN] seq=169 epoch_us=124770325 pid=17756292 tid=41 run_id=19700101_000108_18268299 PHASE=STREAM_111_LISTENER_OPEN_RETURN rc=0 requested_port=0 bound_port=65441 advertised_port=65441 fd=39 helper=ServerSocketOpen recvbuf=-180224 af=24
[ALTSCREEN] seq=170 epoch_us=126533909 pid=17756292 tid=41 run_id=19700101_000108_18268299 PHASE=STREAM_111_FIREWALL_ADD receiver=819ee8 session=81bbe0 port=65441 result=OK scope=carplay0_tcp_exact_port before_response=1
[ALTSCREEN] LOG_QUEUE_DROPPED total=1 capacity=255 run_id=19700101_000108_18268299
[ALTSCREEN] seq=171 epoch_us=126533909 pid=17756292 tid=41 run_id=19700101_000108_18268299 PHASE=STREAM_111_PREPARED receiver=819ee8 session=81bbe0 dataPort=65441 conn=9874824160816546001 startSession=0 stream_pending=1
[ALTSCREEN] seq=172 epoch_us=126533909 pid=17756292 tid=41 run_id=19700101_000108_18268299 PHASE=STREAM_111_SESSION_STAGE id=1 generation=0 receiver=819ee8 alt_session=81bbe0 stream_pending=1 committed=0 stock110_untouched=1
[ALTSCREEN] seq=173 epoch_us=126536931 pid=17756292 tid=41 run_id=19700101_000108_18268299 PHASE=STREAM_111_WORKER_READY receiver=819ee8 session=81bbe0 thread=30 blocked_on_accept=1 response_not_merged_yet=1
[ALTSCREEN] seq=174 epoch_us=126536931 pid=17756292 tid=41 run_id=19700101_000108_18268299 PHASE=STREAM_111_WORKER_ARM receiver=819ee8 generation=2 alt_session=81bbe0 worker_ready=1 accept_pending=1 response_not_merged=1
[ALTSCREEN] seq=175 epoch_us=126536931 pid=17756292 tid=41 run_id=19700101_000108_18268299 PHASE=STREAM_111_RESPONSE_MERGE_BEGIN receiver=819ee8 generation=2 stock_response=6d6cf8 private_response=6d6e60 two_phase=1
[ALTSCREEN] seq=176 epoch_us=126536931 pid=17756292 tid=41 run_id=19700101_000108_18268299 PHASE=STREAM_111_RESPONSE_NORMALIZE response=6d6cf8 empty_stock_response=1 streams_array_created=1 livi_shape=1
[ALTSCREEN] seq=177 epoch_us=126536931 pid=17756292 tid=41 run_id=19700101_000108_18268299 NEGOTIATED probe streams contains explicit type111=1
[ALTSCREEN] seq=178 epoch_us=126536931 pid=17756292 tid=41 run_id=19700101_000108_18268299 PHASE=STREAM_111_RESPONSE_TXN_READY response=6d6cf8 private=6d6e60 streams_merged=1 empty_stock_response=1 enabledFeatures=stock_unchanged_livi_stream_setup stock_objects_retained=1
[ALTSCREEN] seq=179 epoch_us=126536931 pid=17756292 tid=41 run_id=19700101_000108_18268299 PHASE=STREAM_111_SESSION_COMMIT id=1 generation=2 receiver=819ee8 alt_session=81bbe0 final_response_merged=1 listener_ready=1 stream_pending=1 g5b=0 stock110_untouched=1
[ALTSCREEN] seq=180 epoch_us=126536931 pid=17756292 tid=41 run_id=19700101_000108_18268299 PHASE=STREAM_111_PRIVATE_READY id=1 generation=2 receiver=819ee8 alt_session=81bbe0 alt_stream=PENDING backend=P1404-exact-priv111-two-phase final_response_merged=1 listener_worker_ready=1 two_phase=1 stock110_untouched=1
[ALTSCREEN] seq=181 epoch_us=126536931 pid=17756292 tid=41 run_id=19700101_000108_18268299 PHASE=STREAM_111_FENCE_COMMIT_LEAVE receiver=819ee8 generation=2 private_rc=1 serialized=1
[ALTSCREEN] seq=182 epoch_us=126536931 pid=17756292 tid=41 run_id=19700101_000108_18268299 PHASE=SETUP_111_FINISH receiver=819ee8 id=1 generation=2 session=81bbe0 stream=0 private_rc=1 stock_rc=0 response=6d6cf8 generation_consumed=1
[ALTSCREEN] seq=183 epoch_us=126536931 pid=17756292 tid=41 run_id=19700101_000108_18268299 OBS setup-response-final dict depth=0 count=3
[ALTSCREEN] seq=184 epoch_us=126536931 pid=17756292 tid=41 run_id=19700101_000108_18268299 OBSALL setup-response-final d=0 key=eventPort type=int value=5001
[ALTSCREEN] seq=185 epoch_us=126536931 pid=17756292 tid=41 run_id=19700101_000108_18268299 OBSALL setup-response-final d=0 key=streams type=array count=1
[ALTSCREEN] seq=186 epoch_us=126536931 pid=17756292 tid=41 run_id=19700101_000108_18268299 OBS setup-response-final array depth=1 count=1
[ALTSCREEN] seq=187 epoch_us=126537938 pid=17756292 tid=41 run_id=19700101_000108_18268299 OBSALL setup-response-final d=2 key=[] type=dict count=2
[ALTSCREEN] seq=188 epoch_us=126537938 pid=17756292 tid=41 run_id=19700101_000108_18268299 OBS setup-response-final dict depth=3 count=2
[ALTSCREEN] seq=189 epoch_us=126537938 pid=17756292 tid=41 run_id=19700101_000108_18268299 OBSALL setup-response-final d=3 key=dataPort type=int value=65441
[ALTSCREEN] seq=190 epoch_us=126537938 pid=17756292 tid=41 run_id=19700101_000108_18268299 OBSALL setup-response-final d=3 key=type type=int value=111
[ALTSCREEN] seq=191 epoch_us=126537938 pid=17756292 tid=41 run_id=19700101_000108_18268299 OBS STREAMTYPE tag=setup-response-final seen=111 main=0 alt=1
[ALTSCREEN] seq=192 epoch_us=126537938 pid=17756292 tid=41 run_id=19700101_000108_18268299 OBSALL setup-response-final d=0 key=timingPort type=redacted value=REDACTED
[ALTSCREEN] seq=193 epoch_us=126537938 pid=17756292 tid=41 run_id=19700101_000108_18268299 NEGOTIATED probe streams contains explicit type111=1
[ALTSCREEN] seq=194 epoch_us=126537938 pid=17756292 tid=41 run_id=19700101_000108_18268299 PHASE=SETUP_111_FINAL_READY receiver=819ee8 id=1 generation=2 session=81bbe0 stream=0 response=6d6cf8 type111=1 dataPort_merged=1 stock_rc=0 return_to_phone=1
[ALTSCREEN] seq=195 epoch_us=126575204 pid=17756292 tid=41 run_id=19700101_000108_18268299 PHASE=STREAM_111_FENCE_CANCEL receiver=819ee8 generation=3 reason=outer_session_teardown serialized=1
[ALTSCREEN] seq=196 epoch_us=126575204 pid=17756292 tid=41 run_id=19700101_000108_18268299 PHASE=STREAM_111_TEARDOWN_BEGIN receiver=819ee8 id=1 generation=2 alt_session=81bbe0 alt_stream=0 state=2 committed=1 reason=outer_session_teardown
[ALTSCREEN] seq=197 epoch_us=126575204 pid=17756292 tid=41 run_id=19700101_000108_18268299 PHASE=STREAM_111_WORKER_STOP_REQUEST receiver=819ee8 session=81bbe0 phase=2 worker_started=1 worker_done=0 listener=39 port=65441
[ALTSCREEN] seq=198 epoch_us=126576211 pid=17756292 tid=41 run_id=19700101_000108_18268299 PHASE=STREAM_111_LISTENER_WAKE port=65441 rc=0 method=localhost-connect af=24
[ALTSCREEN] seq=199 epoch_us=126576211 pid=17756292 tid=30 run_id=19700101_000108_18268299 PHASE=STREAM_111_ACCEPT_RETURN receiver=819ee8 id=1 generation=2 session=81bbe0 rc=0 native_fd=19 attempt=1
[ALTSCREEN] seq=200 epoch_us=126576211 pid=17756292 tid=30 run_id=19700101_000108_18268299 PHASE=STREAM_111_ACCEPT_STOPPED receiver=819ee8 id=1 generation=2 session=81bbe0 rc=0 native_fd=19 attempt=1 teardown_won=1
[ALTSCREEN] seq=201 epoch_us=126576211 pid=17756292 tid=30 run_id=19700101_000108_18268299 PHASE=STREAM_111_FIREWALL_DEFERRED receiver=819ee8 session=81bbe0 reason=post_accept_keep_until_teardown next=NETSOCKET_CREATE
[ALTSCREEN] seq=202 epoch_us=126577219 pid=17756292 tid=30 run_id=19700101_000108_18268299 PHASE=STREAM_111_WORKER_DONE receiver=819ee8 id=1 generation=2 session=81bbe0 phase=6 session_stopped=0 stop_rc=-1
[ALTSCREEN] seq=203 epoch_us=126577219 pid=17756292 tid=41 run_id=19700101_000108_18268299 PHASE=STREAM_111_WORKER_JOIN receiver=819ee8 session=81bbe0 thread=30 rc=0
[ALTSCREEN] seq=204 epoch_us=126577219 pid=17756292 tid=41 run_id=19700101_000108_18268299 PHASE=STREAM_111_STOP_RETURN receiver=819ee8 session=81bbe0 stop_check=0 worker_owned=0 destroyed=1
[ALTSCREEN] seq=205 epoch_us=128176631 pid=17756292 tid=41 run_id=19700101_000108_18268299 PHASE=STREAM_111_FIREWALL_REMOVE session=81bbe0 port=65441 reason=teardown_post_session result=OK scope=exact-port
[ALTSCREEN] seq=206 epoch_us=128176631 pid=17756292 tid=41 run_id=19700101_000108_18268299 PHASE=STREAM_111_BACKEND_TEARDOWN_DONE receiver=819ee8 session=81bbe0 join_rc=0 stop_rc=0 firewall_cleanup_nonfatal=1
[ALTSCREEN] seq=207 epoch_us=128176631 pid=17756292 tid=41 run_id=19700101_000108_18268299 PHASE=ALT_CTX_RELEASE id=1 generation=2 receiver=819ee8 alt_session=81bbe0 alt_stream=0 state=2 bytes=0 packets=0 sps=0 pps=0 idr=0 decoder=0 cockpit=0
[ALTSCREEN] seq=208 epoch_us=128176631 pid=17756292 tid=41 run_id=19700101_000108_18268299 PHASE=STREAM_111_TEARDOWN_DONE receiver=819ee8 id=1 generation=2 session=81bbe0 stream=0 ok=1 state_mapping=cleared reason=outer_session_teardown
[ALTSCREEN] seq=209 epoch_us=128179653 pid=17756292 tid=41 run_id=19700101_000108_18268299 PHASE=TEARDOWN_PLATFORM_NOTIFICATION session=819ee8 lifetime_owner=outer_session_teardown
[ALTSCREEN] seq=210 epoch_us=128197782 pid=17756292 tid=41 run_id=19700101_000108_18268299 PHASE=TEARDOWN_OUTER receiver=819ee8 stock_called=1 reason=-6753 done=-1 scope=3
[ALTSCREEN] seq=1 epoch_us=133187387 pid=19660924 tid=2 run_id=19700101_000108_18268299 PHASE=HOOK_INIT log=/tmp/MMI-Cockpit-Carplay.altscreen_hook.log profile=observe main=1024x480 cluster=0x0 stream_alt=111
[ALTSCREEN] seq=2 epoch_us=133193430 pid=19660924 tid=2 run_id=19700101_000108_18268299 STATE_ROOT=/mnt/app/root/carplay-altscreen/state app_authoritative=1 log=/tmp/MMI-Cockpit-Carplay.altscreen_hook.log profile=/mnt/app/root/carplay-altscreen/state/IAP2_PROFILE
[ALTSCREEN] seq=3 epoch_us=133193430 pid=19660924 tid=2 run_id=19700101_000108_18268299 PHASE=STATE_ROOT_WAIT result=PASS authority=APP waited_s=0 startup_thread_blocked=0 stock_until_ready=1
[ALTSCREEN] seq=4 epoch_us=133202495 pid=19660924 tid=2 run_id=19700101_000108_18268299 PHASE=STOCK_EXPORT_BIND result=PASS server=1 session=1 control=1 displays=1 process=1 create=1 method=RTLD_NEXT_OR_HANDLE_SCOPED
[ALTSCREEN] seq=5 epoch_us=133202495 pid=19660924 tid=2 run_id=19700101_000108_18268299 PHASE=NATIVE_111_STOCK_BIND config=1 render=1 stream_start=1 screen_copy_main=1 screen_create=1 copy_delegates=1 register_delegates=1 pthread_create=1 pthread_detach=1 spawnl=1 geometry=0
[ALTSCREEN] seq=6 epoch_us=133213574 pid=19660924 tid=2 run_id=19700101_000108_18268299 CF bind rawabi=standard array=1 dict=1 string=1 cfl_cstr3=1 number64=1 callbacks=1/1/1 typeid=1 release=1
[ALTSCREEN] seq=7 epoch_us=133213574 pid=19660924 tid=2 run_id=19700101_000108_18268299 PHASE=AUG22_DYNAMIC_RESOLVER result=PASS resolver=ELF32_ARM_DYNAMIC_RELOCATION symbols=dynsym relocations=R_ARM_GLOB_DAT,R_ARM_JUMP_SLOT transaction=all_or_nothing stock_fail_open=YES persistent_sd_via_boot_recorder=YES
[ALTSCREEN] seq=8 epoch_us=133213574 pid=19660924 tid=2 run_id=19700101_000108_18268299 PHASE=STOCK_INTERNAL_REDIRECT result=PASS slots=16 scope=AUG22_PROFILE_GOT code_bytes_changed=0
[ALTSCREEN] seq=9 epoch_us=133220624 pid=19660924 tid=2 run_id=19700101_000108_18268299 PHASE=RUNTIME_PROCESS_IDENTITY result=PASS process=dio_manager force_start=1 identity_override=DISABLED worker_started=1 stock_until_ready=1
[ALTSCREEN] seq=10 epoch_us=133234725 pid=19660924 tid=2 run_id=19700101_000108_18268299 PHASE=RUNTIME_AUTHORIZATION result=FORCED_BYPASS marker=FORCE_START required_symbol_and_backend_safety_checks=ENFORCED
[ALTSCREEN] seq=11 epoch_us=133238753 pid=19660924 tid=2 run_id=19700101_000108_18268299 PHASE=RUNTIME_PREREQUISITES result=PASS symbols=13 loader_layout=RX_RW
[ALTSCREEN] seq=12 epoch_us=133238753 pid=19660924 tid=2 run_id=19700101_000108_18268299 PHASE=RUNTIME_ABI_IDENTITY result=PASS compatibility_checks=FORCED resolution=DLSYM_REQUIRED_NAMES authorization=FORCED_BYPASS armed=1 mutate=1
[ALTSCREEN] seq=13 epoch_us=133239761 pid=19660924 tid=2 run_id=19700101_000108_18268299 CF bind rawabi=standard array=1 dict=1 string=1 cfl_cstr3=1 number64=1 callbacks=1/1/1 typeid=1 release=1
[ALTSCREEN] seq=14 epoch_us=133239761 pid=19660924 tid=2 run_id=19700101_000108_18268299 PHASE=RUNTIME_FORWARDING_GATE result=PASS libc_forward=1 native_stock=1 nme_exact_io=1
[ALTSCREEN] seq=15 epoch_us=133239761 pid=19660924 tid=2 run_id=19700101_000108_18268299 PHASE=LOG_WRITER_READY mode=bounded_async queue_slots=256 line_bytes=768 max_bytes=16777216 no_truncate=1 deferred_worker=1 startup_thread_blocked=0
[ALTSCREEN] seq=16 epoch_us=133243789 pid=19660924 tid=2 run_id=19700101_000108_18268299 PROFILE file=/mnt/app/root/carplay-altscreen/state/IAP2_PROFILE content=observe resolved=observe modifies=0 pair=0/0 component=none - parse and log only
[ALTSCREEN] seq=17 epoch_us=133280048 pid=19660924 tid=2 run_id=19700101_000108_18268299 CF bind rawabi=standard array=1 dict=1 string=1 cfl_cstr3=1 number64=1 callbacks=1/1/1 typeid=1 release=1
[ALTSCREEN] seq=18 epoch_us=133307242 pid=19660924 tid=2 run_id=19700101_000108_18268299 PHASE=FLAGS_LOADED mutate=1 info=1 feature=1 create111=1 iap2=0
[ALTSCREEN] seq=19 epoch_us=133307242 pid=19660924 tid=2 run_id=19700101_000108_18268299 PHASE=PRIVATE111_BACKEND_READY name=P1404-exact-priv111-two-phase stock_requires_split=1 two_phase=1 abi_verified=1
[ALTSCREEN] seq=20 epoch_us=133307242 pid=19660924 tid=2 run_id=19700101_000108_18268299 PHASE=PRIVATE111_BACKEND_READY backend=P1404-exact-priv111-two-phase two_phase=1 exactHelpers=1 mainIsolation=1 generationFence=1
[ALTSCREEN] seq=21 epoch_us=133307242 pid=19660924 tid=2 run_id=19700101_000108_18268299 PHASE=PRIVATE111_BACKEND_INSTALL_RESULT ready=1 identity=1 create111_armed=1
[ALTSCREEN] seq=22 epoch_us=133317314 pid=19660924 tid=2 run_id=19700101_000108_18268299 PHASE=NATIVE_111_DISPLAY_CANDIDATE index=0 id=4 size=1024x480
[ALTSCREEN] seq=23 epoch_us=133318321 pid=19660924 tid=2 run_id=19700101_000108_18268299 PHASE=NATIVE_111_DISPLAY_CANDIDATE index=1 id=1 size=1440x542
[ALTSCREEN] seq=24 epoch_us=133321343 pid=19660924 tid=2 run_id=19700101_000108_18268299 PHASE=NATIVE_111_GEOMETRY_PUBLISHED display=1 size=1440x542 fixed_fallback=0
[ALTSCREEN] seq=25 epoch_us=133321343 pid=19660924 tid=2 run_id=19700101_000108_18268299 PHASE=NATIVE_111_GEOMETRY_READY target_display=1 size=1440x542 source=SCREEN_PROPERTY_SIZE fixed_fallback=0
[ALTSCREEN] seq=26 epoch_us=133321343 pid=19660924 tid=2 run_id=19700101_000108_18268299 PHASE=RUNTIME_GEOMETRY_GATE result=PASS attempts=1 startup_thread_blocked=0 fixed_fallback=0
[ALTSCREEN] seq=27 epoch_us=133321343 pid=19660924 tid=2 run_id=19700101_000108_18268299 RUNTIME ready process=dio_manager identity=1 armed=1 mutate=1 bearer=1 profile=observe private111_backend=1
[ALTSCREEN] seq=28 epoch_us=133321343 pid=19660924 tid=2 run_id=19700101_000108_18268299 RUNTIME bearer open64=19dad1c read=197c49c write=197d1a4 send=78374978 recv=7836c938 close=1979168 dup=1979344 nme_create=0 nme_write=0 nme_read=0 nme_delete=0
[ALTSCREEN] seq=29 epoch_us=135406220 pid=19660924 tid=38 run_id=19700101_000108_18268299 CALL ServerPlatformCopyProperty self=48d430 lr=780f9974 rc=0 thread=38 seq=1 profile=observe
[ALTSCREEN] seq=30 epoch_us=135406220 pid=19660924 tid=38 run_id=19700101_000108_18268299 INFO_STOCK features not an int64 object=0
[ALTSCREEN] seq=31 epoch_us=135406220 pid=19660924 tid=38 run_id=19700101_000108_18268299 CALL ServerPlatformCopyProperty self=48d430 lr=780f9974 rc=7021488 thread=38 seq=2 profile=observe
[ALTSCREEN] seq=32 epoch_us=135407227 pid=19660924 tid=38 run_id=19700101_000108_18268299 CALL ServerPlatformCopyProperty self=48d430 lr=780f9974 rc=0 thread=38 seq=3 profile=observe
[ALTSCREEN] seq=33 epoch_us=136222041 pid=19660924 tid=40 run_id=19700101_000108_18268299 CALL ServerPlatformCopyProperty self=48d430 lr=780f9974 rc=0 thread=40 seq=4 profile=observe
[ALTSCREEN] seq=34 epoch_us=136224056 pid=19660924 tid=40 run_id=19700101_000108_18268299 PHASE=SETUP_REQUEST_ENTER session=849bc8 wants_alt=1 alt_descriptor=0 alt_descriptor_count=0 params=69fc20 wrapper=outer_session_setup canonical_parser=1
[ALTSCREEN] seq=35 epoch_us=136224056 pid=19660924 tid=40 run_id=19700101_000108_18268299 OBS setup-request-original dict depth=0 count=17
[ALTSCREEN] seq=36 epoch_us=136224056 pid=19660924 tid=40 run_id=19700101_000108_18268299 OBSALL setup-request-original d=0 key=internalBuild type=redacted value=REDACTED
[ALTSCREEN] seq=37 epoch_us=136224056 pid=19660924 tid=40 run_id=19700101_000108_18268299 OBSALL setup-request-original d=0 key=et type=scalar payload=metadata-only
[ALTSCREEN] seq=38 epoch_us=136224056 pid=19660924 tid=40 run_id=19700101_000108_18268299 OBSALL setup-request-original d=0 key=updateSessionRequest type=redacted value=REDACTED
[ALTSCREEN] seq=39 epoch_us=136224056 pid=19660924 tid=40 run_id=19700101_000108_18268299 OBSALL setup-request-original d=0 key=features type=array count=13
[ALTSCREEN] seq=40 epoch_us=136224056 pid=19660924 tid=40 run_id=19700101_000108_18268299 OBS setup-request-original array depth=1 count=13
[ALTSCREEN] seq=41 epoch_us=136224056 pid=19660924 tid=40 run_id=19700101_000108_18268299 OBSALL setup-request-original d=2 key=[] type=string value=uiContext
[ALTSCREEN] seq=42 epoch_us=136224056 pid=19660924 tid=40 run_id=19700101_000108_18268299 OBSALL setup-request-original d=2 key=[] type=string value=viewAreas
[ALTSCREEN] seq=43 epoch_us=136224056 pid=19660924 tid=40 run_id=19700101_000108_18268299 OBSALL setup-request-original d=2 key=[] type=string value=cornerMasks
[ALTSCREEN] seq=44 epoch_us=136224056 pid=19660924 tid=40 run_id=19700101_000108_18268299 OBSALL setup-request-original d=2 key=[] type=string value=focusTransfer
[ALTSCREEN] seq=45 epoch_us=136224056 pid=19660924 tid=40 run_id=19700101_000108_18268299 OBSALL setup-request-original d=2 key=[] type=string value=h.264Level5.1
[ALTSCREEN] seq=46 epoch_us=136224056 pid=19660924 tid=40 run_id=19700101_000108_18268299 OBSALL setup-request-original d=2 key=[] type=string value=mainBuffered
[ALTSCREEN] seq=47 epoch_us=136224056 pid=19660924 tid=40 run_id=19700101_000108_18268299 OBSALL setup-request-original d=2 key=[] type=string value=altScreen
[ALTSCREEN] seq=48 epoch_us=136224056 pid=19660924 tid=40 run_id=19700101_000108_18268299 OBSALL setup-request-original d=2 key=[] type=string value=enhancedSiri
[ALTSCREEN] seq=49 epoch_us=136224056 pid=19660924 tid=40 run_id=19700101_000108_18268299 OBSALL setup-request-original d=2 key=[] type=string value=hevc
[ALTSCREEN] seq=50 epoch_us=136224056 pid=19660924 tid=40 run_id=19700101_000108_18268299 OBSALL setup-request-original d=2 key=[] type=string value=vehicleStateProtocol
[ALTSCREEN] seq=51 epoch_us=136224056 pid=19660924 tid=40 run_id=19700101_000108_18268299 OBSALL setup-request-original d=2 key=[] type=string value=sessionManagement
[ALTSCREEN] seq=52 epoch_us=136224056 pid=19660924 tid=40 run_id=19700101_000108_18268299 OBSALL setup-request-original d=2 key=[] type=string value=logTransfer
[ALTSCREEN] seq=53 epoch_us=136224056 pid=19660924 tid=40 run_id=19700101_000108_18268299 OBSALL setup-request-original d=2 key=[] type=string value=iAPChannel
[ALTSCREEN] seq=54 epoch_us=136224056 pid=19660924 tid=40 run_id=19700101_000108_18268299 OBSALL setup-request-original d=0 key=model type=scalar payload=metadata-only
[ALTSCREEN] seq=55 epoch_us=136224056 pid=19660924 tid=40 run_id=19700101_000108_18268299 OBSALL setup-request-original d=0 key=osName type=scalar payload=metadata-only
[ALTSCREEN] seq=56 epoch_us=136224056 pid=19660924 tid=40 run_id=19700101_000108_18268299 OBSALL setup-request-original d=0 key=deviceID type=redacted value=REDACTED
[ALTSCREEN] seq=57 epoch_us=136224056 pid=19660924 tid=40 run_id=19700101_000108_18268299 OBSALL setup-request-original d=0 key=name type=scalar payload=metadata-only
[ALTSCREEN] seq=58 epoch_us=136224056 pid=19660924 tid=40 run_id=19700101_000108_18268299 OBSALL setup-request-original d=0 key=diagnosticsAndUsage type=redacted value=REDACTED
[ALTSCREEN] seq=59 epoch_us=136224056 pid=19660924 tid=40 run_id=19700101_000108_18268299 OBSALL setup-request-original d=0 key=sessionCorrelationUUID type=redacted value=REDACTED
[ALTSCREEN] seq=60 epoch_us=136224056 pid=19660924 tid=40 run_id=19700101_000108_18268299 OBSALL setup-request-original d=0 key=timingPort type=redacted value=REDACTED
[ALTSCREEN] seq=61 epoch_us=136224056 pid=19660924 tid=40 run_id=19700101_000108_18268299 OBSALL setup-request-original d=0 key=sessionUUID type=redacted value=REDACTED
[ALTSCREEN] seq=62 epoch_us=136224056 pid=19660924 tid=40 run_id=19700101_000108_18268299 OBSALL setup-request-original d=0 key=statsCollectionEnabled type=redacted value=REDACTED
[ALTSCREEN] seq=63 epoch_us=136224056 pid=19660924 tid=40 run_id=19700101_000108_18268299 OBSALL setup-request-original d=0 key=osVersion type=redacted value=REDACTED
[ALTSCREEN] seq=64 epoch_us=136224056 pid=19660924 tid=40 run_id=19700101_000108_18268299 OBSALL setup-request-original d=0 key=macAddress type=scalar payload=metadata-only
[ALTSCREEN] seq=65 epoch_us=136224056 pid=19660924 tid=40 run_id=19700101_000108_18268299 OBSALL setup-request-original d=0 key=osBuildVersion type=redacted value=REDACTED
[ALTSCREEN] seq=66 epoch_us=136224056 pid=19660924 tid=40 run_id=19700101_000108_18268299 OBSALL setup-request-original d=0 key=sourceVersion type=redacted value=REDACTED
[ALTSCREEN] seq=67 epoch_us=136224056 pid=19660924 tid=40 run_id=19700101_000108_18268299 PHASE=PHONE_REQUEST_111 PHONE_REQUESTED_ALTSCREEN=YES
[ALTSCREEN] seq=68 epoch_us=136224056 pid=19660924 tid=40 run_id=19700101_000108_18268299 PHASE=SETUP_111_REQUEST create111_armed=1 descriptor=0 count=0 canonical=1
[ALTSCREEN] seq=69 epoch_us=136225063 pid=19660924 tid=40 run_id=19700101_000108_18268299 PHASE=SETUP_STOCK_PREP session=849bc8 prep_rc=0 private_policy=0 private_allowed=0 stock_params=69fc20 original_params=69fc20 owned=0 stock110_protected=0 backend=P1404-exact-priv111-two-phase
[ALTSCREEN] seq=70 epoch_us=136225063 pid=19660924 tid=40 run_id=19700101_000108_18268299 PHASE=SETUP_STOCK_REQUEST strategy=passthrough_or_split_failed params=69fc20
[ALTSCREEN] seq=71 epoch_us=136232113 pid=19660924 tid=40 run_id=19700101_000108_18268299 PHASE=SETUP_PLATFORM_NOTIFICATION session=849bc8 response_owner=outer_session_setup out_params=0
[ALTSCREEN] seq=72 epoch_us=136236142 pid=19660924 tid=40 run_id=19700101_000108_18268299 CALL SessionSetup self=849bc8 lr=780cf734 rc=0 thread=40 seq=5 profile=observe
[ALTSCREEN] seq=73 epoch_us=136236142 pid=19660924 tid=40 run_id=19700101_000108_18268299 PHASE=SETUP_STOCK_RETURN rc=0 response=69fcf8 wants_alt=1 alt_descriptor=0 prep_rc=0
[ALTSCREEN] seq=74 epoch_us=136236142 pid=19660924 tid=40 run_id=19700101_000108_18268299 OBS setup-response-stock dict depth=0 count=2
[ALTSCREEN] seq=75 epoch_us=136236142 pid=19660924 tid=40 run_id=19700101_000108_18268299 OBSALL setup-response-stock d=0 key=eventPort type=int value=5001
[ALTSCREEN] seq=76 epoch_us=136236142 pid=19660924 tid=40 run_id=19700101_000108_18268299 OBSALL setup-response-stock d=0 key=timingPort type=redacted value=REDACTED
[ALTSCREEN] seq=77 epoch_us=136236142 pid=19660924 tid=40 run_id=19700101_000108_18268299 PHASE=SETUP_RESPONSE_PATCH enabledFeatures=created alt=1 viewAreas=1 count=2 set=1
[ALTSCREEN] seq=78 epoch_us=136236142 pid=19660924 tid=40 run_id=19700101_000108_18268299 PHASE=SETUP_FEATURE_NEGOTIATION receiver=849bc8 requested=1 feature_property_advertised=0 display_published=0 geometry_preflight=1 response_patched=1 descriptor_phase=0 backend_ready=1
[ALTSCREEN] seq=79 epoch_us=136236142 pid=19660924 tid=40 run_id=19700101_000108_18268299 PHASE=SETUP_ALT_ACCEPTED ALT_FEATURE_NEGOTIATED=YES proof=enabledFeatures_intersection
[ALTSCREEN] seq=80 epoch_us=136236142 pid=19660924 tid=40 run_id=19700101_000108_18268299 OBS setup-response-final dict depth=0 count=3
[ALTSCREEN] seq=81 epoch_us=136236142 pid=19660924 tid=40 run_id=19700101_000108_18268299 OBSALL setup-response-final d=0 key=eventPort type=int value=5001
[ALTSCREEN] seq=82 epoch_us=136236142 pid=19660924 tid=40 run_id=19700101_000108_18268299 OBSALL setup-response-final d=0 key=timingPort type=redacted value=REDACTED
[ALTSCREEN] seq=83 epoch_us=136236142 pid=19660924 tid=40 run_id=19700101_000108_18268299 OBSALL setup-response-final d=0 key=enabledFeatures type=array count=2
[ALTSCREEN] seq=84 epoch_us=136236142 pid=19660924 tid=40 run_id=19700101_000108_18268299 OBS setup-response-final array depth=1 count=2
[ALTSCREEN] seq=85 epoch_us=136236142 pid=19660924 tid=40 run_id=19700101_000108_18268299 OBSALL setup-response-final d=2 key=[] type=string value=altScreen
[ALTSCREEN] seq=86 epoch_us=136236142 pid=19660924 tid=40 run_id=19700101_000108_18268299 OBSALL setup-response-final d=2 key=[] type=string value=viewAreas
[ALTSCREEN] seq=87 epoch_us=136236142 pid=19660924 tid=40 run_id=19700101_000108_18268299 NEGOTIATED probe enabledFeatures array count=2 altScreen=1 viewAreas=1
[ALTSCREEN] seq=88 epoch_us=136261322 pid=19660924 tid=40 run_id=19700101_000108_18268299 CALL ServerPlatformCopyProperty self=48d430 lr=780c2b40 rc=7525440 thread=40 seq=6 profile=observe
[ALTSCREEN] seq=89 epoch_us=136263336 pid=19660924 tid=40 run_id=19700101_000108_18268299 CALL ServerPlatformCopyProperty self=48d430 lr=780c2af8 rc=7020112 thread=40 seq=7 profile=observe
[ALTSCREEN] seq=90 epoch_us=136264343 pid=19660924 tid=40 run_id=19700101_000108_18268299 CALL ServerPlatformCopyProperty self=48d430 lr=780c2258 rc=7018320 thread=40 seq=8 profile=observe
[ALTSCREEN] seq=91 epoch_us=136264343 pid=19660924 tid=40 run_id=19700101_000108_18268299 CALL Screen_CopyDisplaysInfo self=765da8 lr=787b8750 rc=6944816 thread=40 seq=9 profile=observe
[ALTSCREEN] seq=92 epoch_us=136264343 pid=19660924 tid=40 run_id=19700101_000108_18268299 DISPLAYS stock container=69f830 is_array=0 count=0
[ALTSCREEN] seq=93 epoch_us=136264343 pid=19660924 tid=40 run_id=19700101_000108_18268299 ALTINFO container not a CFArray typeid=5 left_untouched=1
[ALTSCREEN] seq=94 epoch_us=136264343 pid=19660924 tid=40 run_id=19700101_000108_18268299 DISPLAYS final container=69f830 is_array=0 count=0
[ALTSCREEN] seq=95 epoch_us=136265350 pid=19660924 tid=40 run_id=19700101_000108_18268299 CALL SessionPlatformCopyProperty self=849bc8 lr=787b8804 rc=7020224 thread=40 seq=10 profile=observe
[ALTSCREEN] seq=96 epoch_us=136265350 pid=19660924 tid=40 run_id=19700101_000108_18268299 DISPLAYS info-stock container=6b1ec0 is_array=1 count=1
[ALTSCREEN] seq=97 epoch_us=136266357 pid=19660924 tid=40 run_id=19700101_000108_18268299 ALTAREA existing_display=0 full=1024x480 safeArea=nested initialViewArea=0
[ALTSCREEN] seq=98 epoch_us=136283480 pid=19660924 tid=40 run_id=19700101_000108_18268299 PHASE=NATIVE_111_DISPLAY_CANDIDATE index=0 id=4 size=1024x480
[ALTSCREEN] seq=99 epoch_us=136283480 pid=19660924 tid=40 run_id=19700101_000108_18268299 PHASE=NATIVE_111_DISPLAY_CANDIDATE index=1 id=1 size=1440x542
[ALTSCREEN] seq=100 epoch_us=136283480 pid=19660924 tid=40 run_id=19700101_000108_18268299 PHASE=NATIVE_111_GEOMETRY_PUBLISHED display=1 size=1440x542 fixed_fallback=0
[ALTSCREEN] seq=101 epoch_us=136283480 pid=19660924 tid=40 run_id=19700101_000108_18268299 PHASE=NATIVE_111_GEOMETRY_READY target_display=1 size=1440x542 source=SCREEN_PROPERTY_SIZE fixed_fallback=0
[ALTSCREEN] seq=102 epoch_us=136284487 pid=19660924 tid=40 run_id=19700101_000108_18268299 ALTAREA schema=viewAreas[array] initialViewArea=0 safeArea=nested full=1440x542
[ALTSCREEN] seq=103 epoch_us=136284487 pid=19660924 tid=40 run_id=19700101_000108_18268299 ALTINFO built type=111 1440x542@60 uuid=b7e6c5a0-2222-4000-8000-000000000002 features=0xa input=3 fields=11
[ALTSCREEN] seq=104 epoch_us=136284487 pid=19660924 tid=40 run_id=19700101_000108_18268299 ALTINFO displays 1 -> 2 creator_ref_released_after_retaining_append=1
[ALTSCREEN] seq=105 epoch_us=136284487 pid=19660924 tid=40 run_id=19700101_000108_18268299 PHASE=AIRPLAY_INFO_111 INFO_ALT_DISPLAY=YES streamType=111 uuid=b7e6c5a0-2222-4000-8000-000000000002 geom=1440x542@60
[ALTSCREEN] seq=106 epoch_us=136284487 pid=19660924 tid=40 run_id=19700101_000108_18268299 DISPLAYS info-final container=6b1ec0 is_array=1 count=2
[ALTSCREEN] seq=107 epoch_us=136284487 pid=19660924 tid=40 run_id=19700101_000108_18268299 DISPLAYS info-final[1] type=111 is_dict=1 uuid=b7e6c5a0-2222-4000-8000-000000000002
[ALTSCREEN] seq=108 epoch_us=136288516 pid=19660924 tid=40 run_id=19700101_000108_18268299 CALL ServerPlatformCopyProperty self=48d430 lr=780f9974 rc=0 thread=40 seq=11 profile=observe
[ALTSCREEN] seq=109 epoch_us=136288516 pid=19660924 tid=40 run_id=19700101_000108_18268299 INFO_STOCK features not an int64 object=0
[ALTSCREEN] seq=110 epoch_us=136290530 pid=19660924 tid=40 run_id=19700101_000108_18268299 CALL ServerPlatformCopyProperty self=48d430 lr=780c2360 rc=0 thread=40 seq=12 profile=observe
[ALTSCREEN] seq=111 epoch_us=136291537 pid=19660924 tid=40 run_id=19700101_000108_18268299 CALL ServerPlatformCopyProperty self=48d430 lr=780c29fc rc=0 thread=40 seq=13 profile=observe
[ALTSCREEN] seq=112 epoch_us=136291537 pid=19660924 tid=40 run_id=19700101_000108_18268299 CALL SessionPlatformCopyProperty self=849bc8 lr=787b8804 rc=7019608 thread=40 seq=14 profile=observe
[ALTSCREEN] seq=113 epoch_us=136293552 pid=19660924 tid=40 run_id=19700101_000108_18268299 CALL ServerPlatformCopyProperty self=48d430 lr=780c2438 rc=0 thread=40 seq=15 profile=observe
[ALTSCREEN] seq=114 epoch_us=136294559 pid=19660924 tid=40 run_id=19700101_000108_18268299 CALL ServerPlatformCopyProperty self=48d430 lr=780c2508 rc=7018432 thread=40 seq=16 profile=observe
[ALTSCREEN] seq=115 epoch_us=136295566 pid=19660924 tid=40 run_id=19700101_000108_18268299 CALL ServerPlatformCopyProperty self=48d430 lr=780c2550 rc=2014678436 thread=40 seq=17 profile=observe
[ALTSCREEN] seq=116 epoch_us=136295566 pid=19660924 tid=40 run_id=19700101_000108_18268299 CALL ServerPlatformCopyProperty self=48d430 lr=780c2a3c rc=7621496 thread=40 seq=18 profile=observe
[ALTSCREEN] seq=117 epoch_us=136296573 pid=19660924 tid=40 run_id=19700101_000108_18268299 CALL ServerPlatformCopyProperty self=48d430 lr=780c29d8 rc=7621568 thread=40 seq=19 profile=observe
[ALTSCREEN] seq=118 epoch_us=136296573 pid=19660924 tid=40 run_id=19700101_000108_18268299 CALL SessionPlatformCopyProperty self=849bc8 lr=787b8804 rc=6944024 thread=40 seq=20 profile=observe
[ALTSCREEN] seq=119 epoch_us=136298587 pid=19660924 tid=40 run_id=19700101_000108_18268299 CALL ServerPlatformCopyProperty self=48d430 lr=780c26c4 rc=2014678436 thread=40 seq=21 profile=observe
[ALTSCREEN] seq=120 epoch_us=136302616 pid=19660924 tid=40 run_id=19700101_000108_18268299 CALL ServerPlatformCopyProperty self=48d430 lr=780c2744 rc=7101776 thread=40 seq=22 profile=observe
[ALTSCREEN] seq=121 epoch_us=136303623 pid=19660924 tid=40 run_id=19700101_000108_18268299 CALL ServerPlatformCopyProperty self=48d430 lr=780c2a7c rc=7622240 thread=40 seq=23 profile=observe
[ALTSCREEN] seq=122 epoch_us=136303623 pid=19660924 tid=40 run_id=19700101_000108_18268299 CALL ServerPlatformCopyProperty self=48d430 lr=780c2ad4 rc=7622312 thread=40 seq=24 profile=observe
[ALTSCREEN] seq=123 epoch_us=136304631 pid=19660924 tid=40 run_id=19700101_000108_18268299 CALL ServerPlatformCopyProperty self=48d430 lr=780c284c rc=0 thread=40 seq=25 profile=observe
[ALTSCREEN] seq=124 epoch_us=136304631 pid=19660924 tid=40 run_id=19700101_000108_18268299 CALL ServerPlatformCopyProperty self=48d430 lr=780c2b1c rc=7622384 thread=40 seq=26 profile=observe
[ALTSCREEN] seq=125 epoch_us=136305638 pid=19660924 tid=40 run_id=19700101_000108_18268299 CALL ServerPlatformCopyProperty self=48d430 lr=780c2910 rc=0 thread=40 seq=27 profile=observe
[ALTSCREEN] seq=126 epoch_us=136305638 pid=19660924 tid=40 run_id=19700101_000108_18268299 CALL ServerPlatformCopyProperty self=48d430 lr=780f9974 rc=7101680 thread=40 seq=28 profile=observe
[ALTSCREEN] seq=127 epoch_us=136312688 pid=19660924 tid=40 run_id=19700101_000108_18268299 PHASE=SESSION_START_ENTER receiver=849bc8 params=95faf4
[ALTSCREEN] seq=128 epoch_us=136323767 pid=19660924 tid=40 run_id=19700101_000108_18268299 CONTROL startSession session=849bc8 arg=0
[ALTSCREEN] seq=129 epoch_us=136324774 pid=19660924 tid=40 run_id=19700101_000108_18268299 CALL SessionPlatformControl self=849bc8 lr=783acf74 rc=0 thread=40 seq=29 profile=observe
[ALTSCREEN] seq=130 epoch_us=136328803 pid=19660924 tid=40 run_id=19700101_000108_18268299 PHASE=SESSION_START_RETURN receiver=849bc8 rc=0
[ALTSCREEN] seq=131 epoch_us=136349954 pid=19660924 tid=15 run_id=19700101_000108_18268299 PHASE=STREAM_111_FENCE_CANCEL receiver=849bc8 generation=1 reason=outer_session_teardown serialized=1
[ALTSCREEN] seq=132 epoch_us=136351968 pid=19660924 tid=15 run_id=19700101_000108_18268299 PHASE=TEARDOWN_PLATFORM_NOTIFICATION session=849bc8 lifetime_owner=outer_session_teardown
[ALTSCREEN] seq=133 epoch_us=136385206 pid=19660924 tid=15 run_id=19700101_000108_18268299 PHASE=TEARDOWN_OUTER receiver=849bc8 stock_called=1 reason=0 done=-1 scope=3
[ALTSCREEN] seq=134 epoch_us=136390241 pid=19660924 tid=40 run_id=19700101_000108_18268299 CALL ServerPlatformCopyProperty self=48d430 lr=780f9974 rc=0 thread=40 seq=30 profile=observe
[ALTSCREEN] seq=135 epoch_us=136391249 pid=19660924 tid=40 run_id=19700101_000108_18268299 PHASE=SETUP_REQUEST_ENTER session=849bc8 wants_alt=1 alt_descriptor=69fc20 alt_descriptor_count=1 params=69fdd0 wrapper=outer_session_setup canonical_parser=1
[ALTSCREEN] seq=136 epoch_us=136391249 pid=19660924 tid=40 run_id=19700101_000108_18268299 OBS setup-request-original dict depth=0 count=1
[ALTSCREEN] seq=137 epoch_us=136391249 pid=19660924 tid=40 run_id=19700101_000108_18268299 OBSALL setup-request-original d=0 key=streams type=array count=1
[ALTSCREEN] seq=138 epoch_us=136391249 pid=19660924 tid=40 run_id=19700101_000108_18268299 OBS setup-request-original array depth=1 count=1
[ALTSCREEN] seq=139 epoch_us=136391249 pid=19660924 tid=40 run_id=19700101_000108_18268299 OBSALL setup-request-original d=2 key=[] type=dict count=4
[ALTSCREEN] seq=140 epoch_us=136391249 pid=19660924 tid=40 run_id=19700101_000108_18268299 OBS setup-request-original dict depth=3 count=4
[ALTSCREEN] seq=141 epoch_us=136391249 pid=19660924 tid=40 run_id=19700101_000108_18268299 OBSALL setup-request-original d=3 key=uuid type=redacted value=REDACTED
[ALTSCREEN] seq=142 epoch_us=136391249 pid=19660924 tid=40 run_id=19700101_000108_18268299 OBSALL setup-request-original d=3 key=latencyMs type=int value=25
[ALTSCREEN] seq=143 epoch_us=136391249 pid=19660924 tid=40 run_id=19700101_000108_18268299 OBSALL setup-request-original d=3 key=type type=int value=111
[ALTSCREEN] seq=144 epoch_us=136391249 pid=19660924 tid=40 run_id=19700101_000108_18268299 OBS STREAMTYPE tag=setup-request-original seen=111 main=0 alt=1
[ALTSCREEN] seq=145 epoch_us=136391249 pid=19660924 tid=40 run_id=19700101_000108_18268299 OBSALL setup-request-original d=3 key=streamConnectionID type=redacted value=REDACTED
[ALTSCREEN] seq=146 epoch_us=136391249 pid=19660924 tid=40 run_id=19700101_000108_18268299 PHASE=SETUP_111_DESCRIPTOR session=849bc8 descriptor=69fc20 count=1 advertised=1 display_published=1 feature_property_advertised=0 feature_negotiated=1 create111_armed=1 backend_ready=1 backend=P1404-exact-priv111-two-phase
[ALTSCREEN] seq=147 epoch_us=136392256 pid=19660924 tid=40 run_id=19700101_000108_18268299 PHASE=SETUP_111_REQUEST create111_armed=1 descriptor=69fc20 count=1 canonical=1
[ALTSCREEN] seq=148 epoch_us=136392256 pid=19660924 tid=40 run_id=19700101_000108_18268299 PHASE=SETUP_STOCK_SPLIT receiver=849bc8 original=69fdd0 stock_only=69fe18 descriptor=69fc20 removed=1
[ALTSCREEN] seq=149 epoch_us=136392256 pid=19660924 tid=40 run_id=19700101_000108_18268299 PHASE=STREAM_111_FENCE_BEGIN receiver=849bc8 descriptor=69fc20 generation=2 slot=0
[ALTSCREEN] seq=150 epoch_us=136392256 pid=19660924 tid=40 run_id=19700101_000108_18268299 PHASE=STREAM_111_PREP receiver=849bc8 strategy=P1404-exact-priv111-two-phase stock_only_request=69fe18 original=69fdd0 descriptor=69fc20
[ALTSCREEN] seq=151 epoch_us=136392256 pid=19660924 tid=40 run_id=19700101_000108_18268299 PHASE=SETUP_STOCK_PREP session=849bc8 prep_rc=1 private_policy=1 private_allowed=1 stock_params=69fe18 original_params=69fdd0 owned=1 stock110_protected=1 backend=P1404-exact-priv111-two-phase
[ALTSCREEN] seq=152 epoch_us=136392256 pid=19660924 tid=40 run_id=19700101_000108_18268299 OBS setup-request-stock dict depth=0 count=1
[ALTSCREEN] seq=153 epoch_us=136392256 pid=19660924 tid=40 run_id=19700101_000108_18268299 OBSALL setup-request-stock d=0 key=streams type=array count=0
[ALTSCREEN] seq=154 epoch_us=136392256 pid=19660924 tid=40 run_id=19700101_000108_18268299 OBS setup-request-stock array depth=1 count=0
[ALTSCREEN] seq=155 epoch_us=136396285 pid=19660924 tid=40 run_id=19700101_000108_18268299 PHASE=SETUP_PLATFORM_NOTIFICATION session=849bc8 response_owner=outer_session_setup out_params=0
[ALTSCREEN] seq=156 epoch_us=136398299 pid=19660924 tid=40 run_id=19700101_000108_18268299 CALL SessionSetup self=849bc8 lr=780cf734 rc=0 thread=40 seq=31 profile=observe
[ALTSCREEN] seq=157 epoch_us=136398299 pid=19660924 tid=40 run_id=19700101_000108_18268299 PHASE=SETUP_STOCK_RETURN rc=0 response=69fb90 wants_alt=1 alt_descriptor=69fc20 prep_rc=1
[ALTSCREEN] seq=158 epoch_us=136398299 pid=19660924 tid=40 run_id=19700101_000108_18268299 OBS setup-response-stock dict depth=0 count=2
[ALTSCREEN] seq=159 epoch_us=136398299 pid=19660924 tid=40 run_id=19700101_000108_18268299 OBSALL setup-response-stock d=0 key=eventPort type=int value=5001
[ALTSCREEN] seq=160 epoch_us=136398299 pid=19660924 tid=40 run_id=19700101_000108_18268299 OBSALL setup-response-stock d=0 key=timingPort type=redacted value=REDACTED
[ALTSCREEN] seq=161 epoch_us=136398299 pid=19660924 tid=40 run_id=19700101_000108_18268299 PHASE=STREAM_111_FENCE_COMMIT_ENTER receiver=849bc8 descriptor=69fc20 generation=2 serialized=1
[ALTSCREEN] seq=162 epoch_us=136398299 pid=19660924 tid=40 run_id=19700101_000108_18268299 PHASE=STREAM_111_PREPARE_BEGIN receiver=849bc8 descriptor=69fc20 generation=2 backend=P1404-exact-priv111-two-phase two_phase=1
[ALTSCREEN] seq=163 epoch_us=136398299 pid=19660924 tid=40 run_id=19700101_000108_18268299 PHASE=STREAM_111_CREATE_RETURN receiver=849bc8 rc=0 session=767590
[ALTSCREEN] seq=164 epoch_us=136399306 pid=19660924 tid=40 run_id=19700101_000108_18268299 PHASE=STREAM_111_SETUP_RETURN receiver=849bc8 session=767590 rc=0
[ALTSCREEN] seq=165 epoch_us=136399306 pid=19660924 tid=40 run_id=19700101_000108_18268299 PHASE=STREAM_111_SECURITY_DERIVE_CALL receiver=849bc8 session=767590 conn=17079585082006785410 key_source=receiver+0x1c8
[ALTSCREEN] seq=166 epoch_us=136399306 pid=19660924 tid=40 run_id=19700101_000108_18268299 PHASE=STREAM_111_SECURITY_DERIVE_RETURN receiver=849bc8 session=767590 return_type=void
[ALTSCREEN] seq=167 epoch_us=136399306 pid=19660924 tid=40 run_id=19700101_000108_18268299 PHASE=STREAM_111_SECURITY_SET_CALL receiver=849bc8 session=767590
[ALTSCREEN] seq=168 epoch_us=136399306 pid=19660924 tid=40 run_id=19700101_000108_18268299 PHASE=STREAM_111_SECURITY_SET_RETURN receiver=849bc8 session=767590 rc=0 ctr_ready=1
[ALTSCREEN] seq=169 epoch_us=136407364 pid=19660924 tid=40 run_id=19700101_000108_18268299 PHASE=STREAM_111_LISTENER_OPEN_RETURN rc=0 requested_port=0 bound_port=65398 advertised_port=65398 fd=39 helper=ServerSocketOpen recvbuf=-180224 af=24
[ALTSCREEN] seq=170 epoch_us=138124617 pid=19660924 tid=40 run_id=19700101_000108_18268299 PHASE=STREAM_111_FIREWALL_ADD receiver=849bc8 session=767590 port=65398 result=OK scope=carplay0_tcp_exact_port before_response=1
[ALTSCREEN] LOG_QUEUE_DROPPED total=1 capacity=255 run_id=19700101_000108_18268299
[ALTSCREEN] seq=171 epoch_us=138124617 pid=19660924 tid=40 run_id=19700101_000108_18268299 PHASE=STREAM_111_PREPARED receiver=849bc8 session=767590 dataPort=65398 conn=17079585082006785410 startSession=0 stream_pending=1
[ALTSCREEN] seq=172 epoch_us=138124617 pid=19660924 tid=40 run_id=19700101_000108_18268299 PHASE=STREAM_111_SESSION_STAGE id=1 generation=0 receiver=849bc8 alt_session=767590 stream_pending=1 committed=0 stock110_untouched=1
[ALTSCREEN] seq=173 epoch_us=138124617 pid=19660924 tid=40 run_id=19700101_000108_18268299 PHASE=STREAM_111_WORKER_READY receiver=849bc8 session=767590 thread=29 blocked_on_accept=1 response_not_merged_yet=1
[ALTSCREEN] seq=174 epoch_us=138124617 pid=19660924 tid=40 run_id=19700101_000108_18268299 PHASE=STREAM_111_WORKER_ARM receiver=849bc8 generation=2 alt_session=767590 worker_ready=1 accept_pending=1 response_not_merged=1
[ALTSCREEN] seq=175 epoch_us=138124617 pid=19660924 tid=40 run_id=19700101_000108_18268299 PHASE=STREAM_111_RESPONSE_MERGE_BEGIN receiver=849bc8 generation=2 stock_response=69fb90 private_response=69f950 two_phase=1
[ALTSCREEN] seq=176 epoch_us=138124617 pid=19660924 tid=40 run_id=19700101_000108_18268299 PHASE=STREAM_111_RESPONSE_NORMALIZE response=69fb90 empty_stock_response=1 streams_array_created=1 livi_shape=1
[ALTSCREEN] seq=177 epoch_us=138124617 pid=19660924 tid=40 run_id=19700101_000108_18268299 NEGOTIATED probe streams contains explicit type111=1
[ALTSCREEN] seq=178 epoch_us=138124617 pid=19660924 tid=40 run_id=19700101_000108_18268299 PHASE=STREAM_111_RESPONSE_TXN_READY response=69fb90 private=69f950 streams_merged=1 empty_stock_response=1 enabledFeatures=stock_unchanged_livi_stream_setup stock_objects_retained=1
[ALTSCREEN] seq=179 epoch_us=138124617 pid=19660924 tid=40 run_id=19700101_000108_18268299 PHASE=STREAM_111_SESSION_COMMIT id=1 generation=2 receiver=849bc8 alt_session=767590 final_response_merged=1 listener_ready=1 stream_pending=1 g5b=0 stock110_untouched=1
[ALTSCREEN] seq=180 epoch_us=138124617 pid=19660924 tid=40 run_id=19700101_000108_18268299 PHASE=STREAM_111_PRIVATE_READY id=1 generation=2 receiver=849bc8 alt_session=767590 alt_stream=PENDING backend=P1404-exact-priv111-two-phase final_response_merged=1 listener_worker_ready=1 two_phase=1 stock110_untouched=1
[ALTSCREEN] seq=181 epoch_us=138124617 pid=19660924 tid=40 run_id=19700101_000108_18268299 PHASE=STREAM_111_FENCE_COMMIT_LEAVE receiver=849bc8 generation=2 private_rc=1 serialized=1
[ALTSCREEN] seq=182 epoch_us=138124617 pid=19660924 tid=40 run_id=19700101_000108_18268299 PHASE=SETUP_111_FINISH receiver=849bc8 id=1 generation=2 session=767590 stream=0 private_rc=1 stock_rc=0 response=69fb90 generation_consumed=1
[ALTSCREEN] seq=183 epoch_us=138124617 pid=19660924 tid=40 run_id=19700101_000108_18268299 OBS setup-response-final dict depth=0 count=3
[ALTSCREEN] seq=184 epoch_us=138124617 pid=19660924 tid=40 run_id=19700101_000108_18268299 OBSALL setup-response-final d=0 key=eventPort type=int value=5001
[ALTSCREEN] seq=185 epoch_us=138124617 pid=19660924 tid=40 run_id=19700101_000108_18268299 OBSALL setup-response-final d=0 key=streams type=array count=1
[ALTSCREEN] seq=186 epoch_us=138125625 pid=19660924 tid=40 run_id=19700101_000108_18268299 OBS setup-response-final array depth=1 count=1
[ALTSCREEN] seq=187 epoch_us=138125625 pid=19660924 tid=40 run_id=19700101_000108_18268299 OBSALL setup-response-final d=2 key=[] type=dict count=2
[ALTSCREEN] seq=188 epoch_us=138125625 pid=19660924 tid=40 run_id=19700101_000108_18268299 OBS setup-response-final dict depth=3 count=2
[ALTSCREEN] seq=189 epoch_us=138125625 pid=19660924 tid=40 run_id=19700101_000108_18268299 OBSALL setup-response-final d=3 key=dataPort type=int value=65398
[ALTSCREEN] seq=190 epoch_us=138125625 pid=19660924 tid=40 run_id=19700101_000108_18268299 OBSALL setup-response-final d=3 key=type type=int value=111
[ALTSCREEN] seq=191 epoch_us=138125625 pid=19660924 tid=40 run_id=19700101_000108_18268299 OBS STREAMTYPE tag=setup-response-final seen=111 main=0 alt=1
[ALTSCREEN] seq=192 epoch_us=138125625 pid=19660924 tid=40 run_id=19700101_000108_18268299 OBSALL setup-response-final d=0 key=timingPort type=redacted value=REDACTED
[ALTSCREEN] seq=193 epoch_us=138125625 pid=19660924 tid=40 run_id=19700101_000108_18268299 NEGOTIATED probe streams contains explicit type111=1
[ALTSCREEN] seq=194 epoch_us=138125625 pid=19660924 tid=40 run_id=19700101_000108_18268299 PHASE=SETUP_111_FINAL_READY receiver=849bc8 id=1 generation=2 session=767590 stream=0 response=69fb90 type111=1 dataPort_merged=1 stock_rc=0 return_to_phone=1
[ALTSCREEN] seq=195 epoch_us=138165912 pid=19660924 tid=40 run_id=19700101_000108_18268299 PHASE=STREAM_111_FENCE_CANCEL receiver=849bc8 generation=3 reason=outer_session_teardown serialized=1
[ALTSCREEN] seq=196 epoch_us=138165912 pid=19660924 tid=40 run_id=19700101_000108_18268299 PHASE=STREAM_111_TEARDOWN_BEGIN receiver=849bc8 id=1 generation=2 alt_session=767590 alt_stream=0 state=2 committed=1 reason=outer_session_teardown
[ALTSCREEN] seq=197 epoch_us=138165912 pid=19660924 tid=40 run_id=19700101_000108_18268299 PHASE=STREAM_111_WORKER_STOP_REQUEST receiver=849bc8 session=767590 phase=2 worker_started=1 worker_done=0 listener=39 port=65398
[ALTSCREEN] seq=198 epoch_us=138167927 pid=19660924 tid=40 run_id=19700101_000108_18268299 PHASE=STREAM_111_LISTENER_WAKE port=65398 rc=0 method=localhost-connect af=24
[ALTSCREEN] seq=199 epoch_us=138168934 pid=19660924 tid=29 run_id=19700101_000108_18268299 PHASE=STREAM_111_ACCEPT_RETURN receiver=849bc8 id=1 generation=2 session=767590 rc=0 native_fd=21 attempt=1
[ALTSCREEN] seq=200 epoch_us=138168934 pid=19660924 tid=29 run_id=19700101_000108_18268299 PHASE=STREAM_111_ACCEPT_STOPPED receiver=849bc8 id=1 generation=2 session=767590 rc=0 native_fd=21 attempt=1 teardown_won=1
[ALTSCREEN] seq=201 epoch_us=138168934 pid=19660924 tid=29 run_id=19700101_000108_18268299 PHASE=STREAM_111_FIREWALL_DEFERRED receiver=849bc8 session=767590 reason=post_accept_keep_until_teardown next=NETSOCKET_CREATE
[ALTSCREEN] seq=202 epoch_us=138168934 pid=19660924 tid=29 run_id=19700101_000108_18268299 PHASE=STREAM_111_WORKER_DONE receiver=849bc8 id=1 generation=2 session=767590 phase=6 session_stopped=0 stop_rc=-1
[ALTSCREEN] seq=203 epoch_us=138169941 pid=19660924 tid=40 run_id=19700101_000108_18268299 PHASE=STREAM_111_WORKER_JOIN receiver=849bc8 session=767590 thread=29 rc=0
[ALTSCREEN] seq=204 epoch_us=138170948 pid=19660924 tid=40 run_id=19700101_000108_18268299 PHASE=STREAM_111_STOP_RETURN receiver=849bc8 session=767590 stop_check=0 worker_owned=0 destroyed=1
[ALTSCREEN] seq=205 epoch_us=139835828 pid=19660924 tid=40 run_id=19700101_000108_18268299 PHASE=STREAM_111_FIREWALL_REMOVE session=767590 port=65398 reason=teardown_post_session result=OK scope=exact-port
[ALTSCREEN] seq=206 epoch_us=139835828 pid=19660924 tid=40 run_id=19700101_000108_18268299 PHASE=STREAM_111_BACKEND_TEARDOWN_DONE receiver=849bc8 session=767590 join_rc=0 stop_rc=0 firewall_cleanup_nonfatal=1
[ALTSCREEN] seq=207 epoch_us=139835828 pid=19660924 tid=40 run_id=19700101_000108_18268299 PHASE=ALT_CTX_RELEASE id=1 generation=2 receiver=849bc8 alt_session=767590 alt_stream=0 state=2 bytes=0 packets=0 sps=0 pps=0 idr=0 decoder=0 cockpit=0
[ALTSCREEN] seq=208 epoch_us=139835828 pid=19660924 tid=40 run_id=19700101_000108_18268299 PHASE=STREAM_111_TEARDOWN_DONE receiver=849bc8 id=1 generation=2 session=767590 stream=0 ok=1 state_mapping=cleared reason=outer_session_teardown
[ALTSCREEN] seq=209 epoch_us=139837843 pid=19660924 tid=40 run_id=19700101_000108_18268299 PHASE=TEARDOWN_PLATFORM_NOTIFICATION session=849bc8 lifetime_owner=outer_session_teardown
[ALTSCREEN] seq=210 epoch_us=139845900 pid=19660924 tid=40 run_id=19700101_000108_18268299 PHASE=TEARDOWN_OUTER receiver=849bc8 stock_called=1 reason=-6736 done=-1 scope=3
[ALTSCREEN] seq=1 epoch_us=143709469 pid=21151790 tid=2 run_id=19700101_000108_18268299 PHASE=HOOK_INIT log=/tmp/MMI-Cockpit-Carplay.altscreen_hook.log profile=observe main=1024x480 cluster=0x0 stream_alt=111
[ALTSCREEN] seq=2 epoch_us=143717527 pid=21151790 tid=2 run_id=19700101_000108_18268299 STATE_ROOT=/mnt/app/root/carplay-altscreen/state app_authoritative=1 log=/tmp/MMI-Cockpit-Carplay.altscreen_hook.log profile=/mnt/app/root/carplay-altscreen/state/IAP2_PROFILE
[ALTSCREEN] seq=3 epoch_us=143717527 pid=21151790 tid=2 run_id=19700101_000108_18268299 PHASE=STATE_ROOT_WAIT result=PASS authority=APP waited_s=0 startup_thread_blocked=0 stock_until_ready=1
[ALTSCREEN] seq=4 epoch_us=143728606 pid=21151790 tid=2 run_id=19700101_000108_18268299 PHASE=STOCK_EXPORT_BIND result=PASS server=1 session=1 control=1 displays=1 process=1 create=1 method=RTLD_NEXT_OR_HANDLE_SCOPED
[ALTSCREEN] seq=5 epoch_us=143728606 pid=21151790 tid=2 run_id=19700101_000108_18268299 PHASE=NATIVE_111_STOCK_BIND config=1 render=1 stream_start=1 screen_copy_main=1 screen_create=1 copy_delegates=1 register_delegates=1 pthread_create=1 pthread_detach=1 spawnl=1 geometry=0
[ALTSCREEN] seq=6 epoch_us=143744721 pid=21151790 tid=2 run_id=19700101_000108_18268299 CF bind rawabi=standard array=1 dict=1 string=1 cfl_cstr3=1 number64=1 callbacks=1/1/1 typeid=1 release=1
[ALTSCREEN] seq=7 epoch_us=143744721 pid=21151790 tid=2 run_id=19700101_000108_18268299 PHASE=AUG22_DYNAMIC_RESOLVER result=PASS resolver=ELF32_ARM_DYNAMIC_RELOCATION symbols=dynsym relocations=R_ARM_GLOB_DAT,R_ARM_JUMP_SLOT transaction=all_or_nothing stock_fail_open=YES persistent_sd_via_boot_recorder=YES
[ALTSCREEN] seq=8 epoch_us=143744721 pid=21151790 tid=2 run_id=19700101_000108_18268299 PHASE=STOCK_INTERNAL_REDIRECT result=PASS slots=16 scope=AUG22_PROFILE_GOT code_bytes_changed=0
[ALTSCREEN] seq=9 epoch_us=143753786 pid=21151790 tid=2 run_id=19700101_000108_18268299 PHASE=RUNTIME_PROCESS_IDENTITY result=PASS process=dio_manager force_start=1 identity_override=DISABLED worker_started=1 stock_until_ready=1
[ALTSCREEN] seq=10 epoch_us=143769901 pid=21151790 tid=2 run_id=19700101_000108_18268299 PHASE=RUNTIME_AUTHORIZATION result=FORCED_BYPASS marker=FORCE_START required_symbol_and_backend_safety_checks=ENFORCED
[ALTSCREEN] seq=11 epoch_us=143775944 pid=21151790 tid=2 run_id=19700101_000108_18268299 PHASE=RUNTIME_PREREQUISITES result=PASS symbols=13 loader_layout=RX_RW
[ALTSCREEN] seq=12 epoch_us=143775944 pid=21151790 tid=2 run_id=19700101_000108_18268299 PHASE=RUNTIME_ABI_IDENTITY result=PASS compatibility_checks=FORCED resolution=DLSYM_REQUIRED_NAMES authorization=FORCED_BYPASS armed=1 mutate=1
[ALTSCREEN] seq=13 epoch_us=143775944 pid=21151790 tid=2 run_id=19700101_000108_18268299 CF bind rawabi=standard array=1 dict=1 string=1 cfl_cstr3=1 number64=1 callbacks=1/1/1 typeid=1 release=1
[ALTSCREEN] seq=14 epoch_us=143775944 pid=21151790 tid=2 run_id=19700101_000108_18268299 PHASE=RUNTIME_FORWARDING_GATE result=PASS libc_forward=1 native_stock=1 nme_exact_io=1
[ALTSCREEN] seq=15 epoch_us=143775944 pid=21151790 tid=2 run_id=19700101_000108_18268299 PHASE=LOG_WRITER_READY mode=bounded_async queue_slots=256 line_bytes=768 max_bytes=16777216 no_truncate=1 deferred_worker=1 startup_thread_blocked=0
[ALTSCREEN] seq=16 epoch_us=143784001 pid=21151790 tid=2 run_id=19700101_000108_18268299 PROFILE file=/mnt/app/root/carplay-altscreen/state/IAP2_PROFILE content=observe resolved=observe modifies=0 pair=0/0 component=none - parse and log only
[ALTSCREEN] seq=17 epoch_us=143790044 pid=21151790 tid=2 run_id=19700101_000108_18268299 CF bind rawabi=standard array=1 dict=1 string=1 cfl_cstr3=1 number64=1 callbacks=1/1/1 typeid=1 release=1
[ALTSCREEN] seq=18 epoch_us=143830332 pid=21151790 tid=2 run_id=19700101_000108_18268299 PHASE=FLAGS_LOADED mutate=1 info=1 feature=1 create111=1 iap2=0
[ALTSCREEN] seq=19 epoch_us=143838389 pid=21151790 tid=2 run_id=19700101_000108_18268299 PHASE=PRIVATE111_BACKEND_READY name=P1404-exact-priv111-two-phase stock_requires_split=1 two_phase=1 abi_verified=1
[ALTSCREEN] seq=20 epoch_us=143838389 pid=21151790 tid=2 run_id=19700101_000108_18268299 PHASE=PRIVATE111_BACKEND_READY backend=P1404-exact-priv111-two-phase two_phase=1 exactHelpers=1 mainIsolation=1 generationFence=1
[ALTSCREEN] seq=21 epoch_us=143838389 pid=21151790 tid=2 run_id=19700101_000108_18268299 PHASE=PRIVATE111_BACKEND_INSTALL_RESULT ready=1 identity=1 create111_armed=1
[ALTSCREEN] seq=22 epoch_us=143852490 pid=21151790 tid=2 run_id=19700101_000108_18268299 PHASE=NATIVE_111_DISPLAY_CANDIDATE index=0 id=4 size=1024x480
[ALTSCREEN] seq=23 epoch_us=143852490 pid=21151790 tid=2 run_id=19700101_000108_18268299 PHASE=NATIVE_111_DISPLAY_CANDIDATE index=1 id=1 size=1440x542
[ALTSCREEN] seq=24 epoch_us=143853497 pid=21151790 tid=2 run_id=19700101_000108_18268299 PHASE=NATIVE_111_GEOMETRY_PUBLISHED display=1 size=1440x542 fixed_fallback=0
[ALTSCREEN] seq=25 epoch_us=143853497 pid=21151790 tid=2 run_id=19700101_000108_18268299 PHASE=NATIVE_111_GEOMETRY_READY target_display=1 size=1440x542 source=SCREEN_PROPERTY_SIZE fixed_fallback=0
[ALTSCREEN] seq=26 epoch_us=143853497 pid=21151790 tid=2 run_id=19700101_000108_18268299 PHASE=RUNTIME_GEOMETRY_GATE result=PASS attempts=1 startup_thread_blocked=0 fixed_fallback=0
[ALTSCREEN] seq=27 epoch_us=143853497 pid=21151790 tid=2 run_id=19700101_000108_18268299 RUNTIME ready process=dio_manager identity=1 armed=1 mutate=1 bearer=1 profile=observe private111_backend=1
[ALTSCREEN] seq=28 epoch_us=143853497 pid=21151790 tid=2 run_id=19700101_000108_18268299 RUNTIME bearer open64=16dad1c read=167c49c write=167d1a4 send=78376978 recv=7836e938 close=1679168 dup=1679344 nme_create=0 nme_write=0 nme_read=0 nme_delete=0
[ALTSCREEN] seq=29 epoch_us=146170027 pid=21151790 tid=39 run_id=19700101_000108_18268299 CALL ServerPlatformCopyProperty self=857020 lr=78569974 rc=0 thread=39 seq=1 profile=observe
[ALTSCREEN] seq=30 epoch_us=146170027 pid=21151790 tid=39 run_id=19700101_000108_18268299 INFO_STOCK features not an int64 object=0
[ALTSCREEN] seq=31 epoch_us=146170027 pid=21151790 tid=39 run_id=19700101_000108_18268299 CALL ServerPlatformCopyProperty self=857020 lr=78569974 rc=4631088 thread=39 seq=2 profile=observe
[ALTSCREEN] seq=32 epoch_us=146171034 pid=21151790 tid=39 run_id=19700101_000108_18268299 CALL ServerPlatformCopyProperty self=857020 lr=78569974 rc=0 thread=39 seq=3 profile=observe
[ALTSCREEN] seq=33 epoch_us=146605132 pid=21151790 tid=41 run_id=19700101_000108_18268299 CALL ServerPlatformCopyProperty self=857020 lr=78569974 rc=0 thread=41 seq=4 profile=observe
[ALTSCREEN] seq=34 epoch_us=146609161 pid=21151790 tid=41 run_id=19700101_000108_18268299 PHASE=SETUP_REQUEST_ENTER session=85c028 wants_alt=1 alt_descriptor=0 alt_descriptor_count=0 params=341bd8 wrapper=outer_session_setup canonical_parser=1
[ALTSCREEN] seq=35 epoch_us=146609161 pid=21151790 tid=41 run_id=19700101_000108_18268299 OBS setup-request-original dict depth=0 count=17
[ALTSCREEN] seq=36 epoch_us=146609161 pid=21151790 tid=41 run_id=19700101_000108_18268299 OBSALL setup-request-original d=0 key=internalBuild type=redacted value=REDACTED
[ALTSCREEN] seq=37 epoch_us=146609161 pid=21151790 tid=41 run_id=19700101_000108_18268299 OBSALL setup-request-original d=0 key=et type=scalar payload=metadata-only
[ALTSCREEN] seq=38 epoch_us=146609161 pid=21151790 tid=41 run_id=19700101_000108_18268299 OBSALL setup-request-original d=0 key=updateSessionRequest type=redacted value=REDACTED
[ALTSCREEN] seq=39 epoch_us=146609161 pid=21151790 tid=41 run_id=19700101_000108_18268299 OBSALL setup-request-original d=0 key=features type=array count=13
[ALTSCREEN] seq=40 epoch_us=146609161 pid=21151790 tid=41 run_id=19700101_000108_18268299 OBS setup-request-original array depth=1 count=13
[ALTSCREEN] seq=41 epoch_us=146609161 pid=21151790 tid=41 run_id=19700101_000108_18268299 OBSALL setup-request-original d=2 key=[] type=string value=uiContext
[ALTSCREEN] seq=42 epoch_us=146609161 pid=21151790 tid=41 run_id=19700101_000108_18268299 OBSALL setup-request-original d=2 key=[] type=string value=viewAreas
[ALTSCREEN] seq=43 epoch_us=146609161 pid=21151790 tid=41 run_id=19700101_000108_18268299 OBSALL setup-request-original d=2 key=[] type=string value=cornerMasks
[ALTSCREEN] seq=44 epoch_us=146609161 pid=21151790 tid=41 run_id=19700101_000108_18268299 OBSALL setup-request-original d=2 key=[] type=string value=focusTransfer
[ALTSCREEN] seq=45 epoch_us=146609161 pid=21151790 tid=41 run_id=19700101_000108_18268299 OBSALL setup-request-original d=2 key=[] type=string value=h.264Level5.1
[ALTSCREEN] seq=46 epoch_us=146609161 pid=21151790 tid=41 run_id=19700101_000108_18268299 OBSALL setup-request-original d=2 key=[] type=string value=mainBuffered
[ALTSCREEN] seq=47 epoch_us=146609161 pid=21151790 tid=41 run_id=19700101_000108_18268299 OBSALL setup-request-original d=2 key=[] type=string value=altScreen
[ALTSCREEN] seq=48 epoch_us=146610168 pid=21151790 tid=41 run_id=19700101_000108_18268299 OBSALL setup-request-original d=2 key=[] type=string value=enhancedSiri
[ALTSCREEN] seq=49 epoch_us=146610168 pid=21151790 tid=41 run_id=19700101_000108_18268299 OBSALL setup-request-original d=2 key=[] type=string value=hevc
[ALTSCREEN] seq=50 epoch_us=146610168 pid=21151790 tid=41 run_id=19700101_000108_18268299 OBSALL setup-request-original d=2 key=[] type=string value=vehicleStateProtocol
[ALTSCREEN] seq=51 epoch_us=146610168 pid=21151790 tid=41 run_id=19700101_000108_18268299 OBSALL setup-request-original d=2 key=[] type=string value=sessionManagement
[ALTSCREEN] seq=52 epoch_us=146610168 pid=21151790 tid=41 run_id=19700101_000108_18268299 OBSALL setup-request-original d=2 key=[] type=string value=logTransfer
[ALTSCREEN] seq=53 epoch_us=146610168 pid=21151790 tid=41 run_id=19700101_000108_18268299 OBSALL setup-request-original d=2 key=[] type=string value=iAPChannel
[ALTSCREEN] seq=54 epoch_us=146610168 pid=21151790 tid=41 run_id=19700101_000108_18268299 OBSALL setup-request-original d=0 key=model type=scalar payload=metadata-only
[ALTSCREEN] seq=55 epoch_us=146610168 pid=21151790 tid=41 run_id=19700101_000108_18268299 OBSALL setup-request-original d=0 key=osName type=scalar payload=metadata-only
[ALTSCREEN] seq=56 epoch_us=146610168 pid=21151790 tid=41 run_id=19700101_000108_18268299 OBSALL setup-request-original d=0 key=deviceID type=redacted value=REDACTED
[ALTSCREEN] seq=57 epoch_us=146610168 pid=21151790 tid=41 run_id=19700101_000108_18268299 OBSALL setup-request-original d=0 key=name type=scalar payload=metadata-only
[ALTSCREEN] seq=58 epoch_us=146610168 pid=21151790 tid=41 run_id=19700101_000108_18268299 OBSALL setup-request-original d=0 key=diagnosticsAndUsage type=redacted value=REDACTED
[ALTSCREEN] seq=59 epoch_us=146610168 pid=21151790 tid=41 run_id=19700101_000108_18268299 OBSALL setup-request-original d=0 key=sessionCorrelationUUID type=redacted value=REDACTED
[ALTSCREEN] seq=60 epoch_us=146610168 pid=21151790 tid=41 run_id=19700101_000108_18268299 OBSALL setup-request-original d=0 key=timingPort type=redacted value=REDACTED
[ALTSCREEN] seq=61 epoch_us=146610168 pid=21151790 tid=41 run_id=19700101_000108_18268299 OBSALL setup-request-original d=0 key=sessionUUID type=redacted value=REDACTED
[ALTSCREEN] seq=62 epoch_us=146610168 pid=21151790 tid=41 run_id=19700101_000108_18268299 OBSALL setup-request-original d=0 key=statsCollectionEnabled type=redacted value=REDACTED
[ALTSCREEN] seq=63 epoch_us=146610168 pid=21151790 tid=41 run_id=19700101_000108_18268299 OBSALL setup-request-original d=0 key=osVersion type=redacted value=REDACTED
[ALTSCREEN] seq=64 epoch_us=146610168 pid=21151790 tid=41 run_id=19700101_000108_18268299 OBSALL setup-request-original d=0 key=macAddress type=scalar payload=metadata-only
[ALTSCREEN] seq=65 epoch_us=146610168 pid=21151790 tid=41 run_id=19700101_000108_18268299 OBSALL setup-request-original d=0 key=osBuildVersion type=redacted value=REDACTED
[ALTSCREEN] seq=66 epoch_us=146610168 pid=21151790 tid=41 run_id=19700101_000108_18268299 OBSALL setup-request-original d=0 key=sourceVersion type=redacted value=REDACTED
[ALTSCREEN] seq=67 epoch_us=146610168 pid=21151790 tid=41 run_id=19700101_000108_18268299 PHASE=PHONE_REQUEST_111 PHONE_REQUESTED_ALTSCREEN=YES
[ALTSCREEN] seq=68 epoch_us=146610168 pid=21151790 tid=41 run_id=19700101_000108_18268299 PHASE=SETUP_111_REQUEST create111_armed=1 descriptor=0 count=0 canonical=1
[ALTSCREEN] seq=69 epoch_us=146610168 pid=21151790 tid=41 run_id=19700101_000108_18268299 PHASE=SETUP_STOCK_PREP session=85c028 prep_rc=0 private_policy=0 private_allowed=0 stock_params=341bd8 original_params=341bd8 owned=0 stock110_protected=0 backend=P1404-exact-priv111-two-phase
[ALTSCREEN] seq=70 epoch_us=146610168 pid=21151790 tid=41 run_id=19700101_000108_18268299 PHASE=SETUP_STOCK_REQUEST strategy=passthrough_or_split_failed params=341bd8
[ALTSCREEN] seq=71 epoch_us=146614197 pid=21151790 tid=41 run_id=19700101_000108_18268299 PHASE=SETUP_PLATFORM_NOTIFICATION session=85c028 response_owner=outer_session_setup out_params=0
[ALTSCREEN] seq=72 epoch_us=146616211 pid=21151790 tid=41 run_id=19700101_000108_18268299 CALL SessionSetup self=85c028 lr=7853f734 rc=0 thread=41 seq=5 profile=observe
[ALTSCREEN] seq=73 epoch_us=146616211 pid=21151790 tid=41 run_id=19700101_000108_18268299 PHASE=SETUP_STOCK_RETURN rc=0 response=341ab8 wants_alt=1 alt_descriptor=0 prep_rc=0
[ALTSCREEN] seq=74 epoch_us=146616211 pid=21151790 tid=41 run_id=19700101_000108_18268299 OBS setup-response-stock dict depth=0 count=2
[ALTSCREEN] seq=75 epoch_us=146616211 pid=21151790 tid=41 run_id=19700101_000108_18268299 OBSALL setup-response-stock d=0 key=eventPort type=int value=5001
[ALTSCREEN] seq=76 epoch_us=146616211 pid=21151790 tid=41 run_id=19700101_000108_18268299 OBSALL setup-response-stock d=0 key=timingPort type=redacted value=REDACTED
[ALTSCREEN] seq=77 epoch_us=146616211 pid=21151790 tid=41 run_id=19700101_000108_18268299 PHASE=SETUP_RESPONSE_PATCH enabledFeatures=created alt=1 viewAreas=1 count=2 set=1
[ALTSCREEN] seq=78 epoch_us=146616211 pid=21151790 tid=41 run_id=19700101_000108_18268299 PHASE=SETUP_FEATURE_NEGOTIATION receiver=85c028 requested=1 feature_property_advertised=0 display_published=0 geometry_preflight=1 response_patched=1 descriptor_phase=0 backend_ready=1
[ALTSCREEN] seq=79 epoch_us=146616211 pid=21151790 tid=41 run_id=19700101_000108_18268299 PHASE=SETUP_ALT_ACCEPTED ALT_FEATURE_NEGOTIATED=YES proof=enabledFeatures_intersection
[ALTSCREEN] seq=80 epoch_us=146616211 pid=21151790 tid=41 run_id=19700101_000108_18268299 OBS setup-response-final dict depth=0 count=3
[ALTSCREEN] seq=81 epoch_us=146616211 pid=21151790 tid=41 run_id=19700101_000108_18268299 OBSALL setup-response-final d=0 key=eventPort type=int value=5001
[ALTSCREEN] seq=82 epoch_us=146616211 pid=21151790 tid=41 run_id=19700101_000108_18268299 OBSALL setup-response-final d=0 key=timingPort type=redacted value=REDACTED
[ALTSCREEN] seq=83 epoch_us=146616211 pid=21151790 tid=41 run_id=19700101_000108_18268299 OBSALL setup-response-final d=0 key=enabledFeatures type=array count=2
[ALTSCREEN] seq=84 epoch_us=146617218 pid=21151790 tid=41 run_id=19700101_000108_18268299 OBS setup-response-final array depth=1 count=2
[ALTSCREEN] seq=85 epoch_us=146617218 pid=21151790 tid=41 run_id=19700101_000108_18268299 OBSALL setup-response-final d=2 key=[] type=string value=altScreen
[ALTSCREEN] seq=86 epoch_us=146617218 pid=21151790 tid=41 run_id=19700101_000108_18268299 OBSALL setup-response-final d=2 key=[] type=string value=viewAreas
[ALTSCREEN] seq=87 epoch_us=146617218 pid=21151790 tid=41 run_id=19700101_000108_18268299 NEGOTIATED probe enabledFeatures array count=2 altScreen=1 viewAreas=1
[ALTSCREEN] seq=88 epoch_us=146640384 pid=21151790 tid=41 run_id=19700101_000108_18268299 CALL ServerPlatformCopyProperty self=857020 lr=78532b40 rc=7430784 thread=41 seq=6 profile=observe
[ALTSCREEN] seq=89 epoch_us=146642398 pid=21151790 tid=41 run_id=19700101_000108_18268299 CALL ServerPlatformCopyProperty self=857020 lr=78532af8 rc=3416760 thread=41 seq=7 profile=observe
[ALTSCREEN] seq=90 epoch_us=146642398 pid=21151790 tid=41 run_id=19700101_000108_18268299 CALL ServerPlatformCopyProperty self=857020 lr=78532258 rc=3416592 thread=41 seq=8 profile=observe
[ALTSCREEN] seq=91 epoch_us=146642398 pid=21151790 tid=41 run_id=19700101_000108_18268299 CALL Screen_CopyDisplaysInfo self=85e688 lr=78c48750 rc=3414208 thread=41 seq=9 profile=observe
[ALTSCREEN] seq=92 epoch_us=146642398 pid=21151790 tid=41 run_id=19700101_000108_18268299 DISPLAYS stock container=3418c0 is_array=0 count=0
[ALTSCREEN] seq=93 epoch_us=146642398 pid=21151790 tid=41 run_id=19700101_000108_18268299 ALTINFO container not a CFArray typeid=5 left_untouched=1
[ALTSCREEN] seq=94 epoch_us=146642398 pid=21151790 tid=41 run_id=19700101_000108_18268299 DISPLAYS final container=3418c0 is_array=0 count=0
[ALTSCREEN] seq=95 epoch_us=146643405 pid=21151790 tid=41 run_id=19700101_000108_18268299 CALL SessionPlatformCopyProperty self=85c028 lr=78c48804 rc=3416816 thread=41 seq=10 profile=observe
[ALTSCREEN] seq=96 epoch_us=146643405 pid=21151790 tid=41 run_id=19700101_000108_18268299 DISPLAYS info-stock container=3422f0 is_array=1 count=1
[ALTSCREEN] seq=97 epoch_us=146643405 pid=21151790 tid=41 run_id=19700101_000108_18268299 ALTAREA existing_display=0 full=1024x480 safeArea=nested initialViewArea=0
[ALTSCREEN] seq=98 epoch_us=146661535 pid=21151790 tid=41 run_id=19700101_000108_18268299 PHASE=NATIVE_111_DISPLAY_CANDIDATE index=0 id=4 size=1024x480
[ALTSCREEN] seq=99 epoch_us=146661535 pid=21151790 tid=41 run_id=19700101_000108_18268299 PHASE=NATIVE_111_DISPLAY_CANDIDATE index=1 id=1 size=1440x542
[ALTSCREEN] seq=100 epoch_us=146662542 pid=21151790 tid=41 run_id=19700101_000108_18268299 PHASE=NATIVE_111_GEOMETRY_PUBLISHED display=1 size=1440x542 fixed_fallback=0
[ALTSCREEN] seq=101 epoch_us=146662542 pid=21151790 tid=41 run_id=19700101_000108_18268299 PHASE=NATIVE_111_GEOMETRY_READY target_display=1 size=1440x542 source=SCREEN_PROPERTY_SIZE fixed_fallback=0
[ALTSCREEN] seq=102 epoch_us=146662542 pid=21151790 tid=41 run_id=19700101_000108_18268299 ALTAREA schema=viewAreas[array] initialViewArea=0 safeArea=nested full=1440x542
[ALTSCREEN] seq=103 epoch_us=146662542 pid=21151790 tid=41 run_id=19700101_000108_18268299 ALTINFO built type=111 1440x542@60 uuid=b7e6c5a0-2222-4000-8000-000000000002 features=0xa input=3 fields=11
[ALTSCREEN] seq=104 epoch_us=146662542 pid=21151790 tid=41 run_id=19700101_000108_18268299 ALTINFO displays 1 -> 2 creator_ref_released_after_retaining_append=1
[ALTSCREEN] seq=105 epoch_us=146662542 pid=21151790 tid=41 run_id=19700101_000108_18268299 PHASE=AIRPLAY_INFO_111 INFO_ALT_DISPLAY=YES streamType=111 uuid=b7e6c5a0-2222-4000-8000-000000000002 geom=1440x542@60
[ALTSCREEN] seq=106 epoch_us=146662542 pid=21151790 tid=41 run_id=19700101_000108_18268299 DISPLAYS info-final container=3422f0 is_array=1 count=2
[ALTSCREEN] seq=107 epoch_us=146662542 pid=21151790 tid=41 run_id=19700101_000108_18268299 DISPLAYS info-final[1] type=111 is_dict=1 uuid=b7e6c5a0-2222-4000-8000-000000000002
[ALTSCREEN] seq=108 epoch_us=146664556 pid=21151790 tid=41 run_id=19700101_000108_18268299 CALL ServerPlatformCopyProperty self=857020 lr=78569974 rc=0 thread=41 seq=11 profile=observe
[ALTSCREEN] seq=109 epoch_us=146664556 pid=21151790 tid=41 run_id=19700101_000108_18268299 INFO_STOCK features not an int64 object=0
[ALTSCREEN] seq=110 epoch_us=146664556 pid=21151790 tid=41 run_id=19700101_000108_18268299 CALL ServerPlatformCopyProperty self=857020 lr=78532360 rc=0 thread=41 seq=12 profile=observe
[ALTSCREEN] seq=111 epoch_us=146665563 pid=21151790 tid=41 run_id=19700101_000108_18268299 CALL ServerPlatformCopyProperty self=857020 lr=785329fc rc=0 thread=41 seq=13 profile=observe
[ALTSCREEN] seq=112 epoch_us=146665563 pid=21151790 tid=41 run_id=19700101_000108_18268299 CALL SessionPlatformCopyProperty self=85c028 lr=78c48804 rc=3416368 thread=41 seq=14 profile=observe
[ALTSCREEN] seq=113 epoch_us=146666570 pid=21151790 tid=41 run_id=19700101_000108_18268299 CALL ServerPlatformCopyProperty self=857020 lr=78532438 rc=0 thread=41 seq=15 profile=observe
[ALTSCREEN] seq=114 epoch_us=146666570 pid=21151790 tid=41 run_id=19700101_000108_18268299 CALL ServerPlatformCopyProperty self=857020 lr=78532508 rc=3417992 thread=41 seq=16 profile=observe
[ALTSCREEN] seq=115 epoch_us=146667578 pid=21151790 tid=41 run_id=19700101_000108_18268299 CALL ServerPlatformCopyProperty self=857020 lr=78532550 rc=2019331492 thread=41 seq=17 profile=observe
[ALTSCREEN] seq=116 epoch_us=146667578 pid=21151790 tid=41 run_id=19700101_000108_18268299 CALL ServerPlatformCopyProperty self=857020 lr=78532a3c rc=7388048 thread=41 seq=18 profile=observe
[ALTSCREEN] seq=117 epoch_us=146668585 pid=21151790 tid=41 run_id=19700101_000108_18268299 CALL ServerPlatformCopyProperty self=857020 lr=785329d8 rc=7388120 thread=41 seq=19 profile=observe
[ALTSCREEN] seq=118 epoch_us=146669592 pid=21151790 tid=41 run_id=19700101_000108_18268299 CALL SessionPlatformCopyProperty self=85c028 lr=78c48804 rc=3413488 thread=41 seq=20 profile=observe
[ALTSCREEN] seq=119 epoch_us=146672614 pid=21151790 tid=41 run_id=19700101_000108_18268299 CALL ServerPlatformCopyProperty self=857020 lr=785326c4 rc=2019331492 thread=41 seq=21 profile=observe
[ALTSCREEN] seq=120 epoch_us=146678657 pid=21151790 tid=41 run_id=19700101_000108_18268299 CALL ServerPlatformCopyProperty self=857020 lr=78532744 rc=7398160 thread=41 seq=22 profile=observe
[ALTSCREEN] seq=121 epoch_us=146681678 pid=21151790 tid=41 run_id=19700101_000108_18268299 CALL ServerPlatformCopyProperty self=857020 lr=78532a7c rc=7388792 thread=41 seq=23 profile=observe
[ALTSCREEN] seq=122 epoch_us=146681678 pid=21151790 tid=41 run_id=19700101_000108_18268299 CALL ServerPlatformCopyProperty self=857020 lr=78532ad4 rc=7388864 thread=41 seq=24 profile=observe
[ALTSCREEN] seq=123 epoch_us=146682685 pid=21151790 tid=41 run_id=19700101_000108_18268299 CALL ServerPlatformCopyProperty self=857020 lr=7853284c rc=0 thread=41 seq=25 profile=observe
[ALTSCREEN] seq=124 epoch_us=146685707 pid=21151790 tid=41 run_id=19700101_000108_18268299 CALL ServerPlatformCopyProperty self=857020 lr=78532b1c rc=7388936 thread=41 seq=26 profile=observe
[ALTSCREEN] seq=125 epoch_us=146687721 pid=21151790 tid=41 run_id=19700101_000108_18268299 CALL ServerPlatformCopyProperty self=857020 lr=78532910 rc=0 thread=41 seq=27 profile=observe
[ALTSCREEN] seq=126 epoch_us=146687721 pid=21151790 tid=41 run_id=19700101_000108_18268299 CALL ServerPlatformCopyProperty self=857020 lr=78569974 rc=7398192 thread=41 seq=28 profile=observe
[ALTSCREEN] seq=127 epoch_us=146700815 pid=21151790 tid=41 run_id=19700101_000108_18268299 PHASE=SESSION_START_ENTER receiver=85c028 params=95fd64
[ALTSCREEN] seq=128 epoch_us=146712901 pid=21151790 tid=41 run_id=19700101_000108_18268299 CONTROL startSession session=85c028 arg=0
[ALTSCREEN] seq=129 epoch_us=146712901 pid=21151790 tid=41 run_id=19700101_000108_18268299 CALL SessionPlatformControl self=85c028 lr=780acf74 rc=0 thread=41 seq=29 profile=observe
[ALTSCREEN] seq=130 epoch_us=146715923 pid=21151790 tid=41 run_id=19700101_000108_18268299 PHASE=SESSION_START_RETURN receiver=85c028 rc=0
[ALTSCREEN] seq=131 epoch_us=146757217 pid=21151790 tid=41 run_id=19700101_000108_18268299 CALL ServerPlatformCopyProperty self=857020 lr=78569974 rc=0 thread=41 seq=30 profile=observe
[ALTSCREEN] seq=132 epoch_us=146758224 pid=21151790 tid=41 run_id=19700101_000108_18268299 PHASE=SETUP_REQUEST_ENTER session=85c028 wants_alt=1 alt_descriptor=3419e0 alt_descriptor_count=1 params=341ab8 wrapper=outer_session_setup canonical_parser=1
[ALTSCREEN] seq=133 epoch_us=146758224 pid=21151790 tid=41 run_id=19700101_000108_18268299 OBS setup-request-original dict depth=0 count=1
[ALTSCREEN] seq=134 epoch_us=146758224 pid=21151790 tid=41 run_id=19700101_000108_18268299 OBSALL setup-request-original d=0 key=streams type=array count=1
[ALTSCREEN] seq=135 epoch_us=146758224 pid=21151790 tid=41 run_id=19700101_000108_18268299 OBS setup-request-original array depth=1 count=1
[ALTSCREEN] seq=136 epoch_us=146758224 pid=21151790 tid=41 run_id=19700101_000108_18268299 OBSALL setup-request-original d=2 key=[] type=dict count=4
[ALTSCREEN] seq=137 epoch_us=146758224 pid=21151790 tid=41 run_id=19700101_000108_18268299 OBS setup-request-original dict depth=3 count=4
[ALTSCREEN] seq=138 epoch_us=146758224 pid=21151790 tid=41 run_id=19700101_000108_18268299 OBSALL setup-request-original d=3 key=uuid type=redacted value=REDACTED
[ALTSCREEN] seq=139 epoch_us=146758224 pid=21151790 tid=41 run_id=19700101_000108_18268299 OBSALL setup-request-original d=3 key=latencyMs type=int value=25
[ALTSCREEN] seq=140 epoch_us=146758224 pid=21151790 tid=41 run_id=19700101_000108_18268299 OBSALL setup-request-original d=3 key=type type=int value=111
[ALTSCREEN] seq=141 epoch_us=146758224 pid=21151790 tid=41 run_id=19700101_000108_18268299 OBS STREAMTYPE tag=setup-request-original seen=111 main=0 alt=1
[ALTSCREEN] seq=142 epoch_us=146758224 pid=21151790 tid=41 run_id=19700101_000108_18268299 OBSALL setup-request-original d=3 key=streamConnectionID type=redacted value=REDACTED
[ALTSCREEN] seq=143 epoch_us=146758224 pid=21151790 tid=41 run_id=19700101_000108_18268299 PHASE=SETUP_111_DESCRIPTOR session=85c028 descriptor=3419e0 count=1 advertised=1 display_published=1 feature_property_advertised=0 feature_negotiated=1 create111_armed=1 backend_ready=1 backend=P1404-exact-priv111-two-phase
[ALTSCREEN] seq=144 epoch_us=146758224 pid=21151790 tid=41 run_id=19700101_000108_18268299 PHASE=SETUP_111_REQUEST create111_armed=1 descriptor=3419e0 count=1 canonical=1
[ALTSCREEN] seq=145 epoch_us=146758224 pid=21151790 tid=41 run_id=19700101_000108_18268299 PHASE=SETUP_STOCK_SPLIT receiver=85c028 original=341ab8 stock_only=341bd8 descriptor=3419e0 removed=1
[ALTSCREEN] seq=146 epoch_us=146758224 pid=21151790 tid=41 run_id=19700101_000108_18268299 PHASE=STREAM_111_FENCE_BEGIN receiver=85c028 descriptor=3419e0 generation=1 slot=0
[ALTSCREEN] seq=147 epoch_us=146758224 pid=21151790 tid=41 run_id=19700101_000108_18268299 PHASE=STREAM_111_PREP receiver=85c028 strategy=P1404-exact-priv111-two-phase stock_only_request=341bd8 original=341ab8 descriptor=3419e0
[ALTSCREEN] seq=148 epoch_us=146758224 pid=21151790 tid=41 run_id=19700101_000108_18268299 PHASE=SETUP_STOCK_PREP session=85c028 prep_rc=1 private_policy=1 private_allowed=1 stock_params=341bd8 original_params=341ab8 owned=1 stock110_protected=1 backend=P1404-exact-priv111-two-phase
[ALTSCREEN] seq=149 epoch_us=146758224 pid=21151790 tid=41 run_id=19700101_000108_18268299 OBS setup-request-stock dict depth=0 count=1
[ALTSCREEN] seq=150 epoch_us=146758224 pid=21151790 tid=41 run_id=19700101_000108_18268299 OBSALL setup-request-stock d=0 key=streams type=array count=0
[ALTSCREEN] seq=151 epoch_us=146758224 pid=21151790 tid=41 run_id=19700101_000108_18268299 OBS setup-request-stock array depth=1 count=0
[ALTSCREEN] seq=152 epoch_us=146758224 pid=21151790 tid=41 run_id=19700101_000108_18268299 PHASE=SETUP_PLATFORM_NOTIFICATION session=85c028 response_owner=outer_session_setup out_params=0
[ALTSCREEN] seq=153 epoch_us=146759232 pid=21151790 tid=41 run_id=19700101_000108_18268299 CALL SessionSetup self=85c028 lr=7853f734 rc=0 thread=41 seq=31 profile=observe
[ALTSCREEN] seq=154 epoch_us=146759232 pid=21151790 tid=41 run_id=19700101_000108_18268299 PHASE=SETUP_STOCK_RETURN rc=0 response=341a70 wants_alt=1 alt_descriptor=3419e0 prep_rc=1
[ALTSCREEN] seq=155 epoch_us=146759232 pid=21151790 tid=41 run_id=19700101_000108_18268299 OBS setup-response-stock dict depth=0 count=0
[ALTSCREEN] seq=156 epoch_us=146759232 pid=21151790 tid=41 run_id=19700101_000108_18268299 PHASE=STREAM_111_FENCE_COMMIT_ENTER receiver=85c028 descriptor=3419e0 generation=1 serialized=1
[ALTSCREEN] seq=157 epoch_us=146759232 pid=21151790 tid=41 run_id=19700101_000108_18268299 PHASE=STREAM_111_PREPARE_BEGIN receiver=85c028 descriptor=3419e0 generation=1 backend=P1404-exact-priv111-two-phase two_phase=1
[ALTSCREEN] seq=158 epoch_us=146759232 pid=21151790 tid=41 run_id=19700101_000108_18268299 PHASE=STREAM_111_CREATE_RETURN receiver=85c028 rc=0 session=85e480
[ALTSCREEN] seq=159 epoch_us=146760239 pid=21151790 tid=41 run_id=19700101_000108_18268299 PHASE=STREAM_111_SETUP_RETURN receiver=85c028 session=85e480 rc=0
[ALTSCREEN] seq=160 epoch_us=146760239 pid=21151790 tid=41 run_id=19700101_000108_18268299 PHASE=STREAM_111_SECURITY_DERIVE_CALL receiver=85c028 session=85e480 conn=2383223405422199748 key_source=receiver+0x1c8
[ALTSCREEN] seq=161 epoch_us=146760239 pid=21151790 tid=41 run_id=19700101_000108_18268299 PHASE=STREAM_111_SECURITY_DERIVE_RETURN receiver=85c028 session=85e480 return_type=void
[ALTSCREEN] seq=162 epoch_us=146760239 pid=21151790 tid=41 run_id=19700101_000108_18268299 PHASE=STREAM_111_SECURITY_SET_CALL receiver=85c028 session=85e480
[ALTSCREEN] seq=163 epoch_us=146760239 pid=21151790 tid=41 run_id=19700101_000108_18268299 PHASE=STREAM_111_SECURITY_SET_RETURN receiver=85c028 session=85e480 rc=0 ctr_ready=1
[ALTSCREEN] seq=164 epoch_us=146762253 pid=21151790 tid=41 run_id=19700101_000108_18268299 PHASE=STREAM_111_LISTENER_OPEN_RETURN rc=0 requested_port=0 bound_port=65362 advertised_port=65362 fd=38 helper=ServerSocketOpen recvbuf=-180224 af=24
[ALTSCREEN] seq=165 epoch_us=148667851 pid=21151790 tid=41 run_id=19700101_000108_18268299 PHASE=STREAM_111_FIREWALL_ADD receiver=85c028 session=85e480 port=65362 result=OK scope=carplay0_tcp_exact_port before_response=1
[ALTSCREEN] LOG_QUEUE_DROPPED total=1 capacity=255 run_id=19700101_000108_18268299
[ALTSCREEN] seq=166 epoch_us=148667851 pid=21151790 tid=41 run_id=19700101_000108_18268299 PHASE=STREAM_111_PREPARED receiver=85c028 session=85e480 dataPort=65362 conn=2383223405422199748 startSession=0 stream_pending=1
[ALTSCREEN] seq=167 epoch_us=148667851 pid=21151790 tid=41 run_id=19700101_000108_18268299 PHASE=STREAM_111_SESSION_STAGE id=1 generation=0 receiver=85c028 alt_session=85e480 stream_pending=1 committed=0 stock110_untouched=1
[ALTSCREEN] seq=168 epoch_us=148667851 pid=21151790 tid=41 run_id=19700101_000108_18268299 PHASE=STREAM_111_WORKER_READY receiver=85c028 session=85e480 thread=44 blocked_on_accept=1 response_not_merged_yet=1
[ALTSCREEN] seq=169 epoch_us=148667851 pid=21151790 tid=41 run_id=19700101_000108_18268299 PHASE=STREAM_111_WORKER_ARM receiver=85c028 generation=1 alt_session=85e480 worker_ready=1 accept_pending=1 response_not_merged=1
[ALTSCREEN] seq=170 epoch_us=148667851 pid=21151790 tid=41 run_id=19700101_000108_18268299 PHASE=STREAM_111_RESPONSE_MERGE_BEGIN receiver=85c028 generation=1 stock_response=341a70 private_response=3415a8 two_phase=1
[ALTSCREEN] seq=171 epoch_us=148667851 pid=21151790 tid=41 run_id=19700101_000108_18268299 PHASE=STREAM_111_RESPONSE_NORMALIZE response=341a70 empty_stock_response=1 streams_array_created=1 livi_shape=1
[ALTSCREEN] seq=172 epoch_us=148667851 pid=21151790 tid=41 run_id=19700101_000108_18268299 NEGOTIATED probe streams contains explicit type111=1
[ALTSCREEN] seq=173 epoch_us=148667851 pid=21151790 tid=41 run_id=19700101_000108_18268299 PHASE=STREAM_111_RESPONSE_TXN_READY response=341a70 private=3415a8 streams_merged=1 empty_stock_response=1 enabledFeatures=stock_unchanged_livi_stream_setup stock_objects_retained=1
[ALTSCREEN] seq=174 epoch_us=148667851 pid=21151790 tid=41 run_id=19700101_000108_18268299 PHASE=STREAM_111_SESSION_COMMIT id=1 generation=1 receiver=85c028 alt_session=85e480 final_response_merged=1 listener_ready=1 stream_pending=1 g5b=0 stock110_untouched=1
[ALTSCREEN] seq=175 epoch_us=148668858 pid=21151790 tid=41 run_id=19700101_000108_18268299 PHASE=STREAM_111_PRIVATE_READY id=1 generation=1 receiver=85c028 alt_session=85e480 alt_stream=PENDING backend=P1404-exact-priv111-two-phase final_response_merged=1 listener_worker_ready=1 two_phase=1 stock110_untouched=1
[ALTSCREEN] seq=176 epoch_us=148668858 pid=21151790 tid=41 run_id=19700101_000108_18268299 PHASE=STREAM_111_FENCE_COMMIT_LEAVE receiver=85c028 generation=1 private_rc=1 serialized=1
[ALTSCREEN] seq=177 epoch_us=148668858 pid=21151790 tid=41 run_id=19700101_000108_18268299 PHASE=SETUP_111_FINISH receiver=85c028 id=1 generation=1 session=85e480 stream=0 private_rc=1 stock_rc=0 response=341a70 generation_consumed=1
[ALTSCREEN] seq=178 epoch_us=148668858 pid=21151790 tid=41 run_id=19700101_000108_18268299 OBS setup-response-final dict depth=0 count=1
[ALTSCREEN] seq=179 epoch_us=148668858 pid=21151790 tid=41 run_id=19700101_000108_18268299 OBSALL setup-response-final d=0 key=streams type=array count=1
[ALTSCREEN] seq=180 epoch_us=148668858 pid=21151790 tid=41 run_id=19700101_000108_18268299 OBS setup-response-final array depth=1 count=1
[ALTSCREEN] seq=181 epoch_us=148668858 pid=21151790 tid=41 run_id=19700101_000108_18268299 OBSALL setup-response-final d=2 key=[] type=dict count=2
[ALTSCREEN] seq=182 epoch_us=148668858 pid=21151790 tid=41 run_id=19700101_000108_18268299 OBS setup-response-final dict depth=3 count=2
[ALTSCREEN] seq=183 epoch_us=148668858 pid=21151790 tid=41 run_id=19700101_000108_18268299 OBSALL setup-response-final d=3 key=dataPort type=int value=65362
[ALTSCREEN] seq=184 epoch_us=148668858 pid=21151790 tid=41 run_id=19700101_000108_18268299 OBSALL setup-response-final d=3 key=type type=int value=111
[ALTSCREEN] seq=185 epoch_us=148668858 pid=21151790 tid=41 run_id=19700101_000108_18268299 OBS STREAMTYPE tag=setup-response-final seen=111 main=0 alt=1
[ALTSCREEN] seq=186 epoch_us=148668858 pid=21151790 tid=41 run_id=19700101_000108_18268299 NEGOTIATED probe streams contains explicit type111=1
[ALTSCREEN] seq=187 epoch_us=148668858 pid=21151790 tid=41 run_id=19700101_000108_18268299 PHASE=SETUP_111_FINAL_READY receiver=85c028 id=1 generation=1 session=85e480 stream=0 response=341a70 type111=1 dataPort_merged=1 stock_rc=0 return_to_phone=1
[ALTSCREEN] seq=188 epoch_us=148675909 pid=21151790 tid=44 run_id=19700101_000108_18268299 PHASE=STREAM_111_ACCEPT_RETURN receiver=85c028 id=1 generation=1 session=85e480 rc=0 native_fd=39 attempt=1
[ALTSCREEN] seq=189 epoch_us=148675909 pid=21151790 tid=44 run_id=19700101_000108_18268299 PHASE=STREAM_111_FIREWALL_DEFERRED receiver=85c028 session=85e480 reason=post_accept_keep_until_teardown next=NETSOCKET_CREATE
[ALTSCREEN] seq=190 epoch_us=148679937 pid=21151790 tid=44 run_id=19700101_000108_18268299 PHASE=STREAM_111_NETSOCKET_CREATE_RETURN receiver=85c028 rc=0 native_fd=39 net=332cb0
[ALTSCREEN] seq=191 epoch_us=148679937 pid=21151790 tid=44 run_id=19700101_000108_18268299 PHASE=STREAM_111_TIMING_READY receiver=85c028 session=85e480 source=receiver+0x13d0 callbacks=stock-clock
[ALTSCREEN] seq=192 epoch_us=148679937 pid=21151790 tid=44 run_id=19700101_000108_18268299 PHASE=NATIVE_111_STOCK_BIND config=1 render=1 stream_start=1 screen_copy_main=1 screen_create=1 copy_delegates=1 register_delegates=1 pthread_create=1 pthread_detach=1 spawnl=1 geometry=1
[ALTSCREEN] seq=193 epoch_us=148679937 pid=21151790 tid=44 run_id=19700101_000108_18268299 PHASE=NATIVE_111_START_CLAIM_PREPARE receiver=85c028 owner_thread=44 ready=1 preconfig_attach=1
[ALTSCREEN] seq=194 epoch_us=148679937 pid=21151790 tid=44 run_id=19700101_000108_18268299 PHASE=STREAM_111_START_CALL receiver=85c028 id=1 generation=1 session=85e480 config=0 livi_direct_type111=1 post_accept=1 preconfig_claim=1
[ALTSCREEN] seq=195 epoch_us=148686988 pid=21151790 tid=41 run_id=19700101_000108_18268299 CONTROL disableBluetooth session=85c028 arg=341ab8
[ALTSCREEN] seq=196 epoch_us=148690009 pid=21151790 tid=41 run_id=19700101_000108_18268299 CALL SessionPlatformControl self=85c028 lr=780acf74 rc=0 thread=41 seq=32 profile=observe
[ALTSCREEN] seq=197 epoch_us=148730297 pid=21151790 tid=44 run_id=19700101_000108_18268299 PHASE=NATIVE_111_DISPLAY_CANDIDATE index=0 id=4 size=1024x480
[ALTSCREEN] seq=198 epoch_us=148731304 pid=21151790 tid=44 run_id=19700101_000108_18268299 PHASE=NATIVE_111_DISPLAY_CANDIDATE index=1 id=1 size=1440x542
[ALTSCREEN] seq=199 epoch_us=148733318 pid=21151790 tid=44 run_id=19700101_000108_18268299 PHASE=NATIVE_111_GEOMETRY_PUBLISHED display=1 size=1440x542 fixed_fallback=0
[ALTSCREEN] seq=200 epoch_us=148733318 pid=21151790 tid=44 run_id=19700101_000108_18268299 PHASE=NATIVE_111_GEOMETRY_READY target_display=1 size=1440x542 source=SCREEN_PROPERTY_SIZE fixed_fallback=0
[ALTSCREEN] seq=201 epoch_us=148733318 pid=21151790 tid=44 run_id=19700101_000108_18268299 ALTAREA schema=viewAreas[array] initialViewArea=0 safeArea=nested full=1440x542
[ALTSCREEN] seq=202 epoch_us=148733318 pid=21151790 tid=44 run_id=19700101_000108_18268299 ALTINFO built type=111 1440x542@60 uuid=b7e6c5a0-2222-4000-8000-000000000002 features=0xa input=3 fields=11
[ALTSCREEN] seq=203 epoch_us=148733318 pid=21151790 tid=44 run_id=19700101_000108_18268299 PHASE=NATIVE_111_PRIVATE_SCREEN_COPY receiver=85c028 owner_thread=44 screen=332d08 type=111 runtime_object=ScreenCreate delegates=stock_main geometry=runtime_display1 stock_main_mutated=0
[ALTSCREEN] seq=204 epoch_us=148738354 pid=21151790 tid=44 run_id=19700101_000108_18268299 PHASE=NATIVE_111_STOCK_BIND config=1 render=1 stream_start=1 screen_copy_main=1 screen_create=1 copy_delegates=1 register_delegates=1 pthread_create=1 pthread_detach=1 spawnl=1 geometry=1
[ALTSCREEN] seq=205 epoch_us=148738354 pid=21151790 tid=44 run_id=19700101_000108_18268299 PHASE=NATIVE_111_ATTACH_STAGE receiver=85c028 stream=1d26d0 video_impl=451a40 renderer_before_start=3326d8 generation=1 state_generation=1 requested_geometry=1440x542 first_config_pending=1
[ALTSCREEN] seq=206 epoch_us=148738354 pid=21151790 tid=44 run_id=19700101_000108_18268299 PHASE=NATIVE_111_PRECONFIG_ATTACH receiver=85c028 stream=1d26d0 result=STAGED stock_start_called=1 main110_untouched=1
[ALTSCREEN] seq=207 epoch_us=148740368 pid=21151790 tid=41 run_id=19700101_000108_18268299 CALL ServerPlatformCopyProperty self=857020 lr=78569974 rc=0 thread=41 seq=33 profile=observe
[ALTSCREEN] seq=208 epoch_us=148742383 pid=21151790 tid=41 run_id=19700101_000108_18268299 PHASE=SETUP_REQUEST_ENTER session=85c028 wants_alt=0 alt_descriptor=0 alt_descriptor_count=0 params=341ab8 wrapper=outer_session_setup canonical_parser=1
[ALTSCREEN] seq=209 epoch_us=148742383 pid=21151790 tid=41 run_id=19700101_000108_18268299 OBS setup-request-original dict depth=0 count=1
[ALTSCREEN] seq=210 epoch_us=148743390 pid=21151790 tid=41 run_id=19700101_000108_18268299 OBSALL setup-request-original d=0 key=streams type=array count=1
[ALTSCREEN] seq=211 epoch_us=148743390 pid=21151790 tid=41 run_id=19700101_000108_18268299 OBS setup-request-original array depth=1 count=1
[ALTSCREEN] seq=212 epoch_us=148743390 pid=21151790 tid=41 run_id=19700101_000108_18268299 OBSALL setup-request-original d=2 key=[] type=dict count=7
[ALTSCREEN] seq=213 epoch_us=148743390 pid=21151790 tid=41 run_id=19700101_000108_18268299 OBS setup-request-original dict depth=3 count=7
[ALTSCREEN] seq=214 epoch_us=148743390 pid=21151790 tid=41 run_id=19700101_000108_18268299 OBSALL setup-request-original d=3 key=audioType type=redacted value=REDACTED
[ALTSCREEN] seq=215 epoch_us=148743390 pid=21151790 tid=41 run_id=19700101_000108_18268299 OBSALL setup-request-original d=3 key=input type=redacted value=REDACTED
[ALTSCREEN] seq=216 epoch_us=148743390 pid=21151790 tid=41 run_id=19700101_000108_18268299 OBSALL setup-request-original d=3 key=dataPort type=int value=51632
[ALTSCREEN] seq=217 epoch_us=148743390 pid=21151790 tid=41 run_id=19700101_000108_18268299 OBSALL setup-request-original d=3 key=supportsHighAccuracyTimestamps type=redacted value=REDACTED
[ALTSCREEN] seq=218 epoch_us=148743390 pid=21151790 tid=41 run_id=19700101_000108_18268299 OBSALL setup-request-original d=3 key=audioLatencyMs type=redacted value=REDACTED
[ALTSCREEN] seq=219 epoch_us=148743390 pid=21151790 tid=41 run_id=19700101_000108_18268299 OBSALL setup-request-original d=3 key=type type=int value=100
[ALTSCREEN] seq=220 epoch_us=148743390 pid=21151790 tid=41 run_id=19700101_000108_18268299 OBSALL setup-request-original d=3 key=audioFormat type=redacted value=REDACTED
[ALTSCREEN] seq=221 epoch_us=148743390 pid=21151790 tid=41 run_id=19700101_000108_18268299 PHASE=SETUP_STOCK_PREP session=85c028 prep_rc=0 private_policy=0 private_allowed=0 stock_params=341ab8 original_params=341ab8 owned=0 stock110_protected=0 backend=P1404-exact-priv111-two-phase
[ALTSCREEN] seq=222 epoch_us=148743390 pid=21151790 tid=41 run_id=19700101_000108_18268299 PHASE=SETUP_STOCK_REQUEST strategy=passthrough_or_split_failed params=341ab8
[ALTSCREEN] seq=223 epoch_us=148782670 pid=21151790 tid=41 run_id=19700101_000108_18268299 PHASE=SETUP_PLATFORM_NOTIFICATION session=85c028 response_owner=outer_session_setup out_params=0
[ALTSCREEN] seq=224 epoch_us=149111013 pid=21151790 tid=44 run_id=19700101_000108_18268299 PHASE=NATIVE_111_GEOMETRY_APPLIED requested=1440x542 negotiated=1440x542 fixed=0 screen_scaling=0
[ALTSCREEN] seq=225 epoch_us=149172452 pid=21151790 tid=44 run_id=19700101_000108_18268299 PHASE=NATIVE_111_MANAGED_WINDOW receiver=85c028 stream=1d26d0 renderer=3326d8 window=332368 group_skipped=1 manage_rc=0 buffers_rc=0 managed=1 manager=displaymanager stock_buffer_owner=1 compat_decoder_staging=1 direct_sink_window58=0
[ALTSCREEN] seq=226 epoch_us=149172452 pid=21151790 tid=44 run_id=19700101_000108_18268299 PHASE=NATIVE_111_CONFIG_RETURN receiver=85c028 stream=1d26d0 renderer=3326d8 rc=0 input=0x0_source_1440x542 output=1440x542_source_1440x542 target=1440x542 geometry_match=1 displayable=58 format=65548 usage=0x484 scaling=0 fixed_geometry=0 dm_managed=1
[ALTSCREEN] seq=227 epoch_us=149172452 pid=21151790 tid=44 run_id=19700101_000108_18268299 PHASE=VIDEO_111_CONFIG_CTX id=1 generation=1 stream=0 proof=stock-omx-cscreen-config-dynamic-geometry-displayable58
[ALTSCREEN] seq=228 epoch_us=149172452 pid=21151790 tid=44 run_id=19700101_000108_18268299 PHASE=VIDEO_111_CONFIG ALT_VIDEO_CONFIG_RX=YES proof=stock-omx-cscreen-config-dynamic-geometry-displayable58
[ALTSCREEN] seq=229 epoch_us=149406119 pid=21151790 tid=44 run_id=19700101_000108_18268299 PHASE=NATIVE_111_ATTACH receiver=85c028 stream=1d26d0 video_impl=451a40 renderer=3326d8 displayable=58 first_config_rewritten=1 main110_untouched=1 capture=0 rfb=0 scaling=0 fixed_geometry=0
[ALTSCREEN] seq=230 epoch_us=149406119 pid=21151790 tid=44 run_id=19700101_000108_18268299  PHASE=NATIVE_111_PRECONFIG_COMPLETE receiver=85c028 stream=1d26d0 stock_rc=0 attached=1 first_config_rewritten=1 main110_untouched=1
[ALTSCREEN] seq=231 epoch_us=149406119 pid=21151790 tid=44 run_id=19700101_000108_18268299 PHASE=NATIVE_111_START_CLAIM_COMPLETE receiver=85c028 owner_thread=44 stream=1d26d0 attached=1 preconfig_attach=1
[ALTSCREEN] seq=232 epoch_us=149406119 pid=21151790 tid=44 run_id=19700101_000108_18268299 PHASE=STREAM_111_START_RETURN receiver=85c028 id=1 generation=1 session=85e480 rc=0 stream=1d26d0 claimed_stream=1d26d0 preconfig_attached=1 post_accept=1
[ALTSCREEN] seq=233 epoch_us=149406119 pid=21151790 tid=44 run_id=19700101_000108_18268299 PHASE=STREAM_111_STREAM_BOUND id=1 generation=1 receiver=85c028 alt_session=85e480 alt_stream=1d26d0 post_accept=1 stock110_untouched=1
[ALTSCREEN] seq=234 epoch_us=149406119 pid=21151790 tid=44 run_id=19700101_000108_18268299 PHASE=STREAM_111_PROCESSING_COMMIT id=1 generation=1 receiver=85c028 alt_session=85e480 alt_stream=1d26d0 accept=1 startSession=1 bound=1 processFrames=STARTING
[ALTSCREEN] seq=235 epoch_us=149406119 pid=21151790 tid=44 run_id=19700101_000108_18268299 PHASE=STREAM_111_READY STREAM_111_SETUP=YES streamType=111
[ALTSCREEN] seq=236 epoch_us=149406119 pid=21151790 tid=44 run_id=19700101_000108_18268299 PHASE=STREAM_111_PROCESSFRAMES_BEGIN receiver=85c028 id=1 generation=1 session=85e480 stream=1d26d0 net=332cb0 timeout_s=30
[ALTSCREEN] seq=237 epoch_us=149407126 pid=21151790 tid=44 run_id=19700101_000108_18268299 PHASE=H264_AVCC_PROPERTY stream=1d26d0 bytes=40 valid=1 nal_length_size=4 sps=1 pps=1 first16=01640020_ffe10015_27640020_ac131450 shm_dependency=NONE
[ALTSCREEN] seq=238 epoch_us=149409141 pid=21151790 tid=44 run_id=19700101_000108_18268299 STREAM new ptr=1d26d0 thread=44 caller=7853b780 profile=observe
[ALTSCREEN] seq=239 epoch_us=149409141 pid=21151790 tid=44 run_id=19700101_000108_18268299 PHASE=VIDEO_111_FIRST_PAYLOAD receiver=85c028 id=1 generation=1 session=85e480 stream=1d26d0 bytes=182 annexb_nals=0
[ALTSCREEN] seq=240 epoch_us=149409141 pid=21151790 tid=44 run_id=19700101_000108_18268299 PHASE=VIDEO_111_PROGRESS id=1 generation=1 receiver=85c028 session=85e480 stream=1d26d0 ALT_VIDEO_BYTES=182 ALT_VIDEO_PACKETS=1 annexb_nals=0 last=182
[ALTSCREEN] seq=241 epoch_us=149409141 pid=21151790 tid=44 run_id=19700101_000108_18268299 PHASE=VIDEO_111_RX ALT_VIDEO_RX=1 ALT_VIDEO_BYTES=182 ALT_VIDEO_PACKETS=1 last=182
[ALTSCREEN] seq=242 epoch_us=149412162 pid=21151790 tid=44 run_id=19700101_000108_18268299 PHASE=H264_TAP_SHM_TAKEOVER old_writer_pid=4239488 old_generation=1 old_active=0 new_writer_pid=21151790 action=RESET_ON_NEXT_SESSION
[ALTSCREEN] seq=243 epoch_us=149412162 pid=21151790 tid=44 run_id=19700101_000108_18268299 PHASE=H264_TAP_SHM_MAPPED name=/carplay111_h264 bytes=4194372 ring=4194304 map=29d00000 old_writer_pid=4239488 old_generation=1 old_active=0 attempt=1
[ALTSCREEN] seq=244 epoch_us=149414177 pid=21151790 tid=44 run_id=19700101_000108_18268299 PHASE=FRAME_TAP_SHM_TAKEOVER old_writer_pid=4239488 old_generation=1 old_active=0 new_writer_pid=21151790 action=RESET_ON_NEXT_SESSION
[ALTSCREEN] seq=245 epoch_us=149414177 pid=21151790 tid=44 run_id=19700101_000108_18268299 PHASE=FRAME_TAP_SHM_MAPPED name=/carplay111_decoded bytes=6291520 slots=3 slot_bytes=2097152 map=2aa00000 old_writer_pid=4239488 old_generation=1 old_active=0 attempt=1
[ALTSCREEN] seq=246 epoch_us=149414177 pid=21151790 tid=44 run_id=19700101_000108_18268299 PHASE=H264_TAP_SESSION_RESET old_writer_pid=4239488 old_generation=1 old_active=0 new_writer_pid=21151790 generation=1 cookie=0x001d26d0 force=1 ready_published_last=1
[ALTSCREEN] seq=247 epoch_us=149414177 pid=21151790 tid=44 run_id=19700101_000108_18268299 PHASE=H264_TAP_SHM_READY name=/carplay111_h264 writer_pid=21151790 generation=1 active=1
[ALTSCREEN] seq=248 epoch_us=149414177 pid=21151790 tid=44 run_id=19700101_000108_18268299 PHASE=FRAME_TAP_SESSION_RESET old_writer_pid=4239488 old_generation=1 old_active=0 new_writer_pid=21151790 generation=1 cookie=0x001d26d0 force=1 ready_published_last=1
[ALTSCREEN] seq=249 epoch_us=149414177 pid=21151790 tid=44 run_id=19700101_000108_18268299 PHASE=FRAME_TAP_SHM_READY name=/carplay111_decoded writer_pid=21151790 generation=1 active=1
[ALTSCREEN] seq=250 epoch_us=149414177 pid=21151790 tid=44 run_id=19700101_000108_18268299 PHASE=H264_AVCC_CONFIG stream=1d26d0 generation=1 seq=1 bytes=40 nal_length_size=4 sps=1 pps=1 first16=01640020_ffe10015_27640020_ac131450
[ALTSCREEN] seq=251 epoch_us=149414177 pid=21151790 tid=44 run_id=19700101_000108_18268299 PHASE=DIRECT111_TAP_ATTACH stream=1d26d0 generation=1 cookie=0x001d26d0 h264=1 decoded_fallback=1 stock_forward=1 mmap_prot=0x300 session_reset=1 writer_pid=21151790
[ALTSCREEN] seq=252 epoch_us=149414177 pid=21151790 tid=44 run_id=19700101_000108_18268299 PHASE=H264_TAP_FIRST_DATA stream=1d26d0 generation=1 seq=2 bytes=182 format=avcc nal_length_size=4 annexb_nals=0 avcc_nals=1 flags=0xb0 first16=000000b2_25b80040_0093ffd2_87a9cdff
[ALTSCREEN] seq=253 epoch_us=149414177 pid=21151790 tid=44 run_id=19700101_000108_18268299 PHASE=H264_TAP_FIRST_IDR stream=1d26d0 generation=1 seq=2 source=avcc H264_STREAM_VALID=YES
[ALTSCREEN] seq=254 epoch_us=149414177 pid=21151790 tid=44 run_id=19700101_000108_18268299 STREAM data ptr=1d26d0 calls=1 bytes=182 MB=0 sps=0 pps=0 idr=0 other=0
[ALTSCREEN] seq=255 epoch_us=149462522 pid=21151790 tid=47 run_id=19700101_000108_18268299 PHASE=FRAME_LINEARIZER_API backend=screen-read-window context=APPLICATION result=READY
[ALTSCREEN] seq=256 epoch_us=149463529 pid=21151790 tid=47 run_id=19700101_000108_18268299 PHASE=FRAME_NATIVE_WINDOW_METADATA window=332368 config_format=65548 config_usage=0x484 screen_format=12 screen_usage=0x484 screen_size=1440x542 measured_vendor_format=0x0001000c
[ALTSCREEN] seq=257 epoch_us=149465543 pid=21151790 tid=47 run_id=19700101_000108_18268299 PHASE=FRAME_LINEARIZER_PIXMAP backend=screen-nv12 format=12 size=1440x542 stride=1440 offsets=0,780480,0 usage=0xa result=READY
[ALTSCREEN] seq=258 epoch_us=149475615 pid=21151790 tid=47 run_id=19700101_000108_18268299 PHASE=FRAME_LINEARIZER_PIXEL backend=screen-nv12 detail=LOW accepted=1 reason=valid_uniform_frame
[ALTSCREEN] seq=259 epoch_us=149476622 pid=21151790 tid=47 run_id=19700101_000108_18268299 PHASE=FRAME_TAP_LAYOUT stream=1d26d0 generation=1 buffer=3200020 config_format=12 config_usage=0x484 visible=1440x542 source_layout=qnx_nv12_128x32 source_stride=1536 uv_offset=835584 packed_stride=1440 packed_bytes=1170720 first16=ffffffff_ffffffff_ffffffff_ffffffff
[ALTSCREEN] seq=260 epoch_us=149476622 pid=21151790 tid=47 run_id=19700101_000108_18268299 PHASE=DECODER_FIRST_FRAME backend=stock-omx-tap stream=1d26d0 generation=1 seq=1 format=NV12 size=1440x542 bytes=1170720 source_stride=1536 window58_readback=0
[ALTSCREEN] seq=261 epoch_us=149476622 pid=21151790 tid=47 run_id=19700101_000108_18268299 PHASE=FRAME_LINEARIZER_FIRST_FRAME backend=screen-nv12 source_format=65548 source_usage=0x484 size=1440x542 readback_us=8058 readback_success=1 shm_publish_success=1 output=packed-nv12 window_readback=exact-stock-handle
[ALTSCREEN] seq=262 epoch_us=149476622 pid=21151790 tid=47 run_id=19700101_000108_18268299 PHASE=NATIVE_111_FIRST_REAL_FRAME receiver=85c028 stream=1d26d0 renderer=3326d8 generation=1 result=POSTED geometry=1440x542 route_gate=eligible
[ALTSCREEN] seq=263 epoch_us=149514895 pid=21151790 tid=47 run_id=19700101_000108_18268299 PHASE=DECODER_111_CTX_READY id=1 generation=1 stream=1d26d0 proof=private111-stock-omx-three-successful-posts-stock-avcc-config-observed
[ALTSCREEN] seq=264 epoch_us=149514895 pid=21151790 tid=47 run_id=19700101_000108_18268299 PHASE=DECODER_111_READY ALT_DECODER_READY=YES proof=private111-stock-omx-three-successful-posts-stock-avcc-config-observed
[ALTSCREEN] seq=265 epoch_us=149514895 pid=21151790 tid=47 run_id=19700101_000108_18268299 PHASE=NATIVE_111_DECODER_READY receiver=85c028 stream=1d26d0 renderer=3326d8 posts=3 sps=0 pps=0 idr=0 negotiated_geometry=1440x542 fixed_geometry=0 bitstream=stock_avcc annexb_observer_optional=1
[ALTSCREEN] seq=266 epoch_us=149959065 pid=21151790 tid=41 run_id=19700101_000108_18268299 CALL SessionSetup self=85c028 lr=7853f734 rc=0 thread=41 seq=34 profile=observe
[ALTSCREEN] seq=267 epoch_us=149959065 pid=21151790 tid=41 run_id=19700101_000108_18268299 PHASE=SETUP_STOCK_RETURN rc=0 response=341950 wants_alt=0 alt_descriptor=0 prep_rc=0
[ALTSCREEN] seq=268 epoch_us=149959065 pid=21151790 tid=41 run_id=19700101_000108_18268299 OBS setup-response-stock dict depth=0 count=1
[ALTSCREEN] seq=269 epoch_us=149959065 pid=21151790 tid=41 run_id=19700101_000108_18268299 OBSALL setup-response-stock d=0 key=streams type=array count=1
[ALTSCREEN] seq=270 epoch_us=149959065 pid=21151790 tid=41 run_id=19700101_000108_18268299 OBS setup-response-stock array depth=1 count=1
[ALTSCREEN] seq=271 epoch_us=149959065 pid=21151790 tid=41 run_id=19700101_000108_18268299 OBSALL setup-response-stock d=2 key=[] type=dict count=2
[ALTSCREEN] seq=272 epoch_us=149959065 pid=21151790 tid=41 run_id=19700101_000108_18268299 OBS setup-response-stock dict depth=3 count=2
[ALTSCREEN] seq=273 epoch_us=149959065 pid=21151790 tid=41 run_id=19700101_000108_18268299 OBSALL setup-response-stock d=3 key=dataPort type=int value=7070
[ALTSCREEN] seq=274 epoch_us=149959065 pid=21151790 tid=41 run_id=19700101_000108_18268299 OBSALL setup-response-stock d=3 key=type type=int value=100
[ALTSCREEN] seq=275 epoch_us=149960072 pid=21151790 tid=41 run_id=19700101_000108_18268299 OBS setup-response-final dict depth=0 count=1
[ALTSCREEN] seq=276 epoch_us=149960072 pid=21151790 tid=41 run_id=19700101_000108_18268299 OBSALL setup-response-final d=0 key=streams type=array count=1
[ALTSCREEN] seq=277 epoch_us=149960072 pid=21151790 tid=41 run_id=19700101_000108_18268299 OBS setup-response-final array depth=1 count=1
[ALTSCREEN] seq=278 epoch_us=149960072 pid=21151790 tid=41 run_id=19700101_000108_18268299 OBSALL setup-response-final d=2 key=[] type=dict count=2
[ALTSCREEN] seq=279 epoch_us=149960072 pid=21151790 tid=41 run_id=19700101_000108_18268299 OBS setup-response-final dict depth=3 count=2
[ALTSCREEN] seq=280 epoch_us=149960072 pid=21151790 tid=41 run_id=19700101_000108_18268299 OBSALL setup-response-final d=3 key=dataPort type=int value=7070
[ALTSCREEN] seq=281 epoch_us=149961079 pid=21151790 tid=41 run_id=19700101_000108_18268299 OBSALL setup-response-final d=3 key=type type=int value=100
[ALTSCREEN] seq=282 epoch_us=150081942 pid=21151790 tid=41 run_id=19700101_000108_18268299 CALL ServerPlatformCopyProperty self=857020 lr=78569974 rc=0 thread=41 seq=35 profile=observe
[ALTSCREEN] seq=283 epoch_us=150084963 pid=21151790 tid=41 run_id=19700101_000108_18268299 PHASE=SETUP_REQUEST_ENTER session=85c028 wants_alt=0 alt_descriptor=0 alt_descriptor_count=0 params=341bd8 wrapper=outer_session_setup canonical_parser=1
[ALTSCREEN] seq=284 epoch_us=150084963 pid=21151790 tid=41 run_id=19700101_000108_18268299 OBS setup-request-original dict depth=0 count=1
[ALTSCREEN] seq=285 epoch_us=150084963 pid=21151790 tid=41 run_id=19700101_000108_18268299 OBSALL setup-request-original d=0 key=streams type=array count=1
[ALTSCREEN] seq=286 epoch_us=150085970 pid=21151790 tid=41 run_id=19700101_000108_18268299 OBS setup-request-original array depth=1 count=1
[ALTSCREEN] seq=287 epoch_us=150085970 pid=21151790 tid=41 run_id=19700101_000108_18268299 OBSALL setup-request-original d=2 key=[] type=dict count=4
[ALTSCREEN] seq=288 epoch_us=150085970 pid=21151790 tid=41 run_id=19700101_000108_18268299 OBS setup-request-original dict depth=3 count=4
[ALTSCREEN] seq=289 epoch_us=150085970 pid=21151790 tid=41 run_id=19700101_000108_18268299 OBSALL setup-request-original d=3 key=uuid type=redacted value=REDACTED
[ALTSCREEN] seq=290 epoch_us=150085970 pid=21151790 tid=41 run_id=19700101_000108_18268299 OBSALL setup-request-original d=3 key=latencyMs type=int value=25
[ALTSCREEN] seq=291 epoch_us=150085970 pid=21151790 tid=41 run_id=19700101_000108_18268299 OBSALL setup-request-original d=3 key=type type=int value=110
[ALTSCREEN] seq=292 epoch_us=150085970 pid=21151790 tid=41 run_id=19700101_000108_18268299 OBS STREAMTYPE tag=setup-request-original seen=110 main=1 alt=0
[ALTSCREEN] seq=293 epoch_us=150085970 pid=21151790 tid=41 run_id=19700101_000108_18268299 OBSALL setup-request-original d=3 key=streamConnectionID type=redacted value=REDACTED
[ALTSCREEN] seq=294 epoch_us=150085970 pid=21151790 tid=41 run_id=19700101_000108_18268299 PHASE=SETUP_STOCK_PREP session=85c028 prep_rc=0 private_policy=0 private_allowed=0 stock_params=341bd8 original_params=341bd8 owned=0 stock110_protected=0 backend=P1404-exact-priv111-two-phase
[ALTSCREEN] seq=295 epoch_us=150085970 pid=21151790 tid=41 run_id=19700101_000108_18268299 PHASE=SETUP_STOCK_REQUEST strategy=passthrough_or_split_failed params=341bd8
[ALTSCREEN] seq=296 epoch_us=150095035 pid=21151790 tid=41 run_id=19700101_000108_18268299 PHASE=SETUP_PLATFORM_NOTIFICATION session=85c028 response_owner=outer_session_setup out_params=0
[ALTSCREEN] seq=297 epoch_us=150096042 pid=21151790 tid=41 run_id=19700101_000108_18268299 CALL SessionSetup self=85c028 lr=7853f734 rc=0 thread=41 seq=36 profile=observe
[ALTSCREEN] seq=298 epoch_us=150096042 pid=21151790 tid=41 run_id=19700101_000108_18268299 PHASE=SETUP_STOCK_RETURN rc=0 response=341a28 wants_alt=0 alt_descriptor=0 prep_rc=0
[ALTSCREEN] seq=299 epoch_us=150096042 pid=21151790 tid=41 run_id=19700101_000108_18268299 OBS setup-response-stock dict depth=0 count=1
[ALTSCREEN] seq=300 epoch_us=150096042 pid=21151790 tid=41 run_id=19700101_000108_18268299 OBSALL setup-response-stock d=0 key=streams type=array count=1
[ALTSCREEN] seq=301 epoch_us=150096042 pid=21151790 tid=41 run_id=19700101_000108_18268299 OBS setup-response-stock array depth=1 count=1
[ALTSCREEN] seq=302 epoch_us=150096042 pid=21151790 tid=41 run_id=19700101_000108_18268299 OBSALL setup-response-stock d=2 key=[] type=dict count=2
[ALTSCREEN] seq=303 epoch_us=150096042 pid=21151790 tid=41 run_id=19700101_000108_18268299 OBS setup-response-stock dict depth=3 count=2
[ALTSCREEN] seq=304 epoch_us=150097049 pid=21151790 tid=41 run_id=19700101_000108_18268299 OBSALL setup-response-stock d=3 key=dataPort type=int value=6030
[ALTSCREEN] seq=305 epoch_us=150097049 pid=21151790 tid=41 run_id=19700101_000108_18268299 OBSALL setup-response-stock d=3 key=type type=int value=110
[ALTSCREEN] seq=306 epoch_us=150097049 pid=21151790 tid=41 run_id=19700101_000108_18268299 OBS STREAMTYPE tag=setup-response-stock seen=110 main=1 alt=0
[ALTSCREEN] seq=307 epoch_us=150097049 pid=21151790 tid=41 run_id=19700101_000108_18268299 OBS setup-response-final dict depth=0 count=1
[ALTSCREEN] seq=308 epoch_us=150097049 pid=21151790 tid=41 run_id=19700101_000108_18268299 OBSALL setup-response-final d=0 key=streams type=array count=1
[ALTSCREEN] seq=309 epoch_us=150097049 pid=21151790 tid=41 run_id=19700101_000108_18268299 OBS setup-response-final array depth=1 count=1
[ALTSCREEN] seq=310 epoch_us=150097049 pid=21151790 tid=41 run_id=19700101_000108_18268299 OBSALL setup-response-final d=2 key=[] type=dict count=2
[ALTSCREEN] seq=311 epoch_us=150097049 pid=21151790 tid=41 run_id=19700101_000108_18268299 OBS setup-response-final dict depth=3 count=2
[ALTSCREEN] seq=312 epoch_us=150097049 pid=21151790 tid=41 run_id=19700101_000108_18268299 OBSALL setup-response-final d=3 key=dataPort type=int value=6030
[ALTSCREEN] seq=313 epoch_us=150097049 pid=21151790 tid=41 run_id=19700101_000108_18268299 OBSALL setup-response-final d=3 key=type type=int value=110
[ALTSCREEN] seq=314 epoch_us=150097049 pid=21151790 tid=41 run_id=19700101_000108_18268299 OBS STREAMTYPE tag=setup-response-final seen=110 main=1 alt=0
[ALTSCREEN] seq=315 epoch_us=150098057 pid=21151790 tid=41 run_id=19700101_000108_18268299 PHASE=ALT111_EVENT_SUBMIT receiver=85c028 stream=0 generation=0 event=showUI uuid=b7e6c5a0-2222-4000-8000-000000000002 url=maps:/car/instrumentcluster/map rc=0 response_callback=1
[ALTSCREEN] seq=316 epoch_us=150100071 pid=21151790 tid=41 run_id=19700101_000108_18268299 PHASE=ALT111_EVENT_SUBMIT receiver=85c028 stream=0 generation=0 event=forceKeyFrame uuid=b7e6c5a0-2222-4000-8000-000000000002 url=- rc=0 response_callback=1
[ALTSCREEN] seq=317 epoch_us=150100071 pid=21151790 tid=41 run_id=19700101_000108_18268299 PHASE=ALT111_REQUEST_AFTER_MAIN receiver=85c028 show_rc=0 keyframe_rc=0 private_stream_required=0
[ALTSCREEN] seq=318 epoch_us=150159495 pid=21151790 tid=39 run_id=19700101_000108_18268299 PHASE=ALT111_EVENT_RESPONSE receiver=85c028 stream=0 generation=0 event=1 status=0 response=341bd8
[ALTSCREEN] seq=319 epoch_us=150185682 pid=21151790 tid=41 run_id=19700101_000108_18268299 CONTROL suggestUI session=85c028 arg=341488
[ALTSCREEN] seq=320 epoch_us=150201797 pid=21151790 tid=41 run_id=19700101_000108_18268299 CALL SessionPlatformControl self=85c028 lr=780acf74 rc=-6714 thread=41 seq=37 profile=observe
[ALTSCREEN] seq=321 epoch_us=150201797 pid=21151790 tid=41 run_id=19700101_000108_18268299 PHASE=SUGGEST_UI_ACCEPTED session=85c028 stock_rc=-6714 return_rc=0 policy=LIVI_NOOP urls_not_shown=1
[ALTSCREEN] seq=322 epoch_us=150236041 pid=21151790 tid=39 run_id=19700101_000108_18268299 PHASE=ALT111_EVENT_RESPONSE receiver=85c028 stream=0 generation=0 event=2 status=0 response=341bd8
[ALTSCREEN] seq=323 epoch_us=150237048 pid=21151790 tid=41 run_id=19700101_000108_18268299 PHASE=TEARDOWN_PLATFORM_NOTIFICATION session=85c028 lifetime_owner=outer_session_teardown
[ALTSCREEN] seq=324 epoch_us=150258199 pid=21151790 tid=56 run_id=19700101_000108_18268299 PHASE=H264_AVCC_PROPERTY stream=1d2ae0 bytes=39 valid=1 nal_length_size=4 sps=1 pps=1 first16=0164001f_ffe10014_2764001f_ac131450 shm_dependency=NONE
[ALTSCREEN] seq=325 epoch_us=150260214 pid=21151790 tid=56 run_id=19700101_000108_18268299 STREAM new ptr=1d2ae0 thread=56 caller=7853b780 profile=observe
[ALTSCREEN] seq=326 epoch_us=150260214 pid=21151790 tid=56 run_id=19700101_000108_18268299 STREAM data ptr=1d2ae0 calls=1 bytes=10920 MB=0 sps=0 pps=0 idr=0 other=0
[ALTSCREEN] seq=327 epoch_us=150291436 pid=21151790 tid=44 run_id=19700101_000108_18268299 PHASE=H264_AVCC_CONFIG stream=1d26d0 generation=1 seq=40 bytes=40 nal_length_size=4 sps=1 pps=1 first16=01640020_ffe10015_27640020_ac131450
[ALTSCREEN] seq=328 epoch_us=150415320 pid=21151790 tid=53 run_id=19700101_000108_18268299 PHASE=ALT111_EVENT_SUBMIT receiver=85c028 stream=1d26d0 generation=1 event=showUI uuid=b7e6c5a0-2222-4000-8000-000000000002 url=maps:/car/instrumentcluster/map rc=0 response_callback=1
[ALTSCREEN] seq=329 epoch_us=150428414 pid=21151790 tid=39 run_id=19700101_000108_18268299 PHASE=ALT111_EVENT_RESPONSE receiver=85c028 stream=1d26d0 generation=1 event=1 status=0 response=3414d0
[ALTSCREEN] seq=330 epoch_us=150428414 pid=21151790 tid=39 run_id=19700101_000108_18268299 PHASE=ALT_UI_CTX_ACTIVE id=1 generation=1 proof=showUI-alt-uuid-cluster-map-response-status0
[ALTSCREEN] seq=331 epoch_us=150428414 pid=21151790 tid=39 run_id=19700101_000108_18268299 PHASE=ALT_UI_ACTIVE ALT_UI_SHOW_FOCUS=YES proof=showUI-alt-uuid-cluster-map-response-status0
[ALTSCREEN] seq=332 epoch_us=150428414 pid=21151790 tid=39 run_id=19700101_000108_18268299 PHASE=ALT111_EVENT_RESULT receiver=85c028 stream=1d26d0 generation=1 event=1 status=0 response_received=1 accepted=1 applied=1 retry=0
[ALTSCREEN] seq=333 epoch_us=150490859 pid=21151790 tid=41 run_id=19700101_000108_18268299 PHASE=TEARDOWN_OUTER receiver=85c028 stock_called=1 reason=0 done=0 scope=0
[ALTSCREEN] seq=334 epoch_us=151423515 pid=21151790 tid=53 run_id=19700101_000108_18268299 PHASE=ALT111_EVENT_SUBMIT receiver=85c028 stream=1d26d0 generation=1 event=forceKeyFrame uuid=b7e6c5a0-2222-4000-8000-000000000002 url=- rc=0 response_callback=1
[ALTSCREEN] seq=335 epoch_us=151452723 pid=21151790 tid=39 run_id=19700101_000108_18268299 PHASE=ALT111_EVENT_RESPONSE receiver=85c028 stream=1d26d0 generation=1 event=2 status=0 response=341488
[ALTSCREEN] seq=336 epoch_us=151452723 pid=21151790 tid=39 run_id=19700101_000108_18268299 PHASE=ALT111_EVENT_RESULT receiver=85c028 stream=1d26d0 generation=1 event=2 status=0 response_received=1 accepted=1 applied=1 retry=0
[ALTSCREEN] seq=337 epoch_us=151460781 pid=21151790 tid=47 run_id=19700101_000108_18268299 PHASE=H264_AVCC_CONFIG stream=1d26d0 generation=1 seq=99 bytes=40 nal_length_size=4 sps=1 pps=1 first16=01640020_ffe10015_27640020_ac131450
[ALTSCREEN] seq=338 epoch_us=151496032 pid=21151790 tid=44 run_id=19700101_000108_18268299 PHASE=H264_AVCC_CONFIG stream=1d26d0 generation=1 seq=100 bytes=40 nal_length_size=4 sps=1 pps=1 first16=01640020_ffe10015_27640020_ac131450
[ALTSCREEN] seq=339 epoch_us=155219602 pid=21151790 tid=44 run_id=19700101_000108_18268299 PHASE=H264_TAP_PROGRESS stream=1d26d0 generation=1 packets=256 bytes=599471 seq=256 wraps=0 drops=0 sps=4 pps=4 idr=3 format=avcc
[ALTSCREEN] seq=340 epoch_us=155320321 pid=21151790 tid=44 run_id=19700101_000108_18268299 PHASE=VIDEO_111_PROGRESS id=1 generation=1 receiver=85c028 session=85e480 stream=1d26d0 ALT_VIDEO_BYTES=608011 ALT_VIDEO_PACKETS=256 annexb_nals=0 last=2173
[ALTSCREEN] seq=341 epoch_us=155320321 pid=21151790 tid=44 run_id=19700101_000108_18268299 PHASE=VIDEO_111_PROGRESS ALT_VIDEO_BYTES=608011 ALT_VIDEO_PACKETS=256 last=2173
[ALTSCREEN] seq=342 epoch_us=155373702 pid=21151790 tid=44 run_id=19700101_000108_18268299 STREAM data ptr=1d26d0 calls=257 bytes=610188 MB=0 sps=0 pps=0 idr=0 other=1
[ALTSCREEN] seq=343 epoch_us=156496716 pid=21151790 tid=47 run_id=19700101_000108_18268299 PHASE=DECODER_PROGRESS backend=stock-omx-tap stream=1d26d0 generation=1 frames=300 seq=300 size=1440x542 source_stride=1536 drops=0
[ALTSCREEN] seq=344 epoch_us=156496716 pid=21151790 tid=47 run_id=19700101_000108_18268299 PHASE=FRAME_LINEARIZER_PROGRESS backend=screen-nv12 readbacks=300 published=300 publish_drops=0 requests=300 failures=0 fallbacks=0 slow_readbacks=0 readback_p50_ms=3 readback_p95_ms=6 readback_max_us=8058 size=1440x542
[ALTSCREEN] seq=345 epoch_us=160605031 pid=21151790 tid=56 run_id=19700101_000108_18268299 STREAM data ptr=1d2ae0 calls=257 bytes=3822767 MB=3 sps=0 pps=0 idr=0 other=0
[ALTSCREEN] seq=346 epoch_us=161588046 pid=21151790 tid=44 run_id=19700101_000108_18268299 PHASE=H264_TAP_PROGRESS stream=1d26d0 generation=1 packets=512 bytes=1454728 seq=512 wraps=0 drops=0 sps=4 pps=4 idr=3 format=avcc
[ALTSCREEN] seq=347 epoch_us=161686750 pid=21151790 tid=44 run_id=19700101_000108_18268299 PHASE=VIDEO_111_PROGRESS id=1 generation=1 receiver=85c028 session=85e480 stream=1d26d0 ALT_VIDEO_BYTES=1471641 ALT_VIDEO_PACKETS=512 annexb_nals=0 last=1990
[ALTSCREEN] seq=348 epoch_us=161686750 pid=21151790 tid=44 run_id=19700101_000108_18268299 PHASE=VIDEO_111_PROGRESS ALT_VIDEO_BYTES=1471641 ALT_VIDEO_PACKETS=512 last=1990
[ALTSCREEN] seq=349 epoch_us=161705887 pid=21151790 tid=44 run_id=19700101_000108_18268299 STREAM data ptr=1d26d0 calls=513 bytes=1473366 MB=1 sps=0 pps=0 idr=0 other=1
[ALTSCREEN] seq=350 epoch_us=163956950 pid=21151790 tid=47 run_id=19700101_000108_18268299 PHASE=DECODER_PROGRESS backend=stock-omx-tap stream=1d26d0 generation=1 frames=600 seq=600 size=1440x542 source_stride=1536 drops=0
[ALTSCREEN] seq=351 epoch_us=163956950 pid=21151790 tid=47 run_id=19700101_000108_18268299 PHASE=FRAME_LINEARIZER_PROGRESS backend=screen-nv12 readbacks=600 published=600 publish_drops=0 requests=600 failures=0 fallbacks=0 slow_readbacks=0 readback_p50_ms=3 readback_p95_ms=6 readback_max_us=11079 size=1440x542
[ALTSCREEN] seq=352 epoch_us=167822533 pid=21151790 tid=44 run_id=19700101_000108_18268299 PHASE=H264_TAP_PROGRESS stream=1d26d0 generation=1 packets=768 bytes=2185575 seq=768 wraps=0 drops=0 sps=4 pps=4 idr=3 format=avcc
[ALTSCREEN] seq=353 epoch_us=167929295 pid=21151790 tid=44 run_id=19700101_000108_18268299 PHASE=VIDEO_111_PROGRESS id=1 generation=1 receiver=85c028 session=85e480 stream=1d26d0 ALT_VIDEO_BYTES=2191797 ALT_VIDEO_PACKETS=768 annexb_nals=0 last=1594
[ALTSCREEN] seq=354 epoch_us=167929295 pid=21151790 tid=44 run_id=19700101_000108_18268299 PHASE=VIDEO_111_PROGRESS ALT_VIDEO_BYTES=2191797 ALT_VIDEO_PACKETS=768 last=1594
[ALTSCREEN] seq=355 epoch_us=167942389 pid=21151790 tid=44 run_id=19700101_000108_18268299 STREAM data ptr=1d26d0 calls=769 bytes=2193394 MB=2 sps=0 pps=0 idr=0 other=1
[ALTSCREEN] seq=356 epoch_us=171162365 pid=21151790 tid=47 run_id=19700101_000108_18268299 PHASE=DECODER_PROGRESS backend=stock-omx-tap stream=1d26d0 generation=1 frames=900 seq=900 size=1440x542 source_stride=1536 drops=0
[ALTSCREEN] seq=357 epoch_us=171162365 pid=21151790 tid=47 run_id=19700101_000108_18268299 PHASE=FRAME_LINEARIZER_PROGRESS backend=screen-nv12 readbacks=900 published=900 publish_drops=0 requests=900 failures=0 fallbacks=0 slow_readbacks=0 readback_p50_ms=3 readback_p95_ms=6 readback_max_us=11079 size=1440x542
[ALTSCREEN] seq=358 epoch_us=171812001 pid=21151790 tid=56 run_id=19700101_000108_18268299 STREAM data ptr=1d2ae0 calls=513 bytes=4996797 MB=4 sps=0 pps=0 idr=0 other=0
[ALTSCREEN] seq=359 epoch_us=172430414 pid=21151790 tid=47 run_id=19700101_000108_18268299 WARN PHASE=FRAME_LINEARIZER_SLOW readback_us=20144 threshold_us=20000 backend=screen-nv12 slow_count=1 requests=948
[ALTSCREEN] seq=360 epoch_us=174032848 pid=21151790 tid=44 run_id=19700101_000108_18268299 PHASE=H264_TAP_PROGRESS stream=1d26d0 generation=1 packets=1024 bytes=2888117 seq=1024 wraps=0 drops=0 sps=4 pps=4 idr=3 format=avcc
[ALTSCREEN] seq=361 epoch_us=174130546 pid=21151790 tid=44 run_id=19700101_000108_18268299 PHASE=VIDEO_111_PROGRESS id=1 generation=1 receiver=85c028 session=85e480 stream=1d26d0 ALT_VIDEO_BYTES=2894497 ALT_VIDEO_PACKETS=1024 annexb_nals=0 last=1633
[ALTSCREEN] seq=362 epoch_us=174131553 pid=21151790 tid=44 run_id=19700101_000108_18268299 PHASE=VIDEO_111_PROGRESS ALT_VIDEO_BYTES=2894497 ALT_VIDEO_PACKETS=1024 last=1633
[ALTSCREEN] seq=363 epoch_us=174174862 pid=21151790 tid=44 run_id=19700101_000108_18268299 STREAM data ptr=1d26d0 calls=1025 bytes=2896134 MB=2 sps=0 pps=0 idr=0 other=1
[ALTSCREEN] seq=364 epoch_us=178537996 pid=21151790 tid=47 run_id=19700101_000108_18268299 PHASE=DECODER_PROGRESS backend=stock-omx-tap stream=1d26d0 generation=1 frames=1200 seq=1200 size=1440x542 source_stride=1536 drops=0
[ALTSCREEN] seq=365 epoch_us=178537996 pid=21151790 tid=47 run_id=19700101_000108_18268299 PHASE=FRAME_LINEARIZER_PROGRESS backend=screen-nv12 readbacks=1200 published=1200 publish_drops=0 requests=1200 failures=0 fallbacks=0 slow_readbacks=1 readback_p50_ms=4 readback_p95_ms=8 readback_max_us=20144 size=1440x542
[ALTSCREEN] seq=366 epoch_us=180324746 pid=21151790 tid=44 run_id=19700101_000108_18268299 PHASE=H264_TAP_PROGRESS stream=1d26d0 generation=1 packets=1280 bytes=3319460 seq=1280 wraps=0 drops=0 sps=4 pps=4 idr=3 format=avcc
[ALTSCREEN] seq=367 epoch_us=180427479 pid=21151790 tid=44 run_id=19700101_000108_18268299 PHASE=VIDEO_111_PROGRESS id=1 generation=1 receiver=85c028 session=85e480 stream=1d26d0 ALT_VIDEO_BYTES=3325978 ALT_VIDEO_PACKETS=1280 annexb_nals=0 last=1669
[ALTSCREEN] seq=368 epoch_us=180427479 pid=21151790 tid=44 run_id=19700101_000108_18268299 PHASE=VIDEO_111_PROGRESS ALT_VIDEO_BYTES=3325978 ALT_VIDEO_PACKETS=1280 last=1669
[ALTSCREEN] seq=369 epoch_us=180476831 pid=21151790 tid=44 run_id=19700101_000108_18268299 STREAM data ptr=1d26d0 calls=1281 bytes=3327648 MB=3 sps=0 pps=0 idr=0 other=1
[ALTSCREEN] seq=370 epoch_us=182941417 pid=21151790 tid=56 run_id=19700101_000108_18268299 STREAM data ptr=1d2ae0 calls=769 bytes=6171369 MB=5 sps=0 pps=0 idr=0 other=0
[ALTSCREEN] seq=371 epoch_us=185931756 pid=21151790 tid=47 run_id=19700101_000108_18268299 PHASE=DECODER_PROGRESS backend=stock-omx-tap stream=1d26d0 generation=1 frames=1500 seq=1500 size=1440x542 source_stride=1536 drops=0
[ALTSCREEN] seq=372 epoch_us=185931756 pid=21151790 tid=47 run_id=19700101_000108_18268299 PHASE=FRAME_LINEARIZER_PROGRESS backend=screen-nv12 readbacks=1500 published=1500 publish_drops=0 requests=1500 failures=0 fallbacks=0 slow_readbacks=1 readback_p50_ms=3 readback_p95_ms=7 readback_max_us=20144 size=1440x542
[ALTSCREEN] seq=373 epoch_us=186627722 pid=21151790 tid=44 run_id=19700101_000108_18268299 PHASE=H264_TAP_PROGRESS stream=1d26d0 generation=1 packets=1536 bytes=4090662 seq=1536 wraps=0 drops=0 sps=4 pps=4 idr=3 format=avcc
[ALTSCREEN] seq=374 epoch_us=186715347 pid=21151790 tid=44 run_id=19700101_000108_18268299 PHASE=VIDEO_111_PROGRESS id=1 generation=1 receiver=85c028 session=85e480 stream=1d26d0 ALT_VIDEO_BYTES=4097778 ALT_VIDEO_PACKETS=1536 annexb_nals=0 last=1818
[ALTSCREEN] seq=375 epoch_us=186715347 pid=21151790 tid=44 run_id=19700101_000108_18268299 PHASE=VIDEO_111_PROGRESS ALT_VIDEO_BYTES=4097778 ALT_VIDEO_PACKETS=1536 last=1818
[ALTSCREEN] seq=376 epoch_us=186733476 pid=21151790 tid=44 run_id=19700101_000108_18268299 STREAM data ptr=1d26d0 calls=1537 bytes=4099598 MB=3 sps=0 pps=0 idr=0 other=1
[ALTSCREEN] seq=377 epoch_us=192894439 pid=21151790 tid=44 run_id=19700101_000108_18268299 PHASE=H264_TAP_PROGRESS stream=1d26d0 generation=1 packets=1792 bytes=4561767 seq=1792 wraps=1 drops=0 sps=4 pps=4 idr=3 format=avcc
[ALTSCREEN] seq=378 epoch_us=192991129 pid=21151790 tid=44 run_id=19700101_000108_18268299 PHASE=VIDEO_111_PROGRESS id=1 generation=1 receiver=85c028 session=85e480 stream=1d26d0 ALT_VIDEO_BYTES=4568681 ALT_VIDEO_PACKETS=1792 annexb_nals=0 last=1767
[ALTSCREEN] seq=379 epoch_us=192991129 pid=21151790 tid=44 run_id=19700101_000108_18268299 PHASE=VIDEO_111_PROGRESS ALT_VIDEO_BYTES=4568681 ALT_VIDEO_PACKETS=1792 last=1767
[ALTSCREEN] seq=380 epoch_us=193010266 pid=21151790 tid=44 run_id=19700101_000108_18268299 STREAM data ptr=1d26d0 calls=1793 bytes=4570454 MB=4 sps=0 pps=0 idr=0 other=1
[ALTSCREEN] seq=381 epoch_us=193252998 pid=21151790 tid=47 run_id=19700101_000108_18268299 PHASE=DECODER_PROGRESS backend=stock-omx-tap stream=1d26d0 generation=1 frames=1800 seq=1800 size=1440x542 source_stride=1536 drops=0
[ALTSCREEN] seq=382 epoch_us=193252998 pid=21151790 tid=47 run_id=19700101_000108_18268299 PHASE=FRAME_LINEARIZER_PROGRESS backend=screen-nv12 readbacks=1800 published=1800 publish_drops=0 requests=1800 failures=0 fallbacks=0 slow_readbacks=1 readback_p50_ms=3 readback_p95_ms=7 readback_max_us=20144 size=1440x542
[ALTSCREEN] seq=383 epoch_us=194146373 pid=21151790 tid=56 run_id=19700101_000108_18268299 STREAM data ptr=1d2ae0 calls=1025 bytes=7367249 MB=7 sps=0 pps=0 idr=0 other=0
[ALTSCREEN] seq=384 epoch_us=198996985 pid=21151790 tid=44 run_id=19700101_000108_18268299 PHASE=H264_TAP_PROGRESS stream=1d26d0 generation=1 packets=2048 bytes=5014575 seq=2048 wraps=1 drops=0 sps=4 pps=4 idr=3 format=avcc
[ALTSCREEN] seq=385 epoch_us=199093675 pid=21151790 tid=44 run_id=19700101_000108_18268299 PHASE=VIDEO_111_PROGRESS id=1 generation=1 receiver=85c028 session=85e480 stream=1d26d0 ALT_VIDEO_BYTES=5021494 ALT_VIDEO_PACKETS=2048 annexb_nals=0 last=1767
[ALTSCREEN] seq=386 epoch_us=199093675 pid=21151790 tid=44 run_id=19700101_000108_18268299 PHASE=VIDEO_111_PROGRESS ALT_VIDEO_BYTES=5021494 ALT_VIDEO_PACKETS=2048 last=1767
[ALTSCREEN] seq=387 epoch_us=199109790 pid=21151790 tid=44 run_id=19700101_000108_18268299 STREAM data ptr=1d26d0 calls=2049 bytes=5023264 MB=4 sps=0 pps=0 idr=0 other=1
[ALTSCREEN] seq=388 epoch_us=200425177 pid=21151790 tid=47 run_id=19700101_000108_18268299 PHASE=DECODER_PROGRESS backend=stock-omx-tap stream=1d26d0 generation=1 frames=2100 seq=2100 size=1440x542 source_stride=1536 drops=0
[ALTSCREEN] seq=389 epoch_us=200425177 pid=21151790 tid=47 run_id=19700101_000108_18268299 PHASE=FRAME_LINEARIZER_PROGRESS backend=screen-nv12 readbacks=2100 published=2100 publish_drops=0 requests=2100 failures=0 fallbacks=0 slow_readbacks=1 readback_p50_ms=3 readback_p95_ms=7 readback_max_us=20144 size=1440x542
[ALTSCREEN] seq=390 epoch_us=205193200 pid=21151790 tid=44 run_id=19700101_000108_18268299 PHASE=H264_TAP_PROGRESS stream=1d26d0 generation=1 packets=2304 bytes=5467399 seq=2304 wraps=1 drops=0 sps=4 pps=4 idr=3 format=avcc
[ALTSCREEN] seq=391 epoch_us=205245574 pid=21151790 tid=56 run_id=19700101_000108_18268299 STREAM data ptr=1d2ae0 calls=1281 bytes=8535487 MB=8 sps=0 pps=0 idr=0 other=0
[ALTSCREEN] seq=392 epoch_us=205296940 pid=21151790 tid=44 run_id=19700101_000108_18268299 PHASE=VIDEO_111_PROGRESS id=1 generation=1 receiver=85c028 session=85e480 stream=1d26d0 ALT_VIDEO_BYTES=5474321 ALT_VIDEO_PACKETS=2304 annexb_nals=0 last=1768
[ALTSCREEN] seq=393 epoch_us=205296940 pid=21151790 tid=44 run_id=19700101_000108_18268299 PHASE=VIDEO_111_PROGRESS ALT_VIDEO_BYTES=5474321 ALT_VIDEO_PACKETS=2304 last=1768
[ALTSCREEN] seq=394 epoch_us=205310034 pid=21151790 tid=44 run_id=19700101_000108_18268299 STREAM data ptr=1d26d0 calls=2305 bytes=5476091 MB=5 sps=0 pps=0 idr=0 other=1
[ALTSCREEN] seq=395 epoch_us=207730304 pid=21151790 tid=47 run_id=19700101_000108_18268299 PHASE=DECODER_PROGRESS backend=stock-omx-tap stream=1d26d0 generation=1 frames=2400 seq=2400 size=1440x542 source_stride=1536 drops=0
[ALTSCREEN] seq=396 epoch_us=207730304 pid=21151790 tid=47 run_id=19700101_000108_18268299 PHASE=FRAME_LINEARIZER_PROGRESS backend=screen-nv12 readbacks=2400 published=2400 publish_drops=0 requests=2400 failures=0 fallbacks=0 slow_readbacks=1 readback_p50_ms=3 readback_p95_ms=6 readback_max_us=20144 size=1440x542
[ALTSCREEN] seq=397 epoch_us=211430709 pid=21151790 tid=44 run_id=19700101_000108_18268299 PHASE=H264_TAP_PROGRESS stream=1d26d0 generation=1 packets=2560 bytes=5933163 seq=2560 wraps=1 drops=0 sps=4 pps=4 idr=3 format=avcc
[ALTSCREEN] seq=398 epoch_us=211519341 pid=21151790 tid=44 run_id=19700101_000108_18268299 PHASE=VIDEO_111_PROGRESS id=1 generation=1 receiver=85c028 session=85e480 stream=1d26d0 ALT_VIDEO_BYTES=5940172 ALT_VIDEO_PACKETS=2560 annexb_nals=0 last=1791
[ALTSCREEN] seq=399 epoch_us=211519341 pid=21151790 tid=44 run_id=19700101_000108_18268299 PHASE=VIDEO_111_PROGRESS ALT_VIDEO_BYTES=5940172 ALT_VIDEO_PACKETS=2560 last=1791
[ALTSCREEN] seq=400 epoch_us=211535456 pid=21151790 tid=44 run_id=19700101_000108_18268299 STREAM data ptr=1d26d0 calls=2561 bytes=5941964 MB=5 sps=0 pps=0 idr=0 other=1
[ALTSCREEN] seq=401 epoch_us=215020323 pid=21151790 tid=47 run_id=19700101_000108_18268299 PHASE=DECODER_PROGRESS backend=stock-omx-tap stream=1d26d0 generation=1 frames=2700 seq=2700 size=1440x542 source_stride=1536 drops=0
[ALTSCREEN] seq=402 epoch_us=215020323 pid=21151790 tid=47 run_id=19700101_000108_18268299 PHASE=FRAME_LINEARIZER_PROGRESS backend=screen-nv12 readbacks=2700 published=2700 publish_drops=0 requests=2700 failures=0 fallbacks=0 slow_readbacks=1 readback_p50_ms=3 readback_p95_ms=6 readback_max_us=20144 size=1440x542
[ALTSCREEN] seq=403 epoch_us=216351825 pid=21151790 tid=56 run_id=19700101_000108_18268299 STREAM data ptr=1d2ae0 calls=1537 bytes=9703623 MB=9 sps=0 pps=0 idr=0 other=0
[ALTSCREEN] seq=404 epoch_us=217696419 pid=21151790 tid=44 run_id=19700101_000108_18268299 PHASE=H264_TAP_PROGRESS stream=1d26d0 generation=1 packets=2816 bytes=6391878 seq=2816 wraps=1 drops=0 sps=4 pps=4 idr=3 format=avcc
[ALTSCREEN] seq=405 epoch_us=217797138 pid=21151790 tid=44 run_id=19700101_000108_18268299 PHASE=VIDEO_111_PROGRESS id=1 generation=1 receiver=85c028 session=85e480 stream=1d26d0 ALT_VIDEO_BYTES=6398889 ALT_VIDEO_PACKETS=2816 annexb_nals=0 last=1791
[ALTSCREEN] seq=406 epoch_us=217797138 pid=21151790 tid=44 run_id=19700101_000108_18268299 PHASE=VIDEO_111_PROGRESS ALT_VIDEO_BYTES=6398889 ALT_VIDEO_PACKETS=2816 last=1791
[ALTSCREEN] seq=407 epoch_us=217817282 pid=21151790 tid=44 run_id=19700101_000108_18268299 STREAM data ptr=1d26d0 calls=2817 bytes=6400681 MB=6 sps=0 pps=0 idr=0 other=1
[ALTSCREEN] seq=408 epoch_us=222446313 pid=21151790 tid=47 run_id=19700101_000108_18268299 PHASE=DECODER_PROGRESS backend=stock-omx-tap stream=1d26d0 generation=1 frames=3000 seq=3000 size=1440x542 source_stride=1536 drops=0
[ALTSCREEN] seq=409 epoch_us=222446313 pid=21151790 tid=47 run_id=19700101_000108_18268299 PHASE=FRAME_LINEARIZER_PROGRESS backend=screen-nv12 readbacks=3000 published=3000 publish_drops=0 requests=3000 failures=0 fallbacks=0 slow_readbacks=1 readback_p50_ms=3 readback_p95_ms=6 readback_max_us=20144 size=1440x542
[ALTSCREEN] seq=410 epoch_us=224199826 pid=21151790 tid=44 run_id=19700101_000108_18268299 PHASE=H264_TAP_PROGRESS stream=1d26d0 generation=1 packets=3072 bytes=7450711 seq=3072 wraps=1 drops=0 sps=4 pps=4 idr=3 format=avcc
[ALTSCREEN] seq=411 epoch_us=224303566 pid=21151790 tid=44 run_id=19700101_000108_18268299 PHASE=VIDEO_111_PROGRESS id=1 generation=1 receiver=85c028 session=85e480 stream=1d26d0 ALT_VIDEO_BYTES=7540862 ALT_VIDEO_PACKETS=3072 annexb_nals=0 last=40917
[ALTSCREEN] seq=412 epoch_us=224303566 pid=21151790 tid=44 run_id=19700101_000108_18268299 PHASE=VIDEO_111_PROGRESS ALT_VIDEO_BYTES=7540862 ALT_VIDEO_PACKETS=3072 last=40917
[ALTSCREEN] seq=413 epoch_us=224342846 pid=21151790 tid=44 run_id=19700101_000108_18268299 STREAM data ptr=1d26d0 calls=3073 bytes=7580527 MB=7 sps=0 pps=0 idr=0 other=1
[ALTSCREEN] seq=414 epoch_us=227349299 pid=21151790 tid=56 run_id=19700101_000108_18268299 STREAM data ptr=1d2ae0 calls=1793 bytes=10871759 MB=10 sps=0 pps=0 idr=0 other=0
[ALTSCREEN] seq=415 epoch_us=230329566 pid=21151790 tid=47 run_id=19700101_000108_18268299 PHASE=DECODER_PROGRESS backend=stock-omx-tap stream=1d26d0 generation=1 frames=3300 seq=3300 size=1440x542 source_stride=1536 drops=0
[ALTSCREEN] seq=416 epoch_us=230329566 pid=21151790 tid=47 run_id=19700101_000108_18268299 PHASE=FRAME_LINEARIZER_PROGRESS backend=screen-nv12 readbacks=3300 published=3300 publish_drops=0 requests=3300 failures=0 fallbacks=0 slow_readbacks=1 readback_p50_ms=3 readback_p95_ms=7 readback_max_us=20144 size=1440x542
[ALTSCREEN] seq=417 epoch_us=230812008 pid=21151790 tid=44 run_id=19700101_000108_18268299 PHASE=H264_TAP_PROGRESS stream=1d26d0 generation=1 packets=3328 bytes=9004855 seq=3328 wraps=2 drops=0 sps=4 pps=4 idr=3 format=avcc
[ALTSCREEN] seq=418 epoch_us=230914741 pid=21151790 tid=44 run_id=19700101_000108_18268299 PHASE=VIDEO_111_PROGRESS id=1 generation=1 receiver=85c028 session=85e480 stream=1d26d0 ALT_VIDEO_BYTES=9011397 ALT_VIDEO_PACKETS=3328 annexb_nals=0 last=1675
[ALTSCREEN] seq=419 epoch_us=230914741 pid=21151790 tid=44 run_id=19700101_000108_18268299 PHASE=VIDEO_111_PROGRESS ALT_VIDEO_BYTES=9011397 ALT_VIDEO_PACKETS=3328 last=1675
[ALTSCREEN] seq=420 epoch_us=230935892 pid=21151790 tid=44 run_id=19700101_000108_18268299 STREAM data ptr=1d26d0 calls=3329 bytes=9013073 MB=8 sps=0 pps=0 idr=0 other=1
[ALTSCREEN] seq=421 epoch_us=237084769 pid=21151790 tid=44 run_id=19700101_000108_18268299 PHASE=H264_TAP_PROGRESS stream=1d26d0 generation=1 packets=3584 bytes=9433874 seq=3584 wraps=2 drops=0 sps=4 pps=4 idr=3 format=avcc
[ALTSCREEN] seq=422 epoch_us=237186495 pid=21151790 tid=44 run_id=19700101_000108_18268299 PHASE=VIDEO_111_PROGRESS id=1 generation=1 receiver=85c028 session=85e480 stream=1d26d0 ALT_VIDEO_BYTES=9440416 ALT_VIDEO_PACKETS=3584 annexb_nals=0 last=1675
[ALTSCREEN] seq=423 epoch_us=237186495 pid=21151790 tid=44 run_id=19700101_000108_18268299 PHASE=VIDEO_111_PROGRESS ALT_VIDEO_BYTES=9440416 ALT_VIDEO_PACKETS=3584 last=1675
[ALTSCREEN] seq=424 epoch_us=237199588 pid=21151790 tid=44 run_id=19700101_000108_18268299 STREAM data ptr=1d26d0 calls=3585 bytes=9442092 MB=9 sps=0 pps=0 idr=0 other=1
[ALTSCREEN] seq=425 epoch_us=237641743 pid=21151790 tid=47 run_id=19700101_000108_18268299 PHASE=DECODER_PROGRESS backend=stock-omx-tap stream=1d26d0 generation=1 frames=3600 seq=3600 size=1440x542 source_stride=1536 drops=0
[ALTSCREEN] seq=426 epoch_us=237641743 pid=21151790 tid=47 run_id=19700101_000108_18268299 PHASE=FRAME_LINEARIZER_PROGRESS backend=screen-nv12 readbacks=3600 published=3600 publish_drops=0 requests=3600 failures=0 fallbacks=0 slow_readbacks=1 readback_p50_ms=3 readback_p95_ms=7 readback_max_us=20144 size=1440x542
[ALTSCREEN] seq=427 epoch_us=238719433 pid=21151790 tid=56 run_id=19700101_000108_18268299 STREAM data ptr=1d2ae0 calls=2049 bytes=12039888 MB=11 sps=0 pps=0 idr=0 other=0
[ALTSCREEN] seq=428 epoch_us=243234653 pid=21151790 tid=44 run_id=19700101_000108_18268299 PHASE=H264_TAP_PROGRESS stream=1d26d0 generation=1 packets=3840 bytes=9862887 seq=3840 wraps=2 drops=0 sps=4 pps=4 idr=3 format=avcc
[ALTSCREEN] seq=429 epoch_us=243335372 pid=21151790 tid=44 run_id=19700101_000108_18268299 PHASE=VIDEO_111_PROGRESS id=1 generation=1 receiver=85c028 session=85e480 stream=1d26d0 ALT_VIDEO_BYTES=9869429 ALT_VIDEO_PACKETS=3840 annexb_nals=0 last=1675
[ALTSCREEN] seq=430 epoch_us=243335372 pid=21151790 tid=44 run_id=19700101_000108_18268299 PHASE=VIDEO_111_PROGRESS ALT_VIDEO_BYTES=9869429 ALT_VIDEO_PACKETS=3840 last=1675
[ALTSCREEN] seq=431 epoch_us=243382709 pid=21151790 tid=44 run_id=19700101_000108_18268299 STREAM data ptr=1d26d0 calls=3841 bytes=9871105 MB=9 sps=0 pps=0 idr=0 other=1
[ALTSCREEN] seq=432 epoch_us=244165294 pid=21151790 tid=41 run_id=19700101_000108_18268299 CONTROL duckAudio session=85c028 arg=3414d0
[ALTSCREEN] seq=433 epoch_us=244167308 pid=21151790 tid=41 run_id=19700101_000108_18268299 CALL SessionPlatformControl self=85c028 lr=780acf74 rc=0 thread=41 seq=38 profile=observe
[ALTSCREEN] seq=434 epoch_us=244388889 pid=21151790 tid=41 run_id=19700101_000108_18268299 CONTROL suggestUI session=85c028 arg=3413b0
[ALTSCREEN] seq=435 epoch_us=244393925 pid=21151790 tid=41 run_id=19700101_000108_18268299 CALL SessionPlatformControl self=85c028 lr=780acf74 rc=-6714 thread=41 seq=39 profile=observe
[ALTSCREEN] seq=436 epoch_us=244393925 pid=21151790 tid=41 run_id=19700101_000108_18268299 PHASE=SUGGEST_UI_ACCEPTED session=85c028 stock_rc=-6714 return_rc=0 policy=LIVI_NOOP urls_not_shown=1
[ALTSCREEN] seq=437 epoch_us=244524859 pid=21151790 tid=41 run_id=19700101_000108_18268299 CONTROL unduckAudio session=85c028 arg=3414d0
[ALTSCREEN] seq=438 epoch_us=244526874 pid=21151790 tid=41 run_id=19700101_000108_18268299 CALL SessionPlatformControl self=85c028 lr=780acf74 rc=0 thread=41 seq=40 profile=observe
[ALTSCREEN] seq=439 epoch_us=244858238 pid=21151790 tid=47 run_id=19700101_000108_18268299 PHASE=FRAME_LINEARIZER_PIXEL backend=screen-nv12 detail=LOW accepted=1 reason=valid_uniform_frame
[ALTSCREEN] seq=440 epoch_us=244860253 pid=21151790 tid=47 run_id=19700101_000108_18268299 PHASE=DECODER_PROGRESS backend=stock-omx-tap stream=1d26d0 generation=1 frames=3900 seq=3900 size=1440x542 source_stride=1536 drops=0
[ALTSCREEN] seq=441 epoch_us=244860253 pid=21151790 tid=47 run_id=19700101_000108_18268299 PHASE=FRAME_LINEARIZER_PROGRESS backend=screen-nv12 readbacks=3900 published=3900 publish_drops=0 requests=3900 failures=0 fallbacks=0 slow_readbacks=1 readback_p50_ms=3 readback_p95_ms=7 readback_max_us=20144 size=1440x542
[ALTSCREEN] seq=442 epoch_us=246652038 pid=21151790 tid=44 run_id=19700101_000108_18268299 PHASE=VIDEO_111_FIRST_IDR id=1 generation=1 receiver=85c028 session=85e480 stream=1d26d0
[ALTSCREEN] seq=443 epoch_us=250935605 pid=21151790 tid=44 run_id=19700101_000108_18268299 PHASE=H264_TAP_PROGRESS stream=1d26d0 generation=1 packets=4096 bytes=10377046 seq=4096 wraps=2 drops=0 sps=4 pps=4 idr=4 format=avcc
[ALTSCREEN] seq=444 epoch_us=251068553 pid=21151790 tid=44 run_id=19700101_000108_18268299 PHASE=VIDEO_111_PROGRESS id=1 generation=1 receiver=85c028 session=85e480 stream=1d26d0 ALT_VIDEO_BYTES=10381705 ALT_VIDEO_PACKETS=4096 annexb_nals=0 last=1206
[ALTSCREEN] seq=445 epoch_us=251068553 pid=21151790 tid=44 run_id=19700101_000108_18268299 PHASE=VIDEO_111_PROGRESS ALT_VIDEO_BYTES=10381705 ALT_VIDEO_PACKETS=4096 last=1206
[ALTSCREEN] seq=446 epoch_us=251100783 pid=21151790 tid=44 run_id=19700101_000108_18268299 STREAM data ptr=1d26d0 calls=4097 bytes=10382907 MB=9 sps=0 pps=0 idr=1 other=1
[ALTSCREEN] seq=447 epoch_us=254641046 pid=21151790 tid=47 run_id=19700101_000108_18268299 PHASE=DECODER_PROGRESS backend=stock-omx-tap stream=1d26d0 generation=1 frames=4200 seq=4200 size=1440x542 source_stride=1536 drops=0
[ALTSCREEN] seq=448 epoch_us=254641046 pid=21151790 tid=47 run_id=19700101_000108_18268299 PHASE=FRAME_LINEARIZER_PROGRESS backend=screen-nv12 readbacks=4200 published=4200 publish_drops=0 requests=4200 failures=0 fallbacks=0 slow_readbacks=1 readback_p50_ms=3 readback_p95_ms=7 readback_max_us=20144 size=1440x542
[ALTSCREEN] seq=449 epoch_us=258297134 pid=21151790 tid=56 run_id=19700101_000108_18268299 STREAM data ptr=1d2ae0 calls=2305 bytes=13560641 MB=12 sps=0 pps=0 idr=0 other=0
[ALTSCREEN] seq=450 epoch_us=259467486 pid=21151790 tid=44 run_id=19700101_000108_18268299 PHASE=H264_TAP_PROGRESS stream=1d26d0 generation=1 packets=4352 bytes=11417415 seq=4352 wraps=2 drops=0 sps=4 pps=4 idr=4 format=avcc
[ALTSCREEN] seq=451 epoch_us=259598420 pid=21151790 tid=44 run_id=19700101_000108_18268299 PHASE=VIDEO_111_PROGRESS id=1 generation=1 receiver=85c028 session=85e480 stream=1d26d0 ALT_VIDEO_BYTES=11423079 ALT_VIDEO_PACKETS=4352 annexb_nals=0 last=1457
[ALTSCREEN] seq=452 epoch_us=259598420 pid=21151790 tid=44 run_id=19700101_000108_18268299 PHASE=VIDEO_111_PROGRESS ALT_VIDEO_BYTES=11423079 ALT_VIDEO_PACKETS=4352 last=1457
[ALTSCREEN] seq=453 epoch_us=259634679 pid=21151790 tid=44 run_id=19700101_000108_18268299 STREAM data ptr=1d26d0 calls=4353 bytes=11424536 MB=10 sps=0 pps=0 idr=1 other=1
[ALTSCREEN] seq=454 epoch_us=262361134 pid=21151790 tid=41 run_id=19700101_000108_18268299 CONTROL suggestUI session=85c028 arg=341638
[ALTSCREEN] seq=455 epoch_us=262363148 pid=21151790 tid=41 run_id=19700101_000108_18268299 CALL SessionPlatformControl self=85c028 lr=780acf74 rc=-6714 thread=41 seq=41 profile=observe
[ALTSCREEN] seq=456 epoch_us=262363148 pid=21151790 tid=41 run_id=19700101_000108_18268299 PHASE=SUGGEST_UI_ACCEPTED session=85c028 stock_rc=-6714 return_rc=0 policy=LIVI_NOOP urls_not_shown=1
[ALTSCREEN] seq=457 epoch_us=262971489 pid=21151790 tid=41 run_id=19700101_000108_18268299 CONTROL duckAudio session=85c028 arg=341638
[ALTSCREEN] seq=458 epoch_us=262973504 pid=21151790 tid=41 run_id=19700101_000108_18268299 CALL SessionPlatformControl self=85c028 lr=780acf74 rc=0 thread=41 seq=42 profile=observe
[ALTSCREEN] seq=459 epoch_us=263109474 pid=21151790 tid=41 run_id=19700101_000108_18268299 CALL ServerPlatformCopyProperty self=857020 lr=78569974 rc=0 thread=41 seq=43 profile=observe
[ALTSCREEN] seq=460 epoch_us=263115517 pid=21151790 tid=41 run_id=19700101_000108_18268299 PHASE=SETUP_REQUEST_ENTER session=85c028 wants_alt=0 alt_descriptor=0 alt_descriptor_count=0 params=3413b0 wrapper=outer_session_setup canonical_parser=1
[ALTSCREEN] seq=461 epoch_us=263115517 pid=21151790 tid=41 run_id=19700101_000108_18268299 OBS setup-request-original dict depth=0 count=1
[ALTSCREEN] seq=462 epoch_us=263115517 pid=21151790 tid=41 run_id=19700101_000108_18268299 OBSALL setup-request-original d=0 key=streams type=array count=1
[ALTSCREEN] seq=463 epoch_us=263115517 pid=21151790 tid=41 run_id=19700101_000108_18268299 OBS setup-request-original array depth=1 count=1
[ALTSCREEN] seq=464 epoch_us=263115517 pid=21151790 tid=41 run_id=19700101_000108_18268299 OBSALL setup-request-original d=2 key=[] type=dict count=5
[ALTSCREEN] seq=465 epoch_us=263115517 pid=21151790 tid=41 run_id=19700101_000108_18268299 OBS setup-request-original dict depth=3 count=5
[ALTSCREEN] seq=466 epoch_us=263115517 pid=21151790 tid=41 run_id=19700101_000108_18268299 OBSALL setup-request-original d=3 key=audioType type=redacted value=REDACTED
[ALTSCREEN] seq=467 epoch_us=263115517 pid=21151790 tid=41 run_id=19700101_000108_18268299 OBSALL setup-request-original d=3 key=supportsHighAccuracyTimestamps type=redacted value=REDACTED
[ALTSCREEN] seq=468 epoch_us=263115517 pid=21151790 tid=41 run_id=19700101_000108_18268299 OBSALL setup-request-original d=3 key=audioLatencyMs type=redacted value=REDACTED
[ALTSCREEN] seq=469 epoch_us=263115517 pid=21151790 tid=41 run_id=19700101_000108_18268299 OBSALL setup-request-original d=3 key=type type=int value=101
[ALTSCREEN] seq=470 epoch_us=263116524 pid=21151790 tid=41 run_id=19700101_000108_18268299 OBSALL setup-request-original d=3 key=audioFormat type=redacted value=REDACTED
[ALTSCREEN] seq=471 epoch_us=263116524 pid=21151790 tid=41 run_id=19700101_000108_18268299 PHASE=SETUP_STOCK_PREP session=85c028 prep_rc=0 private_policy=0 private_allowed=0 stock_params=3413b0 original_params=3413b0 owned=0 stock110_protected=0 backend=P1404-exact-priv111-two-phase
[ALTSCREEN] seq=472 epoch_us=263116524 pid=21151790 tid=41 run_id=19700101_000108_18268299 PHASE=SETUP_STOCK_REQUEST strategy=passthrough_or_split_failed params=3413b0
[ALTSCREEN] seq=473 epoch_us=263124582 pid=21151790 tid=41 run_id=19700101_000108_18268299 PHASE=SETUP_PLATFORM_NOTIFICATION session=85c028 response_owner=outer_session_setup out_params=0
[ALTSCREEN] seq=474 epoch_us=263187027 pid=21151790 tid=41 run_id=19700101_000108_18268299 CALL SessionSetup self=85c028 lr=7853f734 rc=0 thread=41 seq=44 profile=observe
[ALTSCREEN] seq=475 epoch_us=263187027 pid=21151790 tid=41 run_id=19700101_000108_18268299 PHASE=SETUP_STOCK_RETURN rc=0 response=3410e0 wants_alt=0 alt_descriptor=0 prep_rc=0
[ALTSCREEN] seq=476 epoch_us=263187027 pid=21151790 tid=41 run_id=19700101_000108_18268299 OBS setup-response-stock dict depth=0 count=1
[ALTSCREEN] seq=477 epoch_us=263187027 pid=21151790 tid=41 run_id=19700101_000108_18268299 OBSALL setup-response-stock d=0 key=streams type=array count=1
[ALTSCREEN] seq=478 epoch_us=263187027 pid=21151790 tid=41 run_id=19700101_000108_18268299 OBS setup-response-stock array depth=1 count=1
[ALTSCREEN] seq=479 epoch_us=263187027 pid=21151790 tid=41 run_id=19700101_000108_18268299 OBSALL setup-response-stock d=2 key=[] type=dict count=2
[ALTSCREEN] seq=480 epoch_us=263187027 pid=21151790 tid=41 run_id=19700101_000108_18268299 OBS setup-response-stock dict depth=3 count=2
[ALTSCREEN] seq=481 epoch_us=263187027 pid=21151790 tid=41 run_id=19700101_000108_18268299 OBSALL setup-response-stock d=3 key=dataPort type=int value=7071
[ALTSCREEN] seq=482 epoch_us=263187027 pid=21151790 tid=41 run_id=19700101_000108_18268299 OBSALL setup-response-stock d=3 key=type type=int value=101
[ALTSCREEN] seq=483 epoch_us=263187027 pid=21151790 tid=41 run_id=19700101_000108_18268299 OBS setup-response-final dict depth=0 count=1
[ALTSCREEN] seq=484 epoch_us=263187027 pid=21151790 tid=41 run_id=19700101_000108_18268299 OBSALL setup-response-final d=0 key=streams type=array count=1
[ALTSCREEN] seq=485 epoch_us=263187027 pid=21151790 tid=41 run_id=19700101_000108_18268299 OBS setup-response-final array depth=1 count=1
[ALTSCREEN] seq=486 epoch_us=263187027 pid=21151790 tid=41 run_id=19700101_000108_18268299 OBSALL setup-response-final d=2 key=[] type=dict count=2
[ALTSCREEN] seq=487 epoch_us=263187027 pid=21151790 tid=41 run_id=19700101_000108_18268299 OBS setup-response-final dict depth=3 count=2
[ALTSCREEN] seq=488 epoch_us=263187027 pid=21151790 tid=41 run_id=19700101_000108_18268299 OBSALL setup-response-final d=3 key=dataPort type=int value=7071
[ALTSCREEN] seq=489 epoch_us=263187027 pid=21151790 tid=41 run_id=19700101_000108_18268299 OBSALL setup-response-final d=3 key=type type=int value=101
[ALTSCREEN] seq=490 epoch_us=264628312 pid=21151790 tid=47 run_id=19700101_000108_18268299 PHASE=DECODER_PROGRESS backend=stock-omx-tap stream=1d26d0 generation=1 frames=4500 seq=4500 size=1440x542 source_stride=1536 drops=0
[ALTSCREEN] seq=491 epoch_us=264628312 pid=21151790 tid=47 run_id=19700101_000108_18268299 PHASE=FRAME_LINEARIZER_PROGRESS backend=screen-nv12 readbacks=4500 published=4500 publish_drops=0 requests=4500 failures=0 fallbacks=0 slow_readbacks=1 readback_p50_ms=3 readback_p95_ms=7 readback_max_us=20144 size=1440x542
[ALTSCREEN] seq=492 epoch_us=267827138 pid=21151790 tid=44 run_id=19700101_000108_18268299 PHASE=H264_TAP_PROGRESS stream=1d26d0 generation=1 packets=4608 bytes=13059351 seq=4608 wraps=3 drops=0 sps=4 pps=4 idr=4 format=avcc
[ALTSCREEN] seq=493 epoch_us=267955051 pid=21151790 tid=44 run_id=19700101_000108_18268299 PHASE=VIDEO_111_PROGRESS id=1 generation=1 receiver=85c028 session=85e480 stream=1d26d0 ALT_VIDEO_BYTES=13066562 ALT_VIDEO_PACKETS=4608 annexb_nals=0 last=1846
[ALTSCREEN] seq=494 epoch_us=267955051 pid=21151790 tid=44 run_id=19700101_000108_18268299 PHASE=VIDEO_111_PROGRESS ALT_VIDEO_BYTES=13066562 ALT_VIDEO_PACKETS=4608 last=1846
[ALTSCREEN] seq=495 epoch_us=267971166 pid=21151790 tid=44 run_id=19700101_000108_18268299 STREAM data ptr=1d26d0 calls=4609 bytes=13068405 MB=12 sps=0 pps=0 idr=1 other=1
[ALTSCREEN] seq=496 epoch_us=272625377 pid=21151790 tid=56 run_id=19700101_000108_18268299 STREAM data ptr=1d2ae0 calls=2561 bytes=15840075 MB=15 sps=0 pps=0 idr=0 other=0
[ALTSCREEN] seq=497 epoch_us=273617456 pid=21151790 tid=47 run_id=19700101_000108_18268299 PHASE=DECODER_PROGRESS backend=stock-omx-tap stream=1d26d0 generation=1 frames=4800 seq=4800 size=1440x542 source_stride=1536 drops=0
[ALTSCREEN] seq=498 epoch_us=273617456 pid=21151790 tid=47 run_id=19700101_000108_18268299 PHASE=FRAME_LINEARIZER_PROGRESS backend=screen-nv12 readbacks=4800 published=4800 publish_drops=0 requests=4800 failures=0 fallbacks=0 slow_readbacks=1 readback_p50_ms=3 readback_p95_ms=7 readback_max_us=20144 size=1440x542
[ALTSCREEN] seq=499 epoch_us=275659024 pid=21151790 tid=44 run_id=19700101_000108_18268299 PHASE=H264_TAP_PROGRESS stream=1d26d0 generation=1 packets=4864 bytes=13531004 seq=4864 wraps=3 drops=0 sps=4 pps=4 idr=4 format=avcc
[ALTSCREEN] seq=500 epoch_us=275727513 pid=21151790 tid=44 run_id=19700101_000108_18268299 PHASE=VIDEO_111_PROGRESS id=1 generation=1 receiver=85c028 session=85e480 stream=1d26d0 ALT_VIDEO_BYTES=13538212 ALT_VIDEO_PACKETS=4864 annexb_nals=0 last=1843
[ALTSCREEN] seq=501 epoch_us=275727513 pid=21151790 tid=44 run_id=19700101_000108_18268299 PHASE=VIDEO_111_PROGRESS ALT_VIDEO_BYTES=13538212 ALT_VIDEO_PACKETS=4864 last=1843
[ALTSCREEN] seq=502 epoch_us=275742620 pid=21151790 tid=44 run_id=19700101_000108_18268299 STREAM data ptr=1d26d0 calls=4865 bytes=13540053 MB=12 sps=0 pps=0 idr=1 other=1
[ALTSCREEN] seq=503 epoch_us=277210092 pid=21151790 tid=41 run_id=19700101_000108_18268299 CONTROL unduckAudio session=85c028 arg=341488
[ALTSCREEN] seq=504 epoch_us=277211099 pid=21151790 tid=41 run_id=19700101_000108_18268299 CALL SessionPlatformControl self=85c028 lr=780acf74 rc=0 thread=41 seq=45 profile=observe
[ALTSCREEN] seq=505 epoch_us=278585909 pid=21151790 tid=41 run_id=19700101_000108_18268299 PHASE=TEARDOWN_PLATFORM_NOTIFICATION session=85c028 lifetime_owner=outer_session_teardown
[ALTSCREEN] seq=506 epoch_us=278739002 pid=21151790 tid=41 run_id=19700101_000108_18268299 PHASE=TEARDOWN_OUTER receiver=85c028 stock_called=1 reason=0 done=0 scope=0
[ALTSCREEN] seq=507 epoch_us=281660851 pid=21151790 tid=56 run_id=19700101_000108_18268299 STREAM data ptr=1d2ae0 calls=2817 bytes=16612454 MB=15 sps=0 pps=0 idr=0 other=0
[ALTSCREEN] seq=508 epoch_us=283021561 pid=21151790 tid=47 run_id=19700101_000108_18268299 PHASE=DECODER_PROGRESS backend=stock-omx-tap stream=1d26d0 generation=1 frames=5100 seq=5100 size=1440x542 source_stride=1536 drops=0
[ALTSCREEN] seq=509 epoch_us=283021561 pid=21151790 tid=47 run_id=19700101_000108_18268299 PHASE=FRAME_LINEARIZER_PROGRESS backend=screen-nv12 readbacks=5100 published=5100 publish_drops=0 requests=5100 failures=0 fallbacks=0 slow_readbacks=1 readback_p50_ms=3 readback_p95_ms=7 readback_max_us=20144 size=1440x542
[ALTSCREEN] seq=510 epoch_us=283673211 pid=21151790 tid=44 run_id=19700101_000108_18268299 PHASE=H264_TAP_PROGRESS stream=1d26d0 generation=1 packets=5120 bytes=14002647 seq=5120 wraps=3 drops=0 sps=4 pps=4 idr=4 format=avcc
[ALTSCREEN] seq=511 epoch_us=283741700 pid=21151790 tid=44 run_id=19700101_000108_18268299 PHASE=VIDEO_111_PROGRESS id=1 generation=1 receiver=85c028 session=85e480 stream=1d26d0 ALT_VIDEO_BYTES=14009855 ALT_VIDEO_PACKETS=5120 annexb_nals=0 last=1843
[ALTSCREEN] seq=512 epoch_us=283741700 pid=21151790 tid=44 run_id=19700101_000108_18268299 PHASE=VIDEO_111_PROGRESS ALT_VIDEO_BYTES=14009855 ALT_VIDEO_PACKETS=5120 last=1843
[ALTSCREEN] seq=513 epoch_us=283756807 pid=21151790 tid=44 run_id=19700101_000108_18268299 STREAM data ptr=1d26d0 calls=5121 bytes=14011696 MB=13 sps=0 pps=0 idr=1 other=1
[ALTSCREEN] seq=514 epoch_us=290557334 pid=21151790 tid=56 run_id=19700101_000108_18268299 STREAM data ptr=1d2ae0 calls=3073 bytes=17288777 MB=16 sps=0 pps=0 idr=0 other=0
[ALTSCREEN] seq=515 epoch_us=294541766 pid=21151790 tid=44 run_id=19700101_000108_18268299 PHASE=H264_TAP_PROGRESS stream=1d26d0 generation=1 packets=5376 bytes=14474284 seq=5376 wraps=3 drops=0 sps=4 pps=4 idr=4 format=avcc
[ALTSCREEN] seq=516 epoch_us=294610254 pid=21151790 tid=44 run_id=19700101_000108_18268299 PHASE=VIDEO_111_PROGRESS id=1 generation=1 receiver=85c028 session=85e480 stream=1d26d0 ALT_VIDEO_BYTES=14481492 ALT_VIDEO_PACKETS=5376 annexb_nals=0 last=1843
[ALTSCREEN] seq=517 epoch_us=294610254 pid=21151790 tid=44 run_id=19700101_000108_18268299 PHASE=VIDEO_111_PROGRESS ALT_VIDEO_BYTES=14481492 ALT_VIDEO_PACKETS=5376 last=1843
[ALTSCREEN] seq=518 epoch_us=294627377 pid=21151790 tid=44 run_id=19700101_000108_18268299 STREAM data ptr=1d26d0 calls=5377 bytes=14483333 MB=13 sps=0 pps=0 idr=1 other=1
[ALTSCREEN] seq=519 epoch_us=295109819 pid=21151790 tid=47 run_id=19700101_000108_18268299 PHASE=DECODER_PROGRESS backend=stock-omx-tap stream=1d26d0 generation=1 frames=5400 seq=5400 size=1440x542 source_stride=1536 drops=0
[ALTSCREEN] seq=520 epoch_us=295109819 pid=21151790 tid=47 run_id=19700101_000108_18268299 PHASE=FRAME_LINEARIZER_PROGRESS backend=screen-nv12 readbacks=5400 published=5400 publish_drops=0 requests=5400 failures=0 fallbacks=0 slow_readbacks=1 readback_p50_ms=3 readback_p95_ms=6 readback_max_us=20144 size=1440x542
[ALTSCREEN] seq=521 epoch_us=299873814 pid=21151790 tid=41 run_id=19700101_000108_18268299 CONTROL suggestUI session=85c028 arg=341488
[ALTSCREEN] seq=522 epoch_us=299879857 pid=21151790 tid=41 run_id=19700101_000108_18268299 CALL SessionPlatformControl self=85c028 lr=780acf74 rc=-6714 thread=41 seq=46 profile=observe
[ALTSCREEN] seq=523 epoch_us=299879857 pid=21151790 tid=41 run_id=19700101_000108_18268299 PHASE=SUGGEST_UI_ACCEPTED session=85c028 stock_rc=-6714 return_rc=0 policy=LIVI_NOOP urls_not_shown=1
[ALTSCREEN] seq=524 epoch_us=300554672 pid=21151790 tid=56 run_id=19700101_000108_18268299 STREAM data ptr=1d2ae0 calls=3329 bytes=18481199 MB=17 sps=0 pps=0 idr=0 other=0
[ALTSCREEN] seq=525 epoch_us=301473227 pid=21151790 tid=44 run_id=19700101_000108_18268299 PHASE=H264_TAP_PROGRESS stream=1d26d0 generation=1 packets=5632 bytes=15016530 seq=5632 wraps=3 drops=0 sps=4 pps=4 idr=4 format=avcc
[ALTSCREEN] seq=526 epoch_us=301573945 pid=21151790 tid=44 run_id=19700101_000108_18268299 PHASE=VIDEO_111_PROGRESS id=1 generation=1 receiver=85c028 session=85e480 stream=1d26d0 ALT_VIDEO_BYTES=15091584 ALT_VIDEO_PACKETS=5632 annexb_nals=0 last=23133
[ALTSCREEN] seq=527 epoch_us=301573945 pid=21151790 tid=44 run_id=19700101_000108_18268299 PHASE=VIDEO_111_PROGRESS ALT_VIDEO_BYTES=15091584 ALT_VIDEO_PACKETS=5632 last=23133
[ALTSCREEN] seq=528 epoch_us=301593082 pid=21151790 tid=44 run_id=19700101_000108_18268299 STREAM data ptr=1d26d0 calls=5633 bytes=15114900 MB=14 sps=0 pps=0 idr=1 other=1
[ALTSCREEN] seq=529 epoch_us=303637672 pid=21151790 tid=47 run_id=19700101_000108_18268299 PHASE=DECODER_PROGRESS backend=stock-omx-tap stream=1d26d0 generation=1 frames=5700 seq=5700 size=1440x542 source_stride=1536 drops=0
[ALTSCREEN] seq=530 epoch_us=303637672 pid=21151790 tid=47 run_id=19700101_000108_18268299 PHASE=FRAME_LINEARIZER_PROGRESS backend=screen-nv12 readbacks=5700 published=5700 publish_drops=0 requests=5700 failures=0 fallbacks=0 slow_readbacks=1 readback_p50_ms=3 readback_p95_ms=6 readback_max_us=20144 size=1440x542
[ALTSCREEN] seq=531 epoch_us=308311019 pid=21151790 tid=44 run_id=19700101_000108_18268299 PHASE=H264_TAP_PROGRESS stream=1d26d0 generation=1 packets=5888 bytes=15918310 seq=5888 wraps=3 drops=0 sps=4 pps=4 idr=4 format=avcc
[ALTSCREEN] seq=532 epoch_us=308376486 pid=21151790 tid=44 run_id=19700101_000108_18268299 PHASE=VIDEO_111_PROGRESS id=1 generation=1 receiver=85c028 session=85e480 stream=1d26d0 ALT_VIDEO_BYTES=15925922 ALT_VIDEO_PACKETS=5888 annexb_nals=0 last=1942
[ALTSCREEN] seq=533 epoch_us=308376486 pid=21151790 tid=44 run_id=19700101_000108_18268299 PHASE=VIDEO_111_PROGRESS ALT_VIDEO_BYTES=15925922 ALT_VIDEO_PACKETS=5888 last=1942
[ALTSCREEN] seq=534 epoch_us=308393609 pid=21151790 tid=44 run_id=19700101_000108_18268299 STREAM data ptr=1d26d0 calls=5889 bytes=15927868 MB=15 sps=0 pps=0 idr=1 other=1
[ALTSCREEN] seq=535 epoch_us=310774599 pid=21151790 tid=47 run_id=19700101_000108_18268299 PHASE=DECODER_PROGRESS backend=stock-omx-tap stream=1d26d0 generation=1 frames=6000 seq=6000 size=1440x542 source_stride=1536 drops=0
[ALTSCREEN] seq=536 epoch_us=310774599 pid=21151790 tid=47 run_id=19700101_000108_18268299 PHASE=FRAME_LINEARIZER_PROGRESS backend=screen-nv12 readbacks=6000 published=6000 publish_drops=0 requests=6000 failures=0 fallbacks=0 slow_readbacks=1 readback_p50_ms=3 readback_p95_ms=6 readback_max_us=20144 size=1440x542
[ALTSCREEN] seq=537 epoch_us=312225955 pid=21151790 tid=56 run_id=19700101_000108_18268299 STREAM data ptr=1d2ae0 calls=3585 bytes=19640956 MB=18 sps=0 pps=0 idr=0 other=0
[ALTSCREEN] seq=538 epoch_us=324556946 pid=21151790 tid=41 run_id=19700101_000108_18268299 CONTROL suggestUI session=85c028 arg=341488
[ALTSCREEN] seq=539 epoch_us=324557953 pid=21151790 tid=41 run_id=19700101_000108_18268299 CALL SessionPlatformControl self=85c028 lr=780acf74 rc=-6714 thread=41 seq=47 profile=observe
[ALTSCREEN] seq=540 epoch_us=324557953 pid=21151790 tid=41 run_id=19700101_000108_18268299 PHASE=SUGGEST_UI_ACCEPTED session=85c028 stock_rc=-6714 return_rc=0 policy=LIVI_NOOP urls_not_shown=1
[ALTSCREEN] seq=541 epoch_us=324693923 pid=21151790 tid=47 run_id=19700101_000108_18268299 PHASE=NATIVE_111_DECODER_READY receiver=85c028 stream=1d26d0 renderer=3326d8 posts=3 sps=0 pps=0 idr=1 negotiated_geometry=1440x542 fixed_geometry=0 bitstream=stock_avcc annexb_observer_optional=1
[ALTSCREEN] seq=542 epoch_us=325111906 pid=21151790 tid=44 run_id=19700101_000108_18268299 PHASE=H264_TAP_PROGRESS stream=1d26d0 generation=1 packets=6144 bytes=16514670 seq=6144 wraps=3 drops=0 sps=4 pps=4 idr=4 format=avcc
[ALTSCREEN] seq=543 epoch_us=325173344 pid=21151790 tid=41 run_id=19700101_000108_18268299 CONTROL duckAudio session=85c028 arg=341950
[ALTSCREEN] seq=544 epoch_us=325175358 pid=21151790 tid=41 run_id=19700101_000108_18268299 CALL SessionPlatformControl self=85c028 lr=780acf74 rc=0 thread=41 seq=48 profile=observe
[ALTSCREEN] seq=545 epoch_us=325184423 pid=21151790 tid=44 run_id=19700101_000108_18268299 PHASE=VIDEO_111_PROGRESS id=1 generation=1 receiver=85c028 session=85e480 stream=1d26d0 ALT_VIDEO_BYTES=16578676 ALT_VIDEO_PACKETS=6144 annexb_nals=0 last=60397
[ALTSCREEN] seq=546 epoch_us=325184423 pid=21151790 tid=44 run_id=19700101_000108_18268299 PHASE=VIDEO_111_PROGRESS ALT_VIDEO_BYTES=16578676 ALT_VIDEO_PACKETS=6144 last=60397
[ALTSCREEN] seq=547 epoch_us=325195502 pid=21151790 tid=41 run_id=19700101_000108_18268299 CALL ServerPlatformCopyProperty self=857020 lr=78569974 rc=0 thread=41 seq=49 profile=observe
[ALTSCREEN] seq=548 epoch_us=325198524 pid=21151790 tid=41 run_id=19700101_000108_18268299 PHASE=SETUP_REQUEST_ENTER session=85c028 wants_alt=0 alt_descriptor=0 alt_descriptor_count=0 params=341950 wrapper=outer_session_setup canonical_parser=1
[ALTSCREEN] seq=549 epoch_us=325198524 pid=21151790 tid=41 run_id=19700101_000108_18268299 OBS setup-request-original dict depth=0 count=1
[ALTSCREEN] seq=550 epoch_us=325198524 pid=21151790 tid=41 run_id=19700101_000108_18268299 OBSALL setup-request-original d=0 key=streams type=array count=1
[ALTSCREEN] seq=551 epoch_us=325198524 pid=21151790 tid=41 run_id=19700101_000108_18268299 OBS setup-request-original array depth=1 count=1
[ALTSCREEN] seq=552 epoch_us=325198524 pid=21151790 tid=41 run_id=19700101_000108_18268299 OBSALL setup-request-original d=2 key=[] type=dict count=5
[ALTSCREEN] seq=553 epoch_us=325198524 pid=21151790 tid=41 run_id=19700101_000108_18268299 OBS setup-request-original dict depth=3 count=5
[ALTSCREEN] seq=554 epoch_us=325198524 pid=21151790 tid=41 run_id=19700101_000108_18268299 OBSALL setup-request-original d=3 key=audioType type=redacted value=REDACTED
[ALTSCREEN] seq=555 epoch_us=325198524 pid=21151790 tid=41 run_id=19700101_000108_18268299 OBSALL setup-request-original d=3 key=supportsHighAccuracyTimestamps type=redacted value=REDACTED
[ALTSCREEN] seq=556 epoch_us=325198524 pid=21151790 tid=41 run_id=19700101_000108_18268299 OBSALL setup-request-original d=3 key=audioLatencyMs type=redacted value=REDACTED
[ALTSCREEN] seq=557 epoch_us=325198524 pid=21151790 tid=41 run_id=19700101_000108_18268299 OBSALL setup-request-original d=3 key=type type=int value=101
[ALTSCREEN] seq=558 epoch_us=325198524 pid=21151790 tid=41 run_id=19700101_000108_18268299 OBSALL setup-request-original d=3 key=audioFormat type=redacted value=REDACTED
[ALTSCREEN] seq=559 epoch_us=325198524 pid=21151790 tid=41 run_id=19700101_000108_18268299 PHASE=SETUP_STOCK_PREP session=85c028 prep_rc=0 private_policy=0 private_allowed=0 stock_params=341950 original_params=341950 owned=0 stock110_protected=0 backend=P1404-exact-priv111-two-phase
[ALTSCREEN] seq=560 epoch_us=325198524 pid=21151790 tid=41 run_id=19700101_000108_18268299 PHASE=SETUP_STOCK_REQUEST strategy=passthrough_or_split_failed params=341950
[ALTSCREEN] seq=561 epoch_us=325208596 pid=21151790 tid=41 run_id=19700101_000108_18268299 PHASE=SETUP_PLATFORM_NOTIFICATION session=85c028 response_owner=outer_session_setup out_params=0
[ALTSCREEN] seq=562 epoch_us=325230754 pid=21151790 tid=44 run_id=19700101_000108_18268299 STREAM data ptr=1d26d0 calls=6145 bytes=16585986 MB=15 sps=0 pps=0 idr=1 other=1
[ALTSCREEN] seq=563 epoch_us=325270034 pid=21151790 tid=41 run_id=19700101_000108_18268299 CALL SessionSetup self=85c028 lr=7853f734 rc=0 thread=41 seq=50 profile=observe
[ALTSCREEN] seq=564 epoch_us=325270034 pid=21151790 tid=41 run_id=19700101_000108_18268299 PHASE=SETUP_STOCK_RETURN rc=0 response=341638 wants_alt=0 alt_descriptor=0 prep_rc=0
[ALTSCREEN] seq=565 epoch_us=325270034 pid=21151790 tid=41 run_id=19700101_000108_18268299 OBS setup-response-stock dict depth=0 count=1
[ALTSCREEN] seq=566 epoch_us=325270034 pid=21151790 tid=41 run_id=19700101_000108_18268299 OBSALL setup-response-stock d=0 key=streams type=array count=1
[ALTSCREEN] seq=567 epoch_us=325270034 pid=21151790 tid=41 run_id=19700101_000108_18268299 OBS setup-response-stock array depth=1 count=1
[ALTSCREEN] seq=568 epoch_us=325270034 pid=21151790 tid=41 run_id=19700101_000108_18268299 OBSALL setup-response-stock d=2 key=[] type=dict count=2
[ALTSCREEN] seq=569 epoch_us=325270034 pid=21151790 tid=41 run_id=19700101_000108_18268299 OBS setup-response-stock dict depth=3 count=2
[ALTSCREEN] seq=570 epoch_us=325270034 pid=21151790 tid=41 run_id=19700101_000108_18268299 OBSALL setup-response-stock d=3 key=dataPort type=int value=7071
[ALTSCREEN] seq=571 epoch_us=325270034 pid=21151790 tid=41 run_id=19700101_000108_18268299 OBSALL setup-response-stock d=3 key=type type=int value=101
[ALTSCREEN] seq=572 epoch_us=325270034 pid=21151790 tid=41 run_id=19700101_000108_18268299 OBS setup-response-final dict depth=0 count=1
[ALTSCREEN] seq=573 epoch_us=325270034 pid=21151790 tid=41 run_id=19700101_000108_18268299 OBSALL setup-response-final d=0 key=streams type=array count=1
[ALTSCREEN] seq=574 epoch_us=325270034 pid=21151790 tid=41 run_id=19700101_000108_18268299 OBS setup-response-final array depth=1 count=1
[ALTSCREEN] seq=575 epoch_us=325270034 pid=21151790 tid=41 run_id=19700101_000108_18268299 OBSALL setup-response-final d=2 key=[] type=dict count=2
[ALTSCREEN] seq=576 epoch_us=325270034 pid=21151790 tid=41 run_id=19700101_000108_18268299 OBS setup-response-final dict depth=3 count=2
[ALTSCREEN] seq=577 epoch_us=325270034 pid=21151790 tid=41 run_id=19700101_000108_18268299 OBSALL setup-response-final d=3 key=dataPort type=int value=7071
[ALTSCREEN] seq=578 epoch_us=325270034 pid=21151790 tid=41 run_id=19700101_000108_18268299 OBSALL setup-response-final d=3 key=type type=int value=101
[ALTSCREEN] seq=545 epoch_us=325184423 pid=21151790 tid=44 run_id=19700101_000108_18268299 PHASE=VIDEO_111_PROGRESS id=1 generation=1 receiver=85c028 session=85e480 stream=1d26d0 ALT_VIDEO_BYTES=16578676 ALT_VIDEO_PACKETS=6144 annexb_nals=0 last=60397
[ALTSCREEN] seq=546 epoch_us=325184423 pid=21151790 tid=44 run_id=19700101_000108_18268299 PHASE=VIDEO_111_PROGRESS ALT_VIDEO_BYTES=16578676 ALT_VIDEO_PACKETS=6144 last=60397
[ALTSCREEN] seq=547 epoch_us=325195502 pid=21151790 tid=41 run_id=19700101_000108_18268299 CALL ServerPlatformCopyProperty self=857020 lr=78569974 rc=0 thread=41 seq=49 profile=observe
[ALTSCREEN] seq=548 epoch_us=325198524 pid=21151790 tid=41 run_id=19700101_000108_18268299 PHASE=SETUP_REQUEST_ENTER session=85c028 wants_alt=0 alt_descriptor=0 alt_descriptor_count=0 params=341950 wrapper=outer_session_setup canonical_parser=1
[ALTSCREEN] seq=549 epoch_us=325198524 pid=21151790 tid=41 run_id=19700101_000108_18268299 OBS setup-request-original dict depth=0 count=1
[ALTSCREEN] seq=550 epoch_us=325198524 pid=21151790 tid=41 run_id=19700101_000108_18268299 OBSALL setup-request-original d=0 key=streams type=array count=1
[ALTSCREEN] seq=551 epoch_us=325198524 pid=21151790 tid=41 run_id=19700101_000108_18268299 OBS setup-request-original array depth=1 count=1
[ALTSCREEN] seq=552 epoch_us=325198524 pid=21151790 tid=41 run_id=19700101_000108_18268299 OBSALL setup-request-original d=2 key=[] type=dict count=5
[ALTSCREEN] seq=553 epoch_us=325198524 pid=21151790 tid=41 run_id=19700101_000108_18268299 OBS setup-request-original dict depth=3 count=5
[ALTSCREEN] seq=554 epoch_us=325198524 pid=21151790 tid=41 run_id=19700101_000108_18268299 OBSALL setup-request-original d=3 key=audioType type=redacted value=REDACTED
[ALTSCREEN] seq=555 epoch_us=325198524 pid=21151790 tid=41 run_id=19700101_000108_18268299 OBSALL setup-request-original d=3 key=supportsHighAccuracyTimestamps type=redacted value=REDACTED
[ALTSCREEN] seq=556 epoch_us=325198524 pid=21151790 tid=41 run_id=19700101_000108_18268299 OBSALL setup-request-original d=3 key=audioLatencyMs type=redacted value=REDACTED
[ALTSCREEN] seq=557 epoch_us=325198524 pid=21151790 tid=41 run_id=19700101_000108_18268299 OBSALL setup-request-original d=3 key=type type=int value=101
[ALTSCREEN] seq=558 epoch_us=325198524 pid=21151790 tid=41 run_id=19700101_000108_18268299 OBSALL setup-request-original d=3 key=audioFormat type=redacted value=REDACTED
[ALTSCREEN] seq=559 epoch_us=325198524 pid=21151790 tid=41 run_id=19700101_000108_18268299 PHASE=SETUP_STOCK_PREP session=85c028 prep_rc=0 private_policy=0 private_allowed=0 stock_params=341950 original_params=341950 owned=0 stock110_protected=0 backend=P1404-exact-priv111-two-phase
[ALTSCREEN] seq=560 epoch_us=325198524 pid=21151790 tid=41 run_id=19700101_000108_18268299 PHASE=SETUP_STOCK_REQUEST strategy=passthrough_or_split_failed params=341950
[ALTSCREEN] seq=561 epoch_us=325208596 pid=21151790 tid=41 run_id=19700101_000108_18268299 PHASE=SETUP_PLATFORM_NOTIFICATION session=85c028 response_owner=outer_session_setup out_params=0
[ALTSCREEN] seq=562 epoch_us=325230754 pid=21151790 tid=44 run_id=19700101_000108_18268299 STREAM data ptr=1d26d0 calls=6145 bytes=16585986 MB=15 sps=0 pps=0 idr=1 other=1
[ALTSCREEN] seq=563 epoch_us=325270034 pid=21151790 tid=41 run_id=19700101_000108_18268299 CALL SessionSetup self=85c028 lr=7853f734 rc=0 thread=41 seq=50 profile=observe
[ALTSCREEN] seq=564 epoch_us=325270034 pid=21151790 tid=41 run_id=19700101_000108_18268299 PHASE=SETUP_STOCK_RETURN rc=0 response=341638 wants_alt=0 alt_descriptor=0 prep_rc=0
[ALTSCREEN] seq=565 epoch_us=325270034 pid=21151790 tid=41 run_id=19700101_000108_18268299 OBS setup-response-stock dict depth=0 count=1
[ALTSCREEN] seq=566 epoch_us=325270034 pid=21151790 tid=41 run_id=19700101_000108_18268299 OBSALL setup-response-stock d=0 key=streams type=array count=1
[ALTSCREEN] seq=567 epoch_us=325270034 pid=21151790 tid=41 run_id=19700101_000108_18268299 OBS setup-response-stock array depth=1 count=1
[ALTSCREEN] seq=568 epoch_us=325270034 pid=21151790 tid=41 run_id=19700101_000108_18268299 OBSALL setup-response-stock d=2 key=[] type=dict count=2
[ALTSCREEN] seq=569 epoch_us=325270034 pid=21151790 tid=41 run_id=19700101_000108_18268299 OBS setup-response-stock dict depth=3 count=2
[ALTSCREEN] seq=570 epoch_us=325270034 pid=21151790 tid=41 run_id=19700101_000108_18268299 OBSALL setup-response-stock d=3 key=dataPort type=int value=7071
[ALTSCREEN] seq=571 epoch_us=325270034 pid=21151790 tid=41 run_id=19700101_000108_18268299 OBSALL setup-response-stock d=3 key=type type=int value=101
[ALTSCREEN] seq=572 epoch_us=325270034 pid=21151790 tid=41 run_id=19700101_000108_18268299 OBS setup-response-final dict depth=0 count=1
[ALTSCREEN] seq=573 epoch_us=325270034 pid=21151790 tid=41 run_id=19700101_000108_18268299 OBSALL setup-response-final d=0 key=streams type=array count=1
[ALTSCREEN] seq=574 epoch_us=325270034 pid=21151790 tid=41 run_id=19700101_000108_18268299 OBS setup-response-final array depth=1 count=1
[ALTSCREEN] seq=575 epoch_us=325270034 pid=21151790 tid=41 run_id=19700101_000108_18268299 OBSALL setup-response-final d=2 key=[] type=dict count=2
[ALTSCREEN] seq=576 epoch_us=325270034 pid=21151790 tid=41 run_id=19700101_000108_18268299 OBS setup-response-final dict depth=3 count=2
[ALTSCREEN] seq=577 epoch_us=325270034 pid=21151790 tid=41 run_id=19700101_000108_18268299 OBSALL setup-response-final d=3 key=dataPort type=int value=7071
[ALTSCREEN] seq=578 epoch_us=325270034 pid=21151790 tid=41 run_id=19700101_000108_18268299 OBSALL setup-response-final d=3 key=type type=int value=101
[ALTSCREEN] seq=579 epoch_us=329119503 pid=21151790 tid=47 run_id=19700101_000108_18268299 PHASE=DECODER_PROGRESS backend=stock-omx-tap stream=1d26d0 generation=1 frames=6300 seq=6300 size=1440x542 source_stride=1536 drops=0
[ALTSCREEN] seq=580 epoch_us=329119503 pid=21151790 tid=47 run_id=19700101_000108_18268299 PHASE=FRAME_LINEARIZER_PROGRESS backend=screen-nv12 readbacks=6300 published=6300 publish_drops=0 requests=6300 failures=0 fallbacks=0 slow_readbacks=1 readback_p50_ms=3 readback_p95_ms=6 readback_max_us=20144 size=1440x542
[ALTSCREEN] seq=581 epoch_us=331333300 pid=21151790 tid=44 run_id=19700101_000108_18268299 PHASE=H264_TAP_PROGRESS stream=1d26d0 generation=1 packets=6400 bytes=18487925 seq=6400 wraps=4 drops=0 sps=4 pps=4 idr=4 format=avcc
[ALTSCREEN] seq=582 epoch_us=331432004 pid=21151790 tid=44 run_id=19700101_000108_18268299 PHASE=VIDEO_111_PROGRESS id=1 generation=1 receiver=85c028 session=85e480 stream=1d26d0 ALT_VIDEO_BYTES=18503760 ALT_VIDEO_PACKETS=6400 annexb_nals=0 last=4001
[ALTSCREEN] seq=583 epoch_us=331432004 pid=21151790 tid=44 run_id=19700101_000108_18268299 PHASE=VIDEO_111_PROGRESS ALT_VIDEO_BYTES=18503760 ALT_VIDEO_PACKETS=6400 last=4001
[ALTSCREEN] seq=584 epoch_us=331447112 pid=21151790 tid=44 run_id=19700101_000108_18268299 STREAM data ptr=1d26d0 calls=6401 bytes=18507755 MB=17 sps=0 pps=0 idr=1 other=1
[ALTSCREEN] seq=585 epoch_us=335672261 pid=21151790 tid=55 run_id=19700101_000108_18268299 CONTROL unduckAudio session=85c028 arg=341638
[ALTSCREEN] seq=586 epoch_us=335672261 pid=21151790 tid=55 run_id=19700101_000108_18268299 CALL SessionPlatformControl self=85c028 lr=780acf74 rc=0 thread=55 seq=51 profile=observe
[ALTSCREEN] seq=587 epoch_us=335793124 pid=21151790 tid=56 run_id=19700101_000108_18268299 STREAM data ptr=1d2ae0 calls=3841 bytes=20819113 MB=19 sps=0 pps=0 idr=0 other=0
[ALTSCREEN] seq=588 epoch_us=336240315 pid=21151790 tid=47 run_id=19700101_000108_18268299 PHASE=DECODER_PROGRESS backend=stock-omx-tap stream=1d26d0 generation=1 frames=6600 seq=6600 size=1440x542 source_stride=1536 drops=0
[ALTSCREEN] seq=589 epoch_us=336240315 pid=21151790 tid=47 run_id=19700101_000108_18268299 PHASE=FRAME_LINEARIZER_PROGRESS backend=screen-nv12 readbacks=6600 published=6600 publish_drops=0 requests=6600 failures=0 fallbacks=0 slow_readbacks=1 readback_p50_ms=3 readback_p95_ms=6 readback_max_us=20144 size=1440x542
[ALTSCREEN] seq=590 epoch_us=337448939 pid=21151790 tid=44 run_id=19700101_000108_18268299 PHASE=H264_TAP_PROGRESS stream=1d26d0 generation=1 packets=6656 bytes=19511495 seq=6656 wraps=4 drops=0 sps=4 pps=4 idr=4 format=avcc
[ALTSCREEN] seq=591 epoch_us=337536564 pid=21151790 tid=44 run_id=19700101_000108_18268299 PHASE=VIDEO_111_PROGRESS id=1 generation=1 receiver=85c028 session=85e480 stream=1d26d0 ALT_VIDEO_BYTES=19527333 ALT_VIDEO_PACKETS=6656 annexb_nals=0 last=4001
[ALTSCREEN] seq=592 epoch_us=337536564 pid=21151790 tid=44 run_id=19700101_000108_18268299 PHASE=VIDEO_111_PROGRESS ALT_VIDEO_BYTES=19527333 ALT_VIDEO_PACKETS=6656 last=4001
[ALTSCREEN] seq=593 epoch_us=337548651 pid=21151790 tid=44 run_id=19700101_000108_18268299 STREAM data ptr=1d26d0 calls=6657 bytes=19531328 MB=18 sps=0 pps=0 idr=1 other=1
[ALTSCREEN] seq=594 epoch_us=340447335 pid=21151790 tid=41 run_id=19700101_000108_18268299 CONTROL duckAudio session=85c028 arg=341950
[ALTSCREEN] seq=595 epoch_us=340448342 pid=21151790 tid=41 run_id=19700101_000108_18268299 CALL SessionPlatformControl self=85c028 lr=780acf74 rc=0 thread=41 seq=52 profile=observe
[ALTSCREEN] seq=596 epoch_us=343582708 pid=21151790 tid=47 run_id=19700101_000108_18268299 PHASE=DECODER_PROGRESS backend=stock-omx-tap stream=1d26d0 generation=1 frames=6900 seq=6900 size=1440x542 source_stride=1536 drops=0
[ALTSCREEN] seq=597 epoch_us=343582708 pid=21151790 tid=47 run_id=19700101_000108_18268299 PHASE=FRAME_LINEARIZER_PROGRESS backend=screen-nv12 readbacks=6900 published=6900 publish_drops=0 requests=6900 failures=0 fallbacks=0 slow_readbacks=1 readback_p50_ms=3 readback_p95_ms=6 readback_max_us=20144 size=1440x542
[ALTSCREEN] seq=598 epoch_us=343715657 pid=21151790 tid=44 run_id=19700101_000108_18268299 PHASE=H264_TAP_PROGRESS stream=1d26d0 generation=1 packets=6912 bytes=20535077 seq=6912 wraps=4 drops=0 sps=4 pps=4 idr=4 format=avcc
[ALTSCREEN] seq=599 epoch_us=343816375 pid=21151790 tid=44 run_id=19700101_000108_18268299 PHASE=VIDEO_111_PROGRESS id=1 generation=1 receiver=85c028 session=85e480 stream=1d26d0 ALT_VIDEO_BYTES=20550909 ALT_VIDEO_PACKETS=6912 annexb_nals=0 last=4001
[ALTSCREEN] seq=600 epoch_us=343816375 pid=21151790 tid=44 run_id=19700101_000108_18268299 PHASE=VIDEO_111_PROGRESS ALT_VIDEO_BYTES=20550909 ALT_VIDEO_PACKETS=6912 last=4001
[ALTSCREEN] seq=601 epoch_us=343831483 pid=21151790 tid=44 run_id=19700101_000108_18268299 STREAM data ptr=1d26d0 calls=6913 bytes=20554904 MB=19 sps=0 pps=0 idr=1 other=1
[ALTSCREEN] seq=602 epoch_us=344130618 pid=21151790 tid=41 run_id=19700101_000108_18268299 CONTROL unduckAudio session=85c028 arg=3414d0
[ALTSCREEN] seq=603 epoch_us=344131625 pid=21151790 tid=41 run_id=19700101_000108_18268299 CALL SessionPlatformControl self=85c028 lr=780acf74 rc=0 thread=41 seq=53 profile=observe
[ALTSCREEN] seq=604 epoch_us=344317955 pid=21151790 tid=41 run_id=19700101_000108_18268299 CONTROL duckAudio session=85c028 arg=341950
[ALTSCREEN] seq=605 epoch_us=344318962 pid=21151790 tid=41 run_id=19700101_000108_18268299 CALL SessionPlatformControl self=85c028 lr=780acf74 rc=0 thread=41 seq=54 profile=observe
[ALTSCREEN] seq=606 epoch_us=347707139 pid=21151790 tid=41 run_id=19700101_000108_18268299 CONTROL unduckAudio session=85c028 arg=341950
[ALTSCREEN] seq=607 epoch_us=347707139 pid=21151790 tid=41 run_id=19700101_000108_18268299 CALL SessionPlatformControl self=85c028 lr=780acf74 rc=0 thread=41 seq=55 profile=observe
[ALTSCREEN] seq=608 epoch_us=349618780 pid=21151790 tid=41 run_id=19700101_000108_18268299 PHASE=TEARDOWN_PLATFORM_NOTIFICATION session=85c028 lifetime_owner=outer_session_teardown
[ALTSCREEN] seq=609 epoch_us=349747700 pid=21151790 tid=41 run_id=19700101_000108_18268299 PHASE=TEARDOWN_OUTER receiver=85c028 stock_called=1 reason=0 done=0 scope=0
[ALTSCREEN] seq=610 epoch_us=349863526 pid=21151790 tid=44 run_id=19700101_000108_18268299 PHASE=H264_TAP_PROGRESS stream=1d26d0 generation=1 packets=7168 bytes=21558648 seq=7168 wraps=5 drops=0 sps=4 pps=4 idr=4 format=avcc
[ALTSCREEN] seq=611 epoch_us=349964245 pid=21151790 tid=44 run_id=19700101_000108_18268299 PHASE=VIDEO_111_PROGRESS id=1 generation=1 receiver=85c028 session=85e480 stream=1d26d0 ALT_VIDEO_BYTES=21574480 ALT_VIDEO_PACKETS=7168 annexb_nals=0 last=4001
[ALTSCREEN] seq=612 epoch_us=349964245 pid=21151790 tid=44 run_id=19700101_000108_18268299 PHASE=VIDEO_111_PROGRESS ALT_VIDEO_BYTES=21574480 ALT_VIDEO_PACKETS=7168 last=4001
[ALTSCREEN] seq=613 epoch_us=349967266 pid=21151790 tid=44 run_id=19700101_000108_18268299 STREAM data ptr=1d26d0 calls=7169 bytes=21578475 MB=20 sps=0 pps=0 idr=1 other=1
[ALTSCREEN] seq=614 epoch_us=350854598 pid=21151790 tid=47 run_id=19700101_000108_18268299 PHASE=DECODER_PROGRESS backend=stock-omx-tap stream=1d26d0 generation=1 frames=7200 seq=7200 size=1440x542 source_stride=1536 drops=0
[ALTSCREEN] seq=615 epoch_us=350854598 pid=21151790 tid=47 run_id=19700101_000108_18268299 PHASE=FRAME_LINEARIZER_PROGRESS backend=screen-nv12 readbacks=7200 published=7200 publish_drops=0 requests=7200 failures=0 fallbacks=0 slow_readbacks=1 readback_p50_ms=3 readback_p95_ms=6 readback_max_us=20144 size=1440x542
[ALTSCREEN] seq=616 epoch_us=356037582 pid=21151790 tid=44 run_id=19700101_000108_18268299 PHASE=H264_TAP_PROGRESS stream=1d26d0 generation=1 packets=7424 bytes=22582221 seq=7424 wraps=5 drops=0 sps=4 pps=4 idr=4 format=avcc
[ALTSCREEN] seq=617 epoch_us=356131251 pid=21151790 tid=44 run_id=19700101_000108_18268299 PHASE=VIDEO_111_PROGRESS id=1 generation=1 receiver=85c028 session=85e480 stream=1d26d0 ALT_VIDEO_BYTES=22598053 ALT_VIDEO_PACKETS=7424 annexb_nals=0 last=4001
[ALTSCREEN] seq=618 epoch_us=356131251 pid=21151790 tid=44 run_id=19700101_000108_18268299 PHASE=VIDEO_111_PROGRESS ALT_VIDEO_BYTES=22598053 ALT_VIDEO_PACKETS=7424 last=4001
[ALTSCREEN] seq=619 epoch_us=356154416 pid=21151790 tid=44 run_id=19700101_000108_18268299 STREAM data ptr=1d26d0 calls=7425 bytes=22602048 MB=21 sps=0 pps=0 idr=1 other=1
[ALTSCREEN] seq=620 epoch_us=357956274 pid=21151790 tid=47 run_id=19700101_000108_18268299 PHASE=DECODER_PROGRESS backend=stock-omx-tap stream=1d26d0 generation=1 frames=7500 seq=7500 size=1440x542 source_stride=1536 drops=0
[ALTSCREEN] seq=621 epoch_us=357956274 pid=21151790 tid=47 run_id=19700101_000108_18268299 PHASE=FRAME_LINEARIZER_PROGRESS backend=screen-nv12 readbacks=7500 published=7500 publish_drops=0 requests=7500 failures=0 fallbacks=0 slow_readbacks=1 readback_p50_ms=3 readback_p95_ms=6 readback_max_us=20144 size=1440x542
[ALTSCREEN] seq=622 epoch_us=358466917 pid=21151790 tid=56 run_id=19700101_000108_18268299 STREAM data ptr=1d2ae0 calls=4097 bytes=22025342 MB=21 sps=0 pps=0 idr=0 other=0
[ALTSCREEN] seq=623 epoch_us=362167323 pid=21151790 tid=44 run_id=19700101_000108_18268299 PHASE=H264_TAP_PROGRESS stream=1d26d0 generation=1 packets=7680 bytes=23605797 seq=7680 wraps=5 drops=0 sps=4 pps=4 idr=4 format=avcc
[ALTSCREEN] seq=624 epoch_us=362269048 pid=21151790 tid=44 run_id=19700101_000108_18268299 PHASE=VIDEO_111_PROGRESS id=1 generation=1 receiver=85c028 session=85e480 stream=1d26d0 ALT_VIDEO_BYTES=23621629 ALT_VIDEO_PACKETS=7680 annexb_nals=0 last=4001
[ALTSCREEN] seq=625 epoch_us=362269048 pid=21151790 tid=44 run_id=19700101_000108_18268299 PHASE=VIDEO_111_PROGRESS ALT_VIDEO_BYTES=23621629 ALT_VIDEO_PACKETS=7680 last=4001
[ALTSCREEN] seq=626 epoch_us=362317393 pid=21151790 tid=44 run_id=19700101_000108_18268299 STREAM data ptr=1d26d0 calls=7681 bytes=23625624 MB=22 sps=0 pps=0 idr=1 other=1
[ALTSCREEN] seq=627 epoch_us=362671923 pid=21151790 tid=41 run_id=19700101_000108_18268299 CALL ServerPlatformCopyProperty self=857020 lr=78569974 rc=0 thread=41 seq=56 profile=observe
[ALTSCREEN] seq=628 epoch_us=362672930 pid=21151790 tid=41 run_id=19700101_000108_18268299 PHASE=SETUP_REQUEST_ENTER session=85c028 wants_alt=0 alt_descriptor=0 alt_descriptor_count=0 params=341368 wrapper=outer_session_setup canonical_parser=1
[ALTSCREEN] seq=629 epoch_us=362672930 pid=21151790 tid=41 run_id=19700101_000108_18268299 OBS setup-request-original dict depth=0 count=1
[ALTSCREEN] seq=630 epoch_us=362672930 pid=21151790 tid=41 run_id=19700101_000108_18268299 OBSALL setup-request-original d=0 key=streams type=array count=1
[ALTSCREEN] seq=631 epoch_us=362672930 pid=21151790 tid=41 run_id=19700101_000108_18268299 OBS setup-request-original array depth=1 count=1
[ALTSCREEN] seq=632 epoch_us=362672930 pid=21151790 tid=41 run_id=19700101_000108_18268299 OBSALL setup-request-original d=2 key=[] type=dict count=5
[ALTSCREEN] seq=633 epoch_us=362672930 pid=21151790 tid=41 run_id=19700101_000108_18268299 OBS setup-request-original dict depth=3 count=5
[ALTSCREEN] seq=634 epoch_us=362672930 pid=21151790 tid=41 run_id=19700101_000108_18268299 OBSALL setup-request-original d=3 key=audioType type=redacted value=REDACTED
[ALTSCREEN] seq=635 epoch_us=362672930 pid=21151790 tid=41 run_id=19700101_000108_18268299 OBSALL setup-request-original d=3 key=supportsHighAccuracyTimestamps type=redacted value=REDACTED
[ALTSCREEN] seq=636 epoch_us=362672930 pid=21151790 tid=41 run_id=19700101_000108_18268299 OBSALL setup-request-original d=3 key=audioLatencyMs type=redacted value=REDACTED
[ALTSCREEN] seq=637 epoch_us=362672930 pid=21151790 tid=41 run_id=19700101_000108_18268299 OBSALL setup-request-original d=3 key=type type=int value=101
[ALTSCREEN] seq=638 epoch_us=362672930 pid=21151790 tid=41 run_id=19700101_000108_18268299 OBSALL setup-request-original d=3 key=audioFormat type=redacted value=REDACTED
[ALTSCREEN] seq=639 epoch_us=362672930 pid=21151790 tid=41 run_id=19700101_000108_18268299 PHASE=SETUP_STOCK_PREP session=85c028 prep_rc=0 private_policy=0 private_allowed=0 stock_params=341368 original_params=341368 owned=0 stock110_protected=0 backend=P1404-exact-priv111-two-phase
[ALTSCREEN] seq=640 epoch_us=362672930 pid=21151790 tid=41 run_id=19700101_000108_18268299 PHASE=SETUP_STOCK_REQUEST strategy=passthrough_or_split_failed params=341368
[ALTSCREEN] seq=641 epoch_us=362683002 pid=21151790 tid=41 run_id=19700101_000108_18268299 PHASE=SETUP_PLATFORM_NOTIFICATION session=85c028 response_owner=outer_session_setup out_params=0
[ALTSCREEN] seq=642 epoch_us=362700124 pid=21151790 tid=41 run_id=19700101_000108_18268299 CALL SessionSetup self=85c028 lr=7853f734 rc=0 thread=41 seq=57 profile=observe
[ALTSCREEN] seq=643 epoch_us=362700124 pid=21151790 tid=41 run_id=19700101_000108_18268299 PHASE=SETUP_STOCK_RETURN rc=0 response=3414d0 wants_alt=0 alt_descriptor=0 prep_rc=0
[ALTSCREEN] seq=644 epoch_us=362700124 pid=21151790 tid=41 run_id=19700101_000108_18268299 OBS setup-response-stock dict depth=0 count=1
[ALTSCREEN] seq=645 epoch_us=362700124 pid=21151790 tid=41 run_id=19700101_000108_18268299 OBSALL setup-response-stock d=0 key=streams type=array count=1
[ALTSCREEN] seq=646 epoch_us=362700124 pid=21151790 tid=41 run_id=19700101_000108_18268299 OBS setup-response-stock array depth=1 count=1
[ALTSCREEN] seq=647 epoch_us=362700124 pid=21151790 tid=41 run_id=19700101_000108_18268299 OBSALL setup-response-stock d=2 key=[] type=dict count=2
[ALTSCREEN] seq=648 epoch_us=362700124 pid=21151790 tid=41 run_id=19700101_000108_18268299 OBS setup-response-stock dict depth=3 count=2
[ALTSCREEN] seq=649 epoch_us=362700124 pid=21151790 tid=41 run_id=19700101_000108_18268299 OBSALL setup-response-stock d=3 key=dataPort type=int value=7071
[ALTSCREEN] seq=650 epoch_us=362700124 pid=21151790 tid=41 run_id=19700101_000108_18268299 OBSALL setup-response-stock d=3 key=type type=int value=101
[ALTSCREEN] seq=651 epoch_us=362701132 pid=21151790 tid=41 run_id=19700101_000108_18268299 OBS setup-response-final dict depth=0 count=1
[ALTSCREEN] seq=652 epoch_us=362701132 pid=21151790 tid=41 run_id=19700101_000108_18268299 OBSALL setup-response-final d=0 key=streams type=array count=1
[ALTSCREEN] seq=653 epoch_us=362701132 pid=21151790 tid=41 run_id=19700101_000108_18268299 OBS setup-response-final array depth=1 count=1
[ALTSCREEN] seq=654 epoch_us=362701132 pid=21151790 tid=41 run_id=19700101_000108_18268299 OBSALL setup-response-final d=2 key=[] type=dict count=2
[ALTSCREEN] seq=655 epoch_us=362701132 pid=21151790 tid=41 run_id=19700101_000108_18268299 OBS setup-response-final dict depth=3 count=2
[ALTSCREEN] seq=656 epoch_us=362701132 pid=21151790 tid=41 run_id=19700101_000108_18268299 OBSALL setup-response-final d=3 key=dataPort type=int value=7071
[ALTSCREEN] seq=657 epoch_us=362701132 pid=21151790 tid=41 run_id=19700101_000108_18268299 OBSALL setup-response-final d=3 key=type type=int value=101
[ALTSCREEN] seq=658 epoch_us=365450752 pid=21151790 tid=47 run_id=19700101_000108_18268299 PHASE=DECODER_PROGRESS backend=stock-omx-tap stream=1d26d0 generation=1 frames=7800 seq=7800 size=1440x542 source_stride=1536 drops=0
[ALTSCREEN] seq=659 epoch_us=365450752 pid=21151790 tid=47 run_id=19700101_000108_18268299 PHASE=FRAME_LINEARIZER_PROGRESS backend=screen-nv12 readbacks=7800 published=7800 publish_drops=0 requests=7800 failures=0 fallbacks=0 slow_readbacks=1 readback_p50_ms=3 readback_p95_ms=6 readback_max_us=20144 size=1440x542
[ALTSCREEN] seq=660 epoch_us=365738808 pid=21151790 tid=41 run_id=19700101_000108_18268299 PHASE=TEARDOWN_PLATFORM_NOTIFICATION session=85c028 lifetime_owner=outer_session_teardown
[ALTSCREEN] seq=661 epoch_us=365879814 pid=21151790 tid=41 run_id=19700101_000108_18268299 PHASE=TEARDOWN_OUTER receiver=85c028 stock_called=1 reason=0 done=0 scope=0
[ALTSCREEN] seq=662 epoch_us=372893864 pid=21151790 tid=44 run_id=19700101_000108_18268299 PHASE=H264_TAP_PROGRESS stream=1d26d0 generation=1 packets=7936 bytes=24629395 seq=7936 wraps=5 drops=0 sps=4 pps=4 idr=4 format=avcc
[ALTSCREEN] seq=663 epoch_us=373159761 pid=21151790 tid=44 run_id=19700101_000108_18268299 PHASE=VIDEO_111_PROGRESS id=1 generation=1 receiver=85c028 session=85e480 stream=1d26d0 ALT_VIDEO_BYTES=24645232 ALT_VIDEO_PACKETS=7936 annexb_nals=0 last=4003
[ALTSCREEN] seq=664 epoch_us=373159761 pid=21151790 tid=44 run_id=19700101_000108_18268299 PHASE=VIDEO_111_PROGRESS ALT_VIDEO_BYTES=24645232 ALT_VIDEO_PACKETS=7936 last=4003
[ALTSCREEN] seq=665 epoch_us=373167819 pid=21151790 tid=44 run_id=19700101_000108_18268299 STREAM data ptr=1d26d0 calls=7937 bytes=24649227 MB=23 sps=0 pps=0 idr=1 other=1
[ALTSCREEN] seq=666 epoch_us=387210020 pid=21151790 tid=41 run_id=19700101_000108_18268299 CALL ServerPlatformCopyProperty self=857020 lr=78569974 rc=0 thread=41 seq=58 profile=observe
[ALTSCREEN] seq=667 epoch_us=387211027 pid=21151790 tid=41 run_id=19700101_000108_18268299 PHASE=SETUP_REQUEST_ENTER session=85c028 wants_alt=0 alt_descriptor=0 alt_descriptor_count=0 params=341950 wrapper=outer_session_setup canonical_parser=1
[ALTSCREEN] seq=668 epoch_us=387211027 pid=21151790 tid=41 run_id=19700101_000108_18268299 OBS setup-request-original dict depth=0 count=1
[ALTSCREEN] seq=669 epoch_us=387211027 pid=21151790 tid=41 run_id=19700101_000108_18268299 OBSALL setup-request-original d=0 key=streams type=array count=1
[ALTSCREEN] seq=670 epoch_us=387211027 pid=21151790 tid=41 run_id=19700101_000108_18268299 OBS setup-request-original array depth=1 count=1
[ALTSCREEN] seq=671 epoch_us=387211027 pid=21151790 tid=41 run_id=19700101_000108_18268299 OBSALL setup-request-original d=2 key=[] type=dict count=5
[ALTSCREEN] seq=672 epoch_us=387211027 pid=21151790 tid=41 run_id=19700101_000108_18268299 OBS setup-request-original dict depth=3 count=5
[ALTSCREEN] seq=673 epoch_us=387211027 pid=21151790 tid=41 run_id=19700101_000108_18268299 OBSALL setup-request-original d=3 key=audioType type=redacted value=REDACTED
[ALTSCREEN] seq=674 epoch_us=387211027 pid=21151790 tid=41 run_id=19700101_000108_18268299 OBSALL setup-request-original d=3 key=supportsHighAccuracyTimestamps type=redacted value=REDACTED
[ALTSCREEN] seq=675 epoch_us=387211027 pid=21151790 tid=41 run_id=19700101_000108_18268299 OBSALL setup-request-original d=3 key=audioLatencyMs type=redacted value=REDACTED
[ALTSCREEN] seq=676 epoch_us=387211027 pid=21151790 tid=41 run_id=19700101_000108_18268299 OBSALL setup-request-original d=3 key=type type=int value=101
[ALTSCREEN] seq=677 epoch_us=387211027 pid=21151790 tid=41 run_id=19700101_000108_18268299 OBSALL setup-request-original d=3 key=audioFormat type=redacted value=REDACTED
[ALTSCREEN] seq=678 epoch_us=387211027 pid=21151790 tid=41 run_id=19700101_000108_18268299 PHASE=SETUP_STOCK_PREP session=85c028 prep_rc=0 private_policy=0 private_allowed=0 stock_params=341950 original_params=341950 owned=0 stock110_protected=0 backend=P1404-exact-priv111-two-phase
[ALTSCREEN] seq=679 epoch_us=387211027 pid=21151790 tid=41 run_id=19700101_000108_18268299 PHASE=SETUP_STOCK_REQUEST strategy=passthrough_or_split_failed params=341950
[ALTSCREEN] seq=680 epoch_us=387224121 pid=21151790 tid=41 run_id=19700101_000108_18268299 PHASE=SETUP_PLATFORM_NOTIFICATION session=85c028 response_owner=outer_session_setup out_params=0
[ALTSCREEN] seq=681 epoch_us=387240236 pid=21151790 tid=41 run_id=19700101_000108_18268299 CALL SessionSetup self=85c028 lr=7853f734 rc=0 thread=41 seq=59 profile=observe
[ALTSCREEN] seq=682 epoch_us=387240236 pid=21151790 tid=41 run_id=19700101_000108_18268299 PHASE=SETUP_STOCK_RETURN rc=0 response=3414d0 wants_alt=0 alt_descriptor=0 prep_rc=0
[ALTSCREEN] seq=683 epoch_us=387240236 pid=21151790 tid=41 run_id=19700101_000108_18268299 OBS setup-response-stock dict depth=0 count=1
[ALTSCREEN] seq=684 epoch_us=387240236 pid=21151790 tid=41 run_id=19700101_000108_18268299 OBSALL setup-response-stock d=0 key=streams type=array count=1
[ALTSCREEN] seq=685 epoch_us=387241243 pid=21151790 tid=41 run_id=19700101_000108_18268299 OBS setup-response-stock array depth=1 count=1
[ALTSCREEN] seq=686 epoch_us=387241243 pid=21151790 tid=41 run_id=19700101_000108_18268299 OBSALL setup-response-stock d=2 key=[] type=dict count=2
[ALTSCREEN] seq=687 epoch_us=387241243 pid=21151790 tid=41 run_id=19700101_000108_18268299 OBS setup-response-stock dict depth=3 count=2
[ALTSCREEN] seq=688 epoch_us=387241243 pid=21151790 tid=41 run_id=19700101_000108_18268299 OBSALL setup-response-stock d=3 key=dataPort type=int value=7071
[ALTSCREEN] seq=689 epoch_us=387241243 pid=21151790 tid=41 run_id=19700101_000108_18268299 OBSALL setup-response-stock d=3 key=type type=int value=101
[ALTSCREEN] seq=690 epoch_us=387241243 pid=21151790 tid=41 run_id=19700101_000108_18268299 OBS setup-response-final dict depth=0 count=1
[ALTSCREEN] seq=691 epoch_us=387241243 pid=21151790 tid=41 run_id=19700101_000108_18268299 OBSALL setup-response-final d=0 key=streams type=array count=1
[ALTSCREEN] seq=692 epoch_us=387241243 pid=21151790 tid=41 run_id=19700101_000108_18268299 OBS setup-response-final array depth=1 count=1
[ALTSCREEN] seq=693 epoch_us=387241243 pid=21151790 tid=41 run_id=19700101_000108_18268299 OBSALL setup-response-final d=2 key=[] type=dict count=2
[ALTSCREEN] seq=694 epoch_us=387241243 pid=21151790 tid=41 run_id=19700101_000108_18268299 OBS setup-response-final dict depth=3 count=2
[ALTSCREEN] seq=695 epoch_us=387241243 pid=21151790 tid=41 run_id=19700101_000108_18268299 OBSALL setup-response-final d=3 key=dataPort type=int value=7071
[ALTSCREEN] seq=696 epoch_us=387241243 pid=21151790 tid=41 run_id=19700101_000108_18268299 OBSALL setup-response-final d=3 key=type type=int value=101
[ALTSCREEN] seq=697 epoch_us=387796203 pid=21151790 tid=47 run_id=19700101_000108_18268299 PHASE=DECODER_PROGRESS backend=stock-omx-tap stream=1d26d0 generation=1 frames=8100 seq=8100 size=1440x542 source_stride=1536 drops=0
[ALTSCREEN] seq=698 epoch_us=387796203 pid=21151790 tid=47 run_id=19700101_000108_18268299 PHASE=FRAME_LINEARIZER_PROGRESS backend=screen-nv12 readbacks=8100 published=8100 publish_drops=0 requests=8100 failures=0 fallbacks=0 slow_readbacks=2 readback_p50_ms=3 readback_p95_ms=6 readback_max_us=20144 size=1440x542
[ALTSCREEN] seq=699 epoch_us=389859929 pid=21151790 tid=44 run_id=19700101_000108_18268299 PHASE=H264_TAP_PROGRESS stream=1d26d0 generation=1 packets=8192 bytes=25987047 seq=8192 wraps=6 drops=0 sps=4 pps=4 idr=4 format=avcc
[ALTSCREEN] seq=700 epoch_us=389955612 pid=21151790 tid=44 run_id=19700101_000108_18268299 PHASE=VIDEO_111_PROGRESS id=1 generation=1 receiver=85c028 session=85e480 stream=1d26d0 ALT_VIDEO_BYTES=26001659 ALT_VIDEO_PACKETS=8192 annexb_nals=0 last=3692
[ALTSCREEN] seq=701 epoch_us=389955612 pid=21151790 tid=44 run_id=19700101_000108_18268299 PHASE=VIDEO_111_PROGRESS ALT_VIDEO_BYTES=26001659 ALT_VIDEO_PACKETS=8192 last=3692
[ALTSCREEN] seq=702 epoch_us=389971727 pid=21151790 tid=44 run_id=19700101_000108_18268299 STREAM data ptr=1d26d0 calls=8193 bytes=26005353 MB=24 sps=0 pps=0 idr=1 other=1
[ALTSCREEN] seq=703 epoch_us=390271869 pid=21151790 tid=41 run_id=19700101_000108_18268299 PHASE=TEARDOWN_PLATFORM_NOTIFICATION session=85c028 lifetime_owner=outer_session_teardown
[ALTSCREEN] seq=704 epoch_us=390305106 pid=21151790 tid=56 run_id=19700101_000108_18268299 STREAM data ptr=1d2ae0 calls=4353 bytes=23229899 MB=22 sps=0 pps=0 idr=0 other=0
[ALTSCREEN] seq=705 epoch_us=390406832 pid=21151790 tid=41 run_id=19700101_000108_18268299 PHASE=TEARDOWN_OUTER receiver=85c028 stock_called=1 reason=0 done=0 scope=0
[ALTSCREEN] seq=706 epoch_us=394829390 pid=21151790 tid=41 run_id=19700101_000108_18268299 CALL ServerPlatformCopyProperty self=857020 lr=78569974 rc=0 thread=41 seq=60 profile=observe
[ALTSCREEN] seq=707 epoch_us=394830397 pid=21151790 tid=41 run_id=19700101_000108_18268299 PHASE=SETUP_REQUEST_ENTER session=85c028 wants_alt=0 alt_descriptor=0 alt_descriptor_count=0 params=3414d0 wrapper=outer_session_setup canonical_parser=1
[ALTSCREEN] seq=708 epoch_us=394830397 pid=21151790 tid=41 run_id=19700101_000108_18268299 OBS setup-request-original dict depth=0 count=1
[ALTSCREEN] seq=709 epoch_us=394830397 pid=21151790 tid=41 run_id=19700101_000108_18268299 OBSALL setup-request-original d=0 key=streams type=array count=1
[ALTSCREEN] seq=710 epoch_us=394830397 pid=21151790 tid=41 run_id=19700101_000108_18268299 OBS setup-request-original array depth=1 count=1
[ALTSCREEN] seq=711 epoch_us=394830397 pid=21151790 tid=41 run_id=19700101_000108_18268299 OBSALL setup-request-original d=2 key=[] type=dict count=5
[ALTSCREEN] seq=712 epoch_us=394830397 pid=21151790 tid=41 run_id=19700101_000108_18268299 OBS setup-request-original dict depth=3 count=5
[ALTSCREEN] seq=713 epoch_us=394830397 pid=21151790 tid=41 run_id=19700101_000108_18268299 OBSALL setup-request-original d=3 key=audioType type=redacted value=REDACTED
[ALTSCREEN] seq=714 epoch_us=394830397 pid=21151790 tid=41 run_id=19700101_000108_18268299 OBSALL setup-request-original d=3 key=supportsHighAccuracyTimestamps type=redacted value=REDACTED
[ALTSCREEN] seq=715 epoch_us=394830397 pid=21151790 tid=41 run_id=19700101_000108_18268299 OBSALL setup-request-original d=3 key=audioLatencyMs type=redacted value=REDACTED
[ALTSCREEN] seq=716 epoch_us=394830397 pid=21151790 tid=41 run_id=19700101_000108_18268299 OBSALL setup-request-original d=3 key=type type=int value=101
[ALTSCREEN] seq=717 epoch_us=394830397 pid=21151790 tid=41 run_id=19700101_000108_18268299 OBSALL setup-request-original d=3 key=audioFormat type=redacted value=REDACTED
[ALTSCREEN] seq=718 epoch_us=394830397 pid=21151790 tid=41 run_id=19700101_000108_18268299 PHASE=SETUP_STOCK_PREP session=85c028 prep_rc=0 private_policy=0 private_allowed=0 stock_params=3414d0 original_params=3414d0 owned=0 stock110_protected=0 backend=P1404-exact-priv111-two-phase
[ALTSCREEN] seq=719 epoch_us=394830397 pid=21151790 tid=41 run_id=19700101_000108_18268299 PHASE=SETUP_STOCK_REQUEST strategy=passthrough_or_split_failed params=3414d0
[ALTSCREEN] seq=720 epoch_us=394839462 pid=21151790 tid=41 run_id=19700101_000108_18268299 PHASE=SETUP_PLATFORM_NOTIFICATION session=85c028 response_owner=outer_session_setup out_params=0
[ALTSCREEN] seq=721 epoch_us=394903922 pid=21151790 tid=41 run_id=19700101_000108_18268299 CALL SessionSetup self=85c028 lr=7853f734 rc=0 thread=41 seq=61 profile=observe
[ALTSCREEN] seq=722 epoch_us=394903922 pid=21151790 tid=41 run_id=19700101_000108_18268299 PHASE=SETUP_STOCK_RETURN rc=0 response=3410e0 wants_alt=0 alt_descriptor=0 prep_rc=0
[ALTSCREEN] seq=723 epoch_us=394903922 pid=21151790 tid=41 run_id=19700101_000108_18268299 OBS setup-response-stock dict depth=0 count=1
[ALTSCREEN] seq=724 epoch_us=394903922 pid=21151790 tid=41 run_id=19700101_000108_18268299 OBSALL setup-response-stock d=0 key=streams type=array count=1
[ALTSCREEN] seq=725 epoch_us=394903922 pid=21151790 tid=41 run_id=19700101_000108_18268299 OBS setup-response-stock array depth=1 count=1
[ALTSCREEN] seq=726 epoch_us=394903922 pid=21151790 tid=41 run_id=19700101_000108_18268299 OBSALL setup-response-stock d=2 key=[] type=dict count=2
[ALTSCREEN] seq=727 epoch_us=394903922 pid=21151790 tid=41 run_id=19700101_000108_18268299 OBS setup-response-stock dict depth=3 count=2
[ALTSCREEN] seq=728 epoch_us=394903922 pid=21151790 tid=41 run_id=19700101_000108_18268299 OBSALL setup-response-stock d=3 key=dataPort type=int value=7071
[ALTSCREEN] seq=729 epoch_us=394903922 pid=21151790 tid=41 run_id=19700101_000108_18268299 OBSALL setup-response-stock d=3 key=type type=int value=101
[ALTSCREEN] seq=730 epoch_us=394903922 pid=21151790 tid=41 run_id=19700101_000108_18268299 OBS setup-response-final dict depth=0 count=1
[ALTSCREEN] seq=731 epoch_us=394903922 pid=21151790 tid=41 run_id=19700101_000108_18268299 OBSALL setup-response-final d=0 key=streams type=array count=1
[ALTSCREEN] seq=732 epoch_us=394903922 pid=21151790 tid=41 run_id=19700101_000108_18268299 OBS setup-response-final array depth=1 count=1
[ALTSCREEN] seq=733 epoch_us=394903922 pid=21151790 tid=41 run_id=19700101_000108_18268299 OBSALL setup-response-final d=2 key=[] type=dict count=2
[ALTSCREEN] seq=734 epoch_us=394903922 pid=21151790 tid=41 run_id=19700101_000108_18268299 OBS setup-response-final dict depth=3 count=2
[ALTSCREEN] seq=735 epoch_us=394903922 pid=21151790 tid=41 run_id=19700101_000108_18268299 OBSALL setup-response-final d=3 key=dataPort type=int value=7071
[ALTSCREEN] seq=736 epoch_us=394903922 pid=21151790 tid=41 run_id=19700101_000108_18268299 OBSALL setup-response-final d=3 key=type type=int value=101
[ALTSCREEN] seq=737 epoch_us=395102337 pid=21151790 tid=47 run_id=19700101_000108_18268299 PHASE=DECODER_PROGRESS backend=stock-omx-tap stream=1d26d0 generation=1 frames=8400 seq=8400 size=1440x542 source_stride=1536 drops=0
[ALTSCREEN] seq=738 epoch_us=395102337 pid=21151790 tid=47 run_id=19700101_000108_18268299 PHASE=FRAME_LINEARIZER_PROGRESS backend=screen-nv12 readbacks=8400 published=8400 publish_drops=0 requests=8400 failures=0 fallbacks=0 slow_readbacks=2 readback_p50_ms=3 readback_p95_ms=6 readback_max_us=20144 size=1440x542
[ALTSCREEN] seq=739 epoch_us=396111539 pid=21151790 tid=44 run_id=19700101_000108_18268299 PHASE=H264_TAP_PROGRESS stream=1d26d0 generation=1 packets=8448 bytes=26932544 seq=8448 wraps=6 drops=0 sps=4 pps=4 idr=4 format=avcc
[ALTSCREEN] seq=740 epoch_us=396207222 pid=21151790 tid=44 run_id=19700101_000108_18268299 PHASE=VIDEO_111_PROGRESS id=1 generation=1 receiver=85c028 session=85e480 stream=1d26d0 ALT_VIDEO_BYTES=26947156 ALT_VIDEO_PACKETS=8448 annexb_nals=0 last=3692
[ALTSCREEN] seq=741 epoch_us=396207222 pid=21151790 tid=44 run_id=19700101_000108_18268299 PHASE=VIDEO_111_PROGRESS ALT_VIDEO_BYTES=26947156 ALT_VIDEO_PACKETS=8448 last=3692
[ALTSCREEN] seq=742 epoch_us=396224344 pid=21151790 tid=44 run_id=19700101_000108_18268299 STREAM data ptr=1d26d0 calls=8449 bytes=26950850 MB=25 sps=0 pps=0 idr=1 other=1
[ALTSCREEN] seq=743 epoch_us=397937569 pid=21151790 tid=41 run_id=19700101_000108_18268299 PHASE=TEARDOWN_PLATFORM_NOTIFICATION session=85c028 lifetime_owner=outer_session_teardown
[ALTSCREEN] seq=744 epoch_us=398085625 pid=21151790 tid=41 run_id=19700101_000108_18268299 PHASE=TEARDOWN_OUTER receiver=85c028 stock_called=1 reason=0 done=0 scope=0
[ALTSCREEN] seq=745 epoch_us=402843577 pid=21151790 tid=44 run_id=19700101_000108_18268299 PHASE=H264_TAP_PROGRESS stream=1d26d0 generation=1 packets=8704 bytes=28383356 seq=8704 wraps=6 drops=0 sps=4 pps=4 idr=4 format=avcc
[ALTSCREEN] seq=746 epoch_us=402942281 pid=21151790 tid=44 run_id=19700101_000108_18268299 PHASE=VIDEO_111_PROGRESS id=1 generation=1 receiver=85c028 session=85e480 stream=1d26d0 ALT_VIDEO_BYTES=28411261 ALT_VIDEO_PACKETS=8704 annexb_nals=0 last=4257
[ALTSCREEN] seq=747 epoch_us=402942281 pid=21151790 tid=44 run_id=19700101_000108_18268299 PHASE=VIDEO_111_PROGRESS ALT_VIDEO_BYTES=28411261 ALT_VIDEO_PACKETS=8704 last=4257
[ALTSCREEN] seq=748 epoch_us=402956382 pid=21151790 tid=47 run_id=19700101_000108_18268299 PHASE=DECODER_PROGRESS backend=stock-omx-tap stream=1d26d0 generation=1 frames=8700 seq=8700 size=1440x542 source_stride=1536 drops=0
[ALTSCREEN] seq=749 epoch_us=402956382 pid=21151790 tid=47 run_id=19700101_000108_18268299 PHASE=FRAME_LINEARIZER_PROGRESS backend=screen-nv12 readbacks=8700 published=8700 publish_drops=0 requests=8700 failures=0 fallbacks=0 slow_readbacks=2 readback_p50_ms=3 readback_p95_ms=6 readback_max_us=20144 size=1440x542
[ALTSCREEN] seq=750 epoch_us=402959403 pid=21151790 tid=44 run_id=19700101_000108_18268299 STREAM data ptr=1d26d0 calls=8705 bytes=28415277 MB=27 sps=0 pps=0 idr=1 other=1
[ALTSCREEN] seq=751 epoch_us=410746973 pid=21151790 tid=44 run_id=19700101_000108_18268299 PHASE=H264_TAP_PROGRESS stream=1d26d0 generation=1 packets=8960 bytes=30818192 seq=8960 wraps=7 drops=0 sps=4 pps=4 idr=4 format=avcc
[ALTSCREEN] seq=752 epoch_us=410859778 pid=21151790 tid=44 run_id=19700101_000108_18268299 PHASE=VIDEO_111_PROGRESS id=1 generation=1 receiver=85c028 session=85e480 stream=1d26d0 ALT_VIDEO_BYTES=30843873 ALT_VIDEO_PACKETS=8960 annexb_nals=0 last=4673
[ALTSCREEN] seq=753 epoch_us=410859778 pid=21151790 tid=44 run_id=19700101_000108_18268299 PHASE=VIDEO_111_PROGRESS ALT_VIDEO_BYTES=30843873 ALT_VIDEO_PACKETS=8960 last=4673
[ALTSCREEN] seq=754 epoch_us=410875893 pid=21151790 tid=44 run_id=19700101_000108_18268299 STREAM data ptr=1d26d0 calls=8961 bytes=30850600 MB=29 sps=0 pps=0 idr=1 other=1
[ALTSCREEN] seq=755 epoch_us=412211423 pid=21151790 tid=47 run_id=19700101_000108_18268299 PHASE=DECODER_PROGRESS backend=stock-omx-tap stream=1d26d0 generation=1 frames=9000 seq=9000 size=1440x542 source_stride=1536 drops=0
[ALTSCREEN] seq=756 epoch_us=412211423 pid=21151790 tid=47 run_id=19700101_000108_18268299 PHASE=FRAME_LINEARIZER_PROGRESS backend=screen-nv12 readbacks=9000 published=9000 publish_drops=0 requests=9000 failures=0 fallbacks=0 slow_readbacks=2 readback_p50_ms=3 readback_p95_ms=6 readback_max_us=20144 size=1440x542
[ALTSCREEN] seq=757 epoch_us=415379026 pid=21151790 tid=56 run_id=19700101_000108_18268299 STREAM data ptr=1d2ae0 calls=4609 bytes=24431863 MB=23 sps=0 pps=0 idr=0 other=0
[ALTSCREEN] seq=758 epoch_us=418851807 pid=21151790 tid=44 run_id=19700101_000108_18268299 PHASE=H264_TAP_PROGRESS stream=1d26d0 generation=1 packets=9216 bytes=32147940 seq=9216 wraps=7 drops=0 sps=4 pps=4 idr=4 format=avcc
[ALTSCREEN] seq=759 epoch_us=418953533 pid=21151790 tid=44 run_id=19700101_000108_18268299 PHASE=VIDEO_111_PROGRESS id=1 generation=1 receiver=85c028 session=85e480 stream=1d26d0 ALT_VIDEO_BYTES=32168403 ALT_VIDEO_PACKETS=9216 annexb_nals=0 last=5152
[ALTSCREEN] seq=760 epoch_us=418953533 pid=21151790 tid=44 run_id=19700101_000108_18268299 PHASE=VIDEO_111_PROGRESS ALT_VIDEO_BYTES=32168403 ALT_VIDEO_PACKETS=9216 last=5152
[ALTSCREEN] seq=761 epoch_us=418963605 pid=21151790 tid=44 run_id=19700101_000108_18268299 STREAM data ptr=1d26d0 calls=9217 bytes=32173560 MB=30 sps=0 pps=0 idr=1 other=1
[ALTSCREEN] seq=762 epoch_us=421770635 pid=21151790 tid=47 run_id=19700101_000108_18268299 PHASE=DECODER_PROGRESS backend=stock-omx-tap stream=1d26d0 generation=1 frames=9300 seq=9300 size=1440x542 source_stride=1536 drops=0
[ALTSCREEN] seq=763 epoch_us=421770635 pid=21151790 tid=47 run_id=19700101_000108_18268299 PHASE=FRAME_LINEARIZER_PROGRESS backend=screen-nv12 readbacks=9300 published=9300 publish_drops=0 requests=9300 failures=0 fallbacks=0 slow_readbacks=2 readback_p50_ms=3 readback_p95_ms=6 readback_max_us=20144 size=1440x542
[ALTSCREEN] seq=764 epoch_us=427211459 pid=21151790 tid=44 run_id=19700101_000108_18268299 PHASE=H264_TAP_PROGRESS stream=1d26d0 generation=1 packets=9472 bytes=33467596 seq=9472 wraps=8 drops=0 sps=4 pps=4 idr=4 format=avcc
[ALTSCREEN] seq=765 epoch_us=427351458 pid=21151790 tid=44 run_id=19700101_000108_18268299 PHASE=VIDEO_111_PROGRESS id=1 generation=1 receiver=85c028 session=85e480 stream=1d26d0 ALT_VIDEO_BYTES=33488054 ALT_VIDEO_PACKETS=9472 annexb_nals=0 last=5152
[ALTSCREEN] seq=766 epoch_us=427351458 pid=21151790 tid=44 run_id=19700101_000108_18268299 PHASE=VIDEO_111_PROGRESS ALT_VIDEO_BYTES=33488054 ALT_VIDEO_PACKETS=9472 last=5152
[ALTSCREEN] seq=767 epoch_us=427359515 pid=21151790 tid=44 run_id=19700101_000108_18268299 STREAM data ptr=1d26d0 calls=9473 bytes=33493214 MB=31 sps=0 pps=0 idr=1 other=1
[ALTSCREEN] seq=768 epoch_us=431672290 pid=21151790 tid=47 run_id=19700101_000108_18268299 PHASE=DECODER_PROGRESS backend=stock-omx-tap stream=1d26d0 generation=1 frames=9600 seq=9600 size=1440x542 source_stride=1536 drops=0
[ALTSCREEN] seq=769 epoch_us=431672290 pid=21151790 tid=47 run_id=19700101_000108_18268299 PHASE=FRAME_LINEARIZER_PROGRESS backend=screen-nv12 readbacks=9600 published=9600 publish_drops=0 requests=9600 failures=0 fallbacks=0 slow_readbacks=2 readback_p50_ms=3 readback_p95_ms=6 readback_max_us=20144 size=1440x542
[ALTSCREEN] seq=770 epoch_us=435363631 pid=21151790 tid=44 run_id=19700101_000108_18268299 PHASE=H264_TAP_PROGRESS stream=1d26d0 generation=1 packets=9728 bytes=34787251 seq=9728 wraps=8 drops=0 sps=4 pps=4 idr=4 format=avcc
[ALTSCREEN] seq=771 epoch_us=435495572 pid=21151790 tid=44 run_id=19700101_000108_18268299 PHASE=VIDEO_111_PROGRESS id=1 generation=1 receiver=85c028 session=85e480 stream=1d26d0 ALT_VIDEO_BYTES=34807710 ALT_VIDEO_PACKETS=9728 annexb_nals=0 last=5152
[ALTSCREEN] seq=772 epoch_us=435495572 pid=21151790 tid=44 run_id=19700101_000108_18268299 PHASE=VIDEO_111_PROGRESS ALT_VIDEO_BYTES=34807710 ALT_VIDEO_PACKETS=9728 last=5152
[ALTSCREEN] seq=773 epoch_us=435546939 pid=21151790 tid=44 run_id=19700101_000108_18268299 STREAM data ptr=1d26d0 calls=9729 bytes=34812867 MB=33 sps=0 pps=0 idr=1 other=1
[ALTSCREEN] seq=774 epoch_us=441047187 pid=21151790 tid=47 run_id=19700101_000108_18268299 PHASE=DECODER_PROGRESS backend=stock-omx-tap stream=1d26d0 generation=1 frames=9900 seq=9900 size=1440x542 source_stride=1536 drops=0
[ALTSCREEN] seq=775 epoch_us=441047187 pid=21151790 tid=47 run_id=19700101_000108_18268299 PHASE=FRAME_LINEARIZER_PROGRESS backend=screen-nv12 readbacks=9900 published=9900 publish_drops=0 requests=9900 failures=0 fallbacks=0 slow_readbacks=2 readback_p50_ms=3 readback_p95_ms=6 readback_max_us=20144 size=1440x542
[ALTSCREEN] seq=776 epoch_us=442882282 pid=21151790 tid=41 run_id=19700101_000108_18268299 CALL ServerPlatformCopyProperty self=857020 lr=78569974 rc=0 thread=41 seq=62 profile=observe
[ALTSCREEN] seq=777 epoch_us=442886310 pid=21151790 tid=41 run_id=19700101_000108_18268299 PHASE=SETUP_REQUEST_ENTER session=85c028 wants_alt=0 alt_descriptor=0 alt_descriptor_count=0 params=3414d0 wrapper=outer_session_setup canonical_parser=1
[ALTSCREEN] seq=778 epoch_us=442886310 pid=21151790 tid=41 run_id=19700101_000108_18268299 OBS setup-request-original dict depth=0 count=1
[ALTSCREEN] seq=779 epoch_us=442886310 pid=21151790 tid=41 run_id=19700101_000108_18268299 OBSALL setup-request-original d=0 key=streams type=array count=1
[ALTSCREEN] seq=780 epoch_us=442886310 pid=21151790 tid=41 run_id=19700101_000108_18268299 OBS setup-request-original array depth=1 count=1
[ALTSCREEN] seq=781 epoch_us=442886310 pid=21151790 tid=41 run_id=19700101_000108_18268299 OBSALL setup-request-original d=2 key=[] type=dict count=5
[ALTSCREEN] seq=782 epoch_us=442886310 pid=21151790 tid=41 run_id=19700101_000108_18268299 OBS setup-request-original dict depth=3 count=5
[ALTSCREEN] seq=783 epoch_us=442886310 pid=21151790 tid=41 run_id=19700101_000108_18268299 OBSALL setup-request-original d=3 key=audioType type=redacted value=REDACTED
[ALTSCREEN] seq=784 epoch_us=442886310 pid=21151790 tid=41 run_id=19700101_000108_18268299 OBSALL setup-request-original d=3 key=supportsHighAccuracyTimestamps type=redacted value=REDACTED
[ALTSCREEN] seq=785 epoch_us=442886310 pid=21151790 tid=41 run_id=19700101_000108_18268299 OBSALL setup-request-original d=3 key=audioLatencyMs type=redacted value=REDACTED
[ALTSCREEN] seq=786 epoch_us=442886310 pid=21151790 tid=41 run_id=19700101_000108_18268299 OBSALL setup-request-original d=3 key=type type=int value=101
[ALTSCREEN] seq=787 epoch_us=442886310 pid=21151790 tid=41 run_id=19700101_000108_18268299 OBSALL setup-request-original d=3 key=audioFormat type=redacted value=REDACTED
[ALTSCREEN] seq=788 epoch_us=442886310 pid=21151790 tid=41 run_id=19700101_000108_18268299 PHASE=SETUP_STOCK_PREP session=85c028 prep_rc=0 private_policy=0 private_allowed=0 stock_params=3414d0 original_params=3414d0 owned=0 stock110_protected=0 backend=P1404-exact-priv111-two-phase
[ALTSCREEN] seq=789 epoch_us=442886310 pid=21151790 tid=41 run_id=19700101_000108_18268299 PHASE=SETUP_STOCK_REQUEST strategy=passthrough_or_split_failed params=3414d0
[ALTSCREEN] seq=790 epoch_us=442898397 pid=21151790 tid=41 run_id=19700101_000108_18268299 PHASE=SETUP_PLATFORM_NOTIFICATION session=85c028 response_owner=outer_session_setup out_params=0
[ALTSCREEN] seq=791 epoch_us=442930626 pid=21151790 tid=41 run_id=19700101_000108_18268299 CALL SessionSetup self=85c028 lr=7853f734 rc=0 thread=41 seq=63 profile=observe
[ALTSCREEN] seq=792 epoch_us=442930626 pid=21151790 tid=41 run_id=19700101_000108_18268299 PHASE=SETUP_STOCK_RETURN rc=0 response=341950 wants_alt=0 alt_descriptor=0 prep_rc=0
[ALTSCREEN] seq=793 epoch_us=442930626 pid=21151790 tid=41 run_id=19700101_000108_18268299 OBS setup-response-stock dict depth=0 count=1
[ALTSCREEN] seq=794 epoch_us=442930626 pid=21151790 tid=41 run_id=19700101_000108_18268299 OBSALL setup-response-stock d=0 key=streams type=array count=1
[ALTSCREEN] seq=795 epoch_us=442930626 pid=21151790 tid=41 run_id=19700101_000108_18268299 OBS setup-response-stock array depth=1 count=1
[ALTSCREEN] seq=796 epoch_us=442930626 pid=21151790 tid=41 run_id=19700101_000108_18268299 OBSALL setup-response-stock d=2 key=[] type=dict count=2
[ALTSCREEN] seq=797 epoch_us=442930626 pid=21151790 tid=41 run_id=19700101_000108_18268299 OBS setup-response-stock dict depth=3 count=2
[ALTSCREEN] seq=798 epoch_us=442930626 pid=21151790 tid=41 run_id=19700101_000108_18268299 OBSALL setup-response-stock d=3 key=dataPort type=int value=7071
[ALTSCREEN] seq=799 epoch_us=442930626 pid=21151790 tid=41 run_id=19700101_000108_18268299 OBSALL setup-response-stock d=3 key=type type=int value=101
[ALTSCREEN] seq=800 epoch_us=442930626 pid=21151790 tid=41 run_id=19700101_000108_18268299 OBS setup-response-final dict depth=0 count=1
[ALTSCREEN] seq=801 epoch_us=442930626 pid=21151790 tid=41 run_id=19700101_000108_18268299 OBSALL setup-response-final d=0 key=streams type=array count=1
[ALTSCREEN] seq=802 epoch_us=442930626 pid=21151790 tid=41 run_id=19700101_000108_18268299 OBS setup-response-final array depth=1 count=1
[ALTSCREEN] seq=803 epoch_us=442930626 pid=21151790 tid=41 run_id=19700101_000108_18268299 OBSALL setup-response-final d=2 key=[] type=dict count=2
[ALTSCREEN] seq=804 epoch_us=442930626 pid=21151790 tid=41 run_id=19700101_000108_18268299 OBS setup-response-final dict depth=3 count=2
[ALTSCREEN] seq=805 epoch_us=442930626 pid=21151790 tid=41 run_id=19700101_000108_18268299 OBSALL setup-response-final d=3 key=dataPort type=int value=7071
[ALTSCREEN] seq=806 epoch_us=442930626 pid=21151790 tid=41 run_id=19700101_000108_18268299 OBSALL setup-response-final d=3 key=type type=int value=101
[ALTSCREEN] seq=807 epoch_us=443549039 pid=21151790 tid=44 run_id=19700101_000108_18268299 PHASE=H264_TAP_PROGRESS stream=1d26d0 generation=1 packets=9984 bytes=36106905 seq=9984 wraps=8 drops=0 sps=4 pps=4 idr=4 format=avcc
[ALTSCREEN] seq=808 epoch_us=443650765 pid=21151790 tid=44 run_id=19700101_000108_18268299 PHASE=VIDEO_111_PROGRESS id=1 generation=1 receiver=85c028 session=85e480 stream=1d26d0 ALT_VIDEO_BYTES=36127366 ALT_VIDEO_PACKETS=9984 annexb_nals=0 last=5153
[ALTSCREEN] seq=809 epoch_us=443650765 pid=21151790 tid=44 run_id=19700101_000108_18268299 PHASE=VIDEO_111_PROGRESS ALT_VIDEO_BYTES=36127366 ALT_VIDEO_PACKETS=9984 last=5153
[ALTSCREEN] seq=810 epoch_us=443666880 pid=21151790 tid=44 run_id=19700101_000108_18268299 STREAM data ptr=1d26d0 calls=9985 bytes=36132523 MB=34 sps=0 pps=0 idr=1 other=1
[ALTSCREEN] seq=811 epoch_us=445446580 pid=21151790 tid=41 run_id=19700101_000108_18268299 PHASE=TEARDOWN_PLATFORM_NOTIFICATION session=85c028 lifetime_owner=outer_session_teardown
[ALTSCREEN] seq=812 epoch_us=445586579 pid=21151790 tid=41 run_id=19700101_000108_18268299 PHASE=TEARDOWN_OUTER receiver=85c028 stock_called=1 reason=0 done=0 scope=0
[ALTSCREEN] seq=813 epoch_us=448083395 pid=21151790 tid=56 run_id=19700101_000108_18268299 STREAM data ptr=1d2ae0 calls=4865 bytes=25618086 MB=24 sps=0 pps=0 idr=0 other=0
[ALTSCREEN] seq=814 epoch_us=448985835 pid=21151790 tid=41 run_id=19700101_000108_18268299 CONTROL duckAudio session=85c028 arg=3414d0
[ALTSCREEN] seq=815 epoch_us=448985835 pid=21151790 tid=41 run_id=19700101_000108_18268299 CALL SessionPlatformControl self=85c028 lr=780acf74 rc=0 thread=41 seq=64 profile=observe
[ALTSCREEN] seq=816 epoch_us=449256768 pid=21151790 tid=41 run_id=19700101_000108_18268299 CONTROL suggestUI session=85c028 arg=341368
[ALTSCREEN] seq=817 epoch_us=449261804 pid=21151790 tid=41 run_id=19700101_000108_18268299 CALL SessionPlatformControl self=85c028 lr=780acf74 rc=-6714 thread=41 seq=65 profile=observe
[ALTSCREEN] seq=818 epoch_us=449261804 pid=21151790 tid=41 run_id=19700101_000108_18268299 PHASE=SUGGEST_UI_ACCEPTED session=85c028 stock_rc=-6714 return_rc=0 policy=LIVI_NOOP urls_not_shown=1
[ALTSCREEN] seq=819 epoch_us=449374609 pid=21151790 tid=47 run_id=19700101_000108_18268299 PHASE=DECODER_PROGRESS backend=stock-omx-tap stream=1d26d0 generation=1 frames=10200 seq=10200 size=1440x542 source_stride=1536 drops=0
[ALTSCREEN] seq=820 epoch_us=449374609 pid=21151790 tid=47 run_id=19700101_000108_18268299 PHASE=FRAME_LINEARIZER_PROGRESS backend=screen-nv12 readbacks=10200 published=10200 publish_drops=0 requests=10200 failures=0 fallbacks=0 slow_readbacks=2 readback_p50_ms=3 readback_p95_ms=6 readback_max_us=20144 size=1440x542
[ALTSCREEN] seq=821 epoch_us=449504536 pid=21151790 tid=41 run_id=19700101_000108_18268299 CONTROL unduckAudio session=85c028 arg=3414d0
[ALTSCREEN] seq=822 epoch_us=449505543 pid=21151790 tid=41 run_id=19700101_000108_18268299 CALL SessionPlatformControl self=85c028 lr=780acf74 rc=0 thread=41 seq=66 profile=observe
[ALTSCREEN] seq=823 epoch_us=449968849 pid=21151790 tid=44 run_id=19700101_000108_18268299 PHASE=H264_TAP_PROGRESS stream=1d26d0 generation=1 packets=10240 bytes=37325307 seq=10240 wraps=8 drops=0 sps=4 pps=4 idr=4 format=avcc
[ALTSCREEN] seq=824 epoch_us=450783664 pid=21151790 tid=44 run_id=19700101_000108_18268299 PHASE=VIDEO_111_PROGRESS id=1 generation=1 receiver=85c028 session=85e480 stream=1d26d0 ALT_VIDEO_BYTES=37327658 ALT_VIDEO_PACKETS=10240 annexb_nals=0 last=132
[ALTSCREEN] seq=825 epoch_us=450783664 pid=21151790 tid=44 run_id=19700101_000108_18268299 PHASE=VIDEO_111_PROGRESS ALT_VIDEO_BYTES=37327658 ALT_VIDEO_PACKETS=10240 last=132
[ALTSCREEN] seq=826 epoch_us=450801793 pid=21151790 tid=44 run_id=19700101_000108_18268299 STREAM data ptr=1d26d0 calls=10241 bytes=37327759 MB=35 sps=0 pps=0 idr=1 other=1
[ALTSCREEN] seq=827 epoch_us=458731376 pid=21151790 tid=44 run_id=19700101_000108_18268299 PHASE=H264_TAP_PROGRESS stream=1d26d0 generation=1 packets=10496 bytes=37858632 seq=10496 wraps=9 drops=0 sps=4 pps=4 idr=4 format=avcc
[ALTSCREEN] seq=828 epoch_us=458865332 pid=21151790 tid=44 run_id=19700101_000108_18268299 PHASE=VIDEO_111_PROGRESS id=1 generation=1 receiver=85c028 session=85e480 stream=1d26d0 ALT_VIDEO_BYTES=37862713 ALT_VIDEO_PACKETS=10496 annexb_nals=0 last=1062
[ALTSCREEN] seq=829 epoch_us=458865332 pid=21151790 tid=44 run_id=19700101_000108_18268299 PHASE=VIDEO_111_PROGRESS ALT_VIDEO_BYTES=37862713 ALT_VIDEO_PACKETS=10496 last=1062
[ALTSCREEN] seq=830 epoch_us=458888497 pid=21151790 tid=44 run_id=19700101_000108_18268299 STREAM data ptr=1d26d0 calls=10497 bytes=37863769 MB=36 sps=0 pps=0 idr=1 other=1
[ALTSCREEN] seq=831 epoch_us=459001302 pid=21151790 tid=47 run_id=19700101_000108_18268299 PHASE=DECODER_PROGRESS backend=stock-omx-tap stream=1d26d0 generation=1 frames=10500 seq=10500 size=1440x542 source_stride=1536 drops=0
[ALTSCREEN] seq=832 epoch_us=459001302 pid=21151790 tid=47 run_id=19700101_000108_18268299 PHASE=FRAME_LINEARIZER_PROGRESS backend=screen-nv12 readbacks=10500 published=10500 publish_drops=0 requests=10500 failures=0 fallbacks=0 slow_readbacks=2 readback_p50_ms=3 readback_p95_ms=6 readback_max_us=20144 size=1440x542
[ALTSCREEN] seq=833 epoch_us=464516658 pid=21151790 tid=41 run_id=19700101_000108_18268299 CONTROL suggestUI session=85c028 arg=341950
[ALTSCREEN] seq=834 epoch_us=464519680 pid=21151790 tid=41 run_id=19700101_000108_18268299 CALL SessionPlatformControl self=85c028 lr=780acf74 rc=-6714 thread=41 seq=67 profile=observe
[ALTSCREEN] seq=835 epoch_us=464519680 pid=21151790 tid=41 run_id=19700101_000108_18268299 PHASE=SUGGEST_UI_ACCEPTED session=85c028 stock_rc=-6714 return_rc=0 policy=LIVI_NOOP urls_not_shown=1
[ALTSCREEN] seq=836 epoch_us=465227732 pid=21151790 tid=41 run_id=19700101_000108_18268299 CONTROL duckAudio session=85c028 arg=3410e0
[ALTSCREEN] seq=837 epoch_us=465228739 pid=21151790 tid=41 run_id=19700101_000108_18268299 CALL SessionPlatformControl self=85c028 lr=780acf74 rc=0 thread=41 seq=68 profile=observe
[ALTSCREEN] seq=838 epoch_us=465428163 pid=21151790 tid=41 run_id=19700101_000108_18268299 CALL ServerPlatformCopyProperty self=857020 lr=78569974 rc=0 thread=41 seq=69 profile=observe
[ALTSCREEN] seq=839 epoch_us=465431184 pid=21151790 tid=41 run_id=19700101_000108_18268299 PHASE=SETUP_REQUEST_ENTER session=85c028 wants_alt=0 alt_descriptor=0 alt_descriptor_count=0 params=341950 wrapper=outer_session_setup canonical_parser=1
[ALTSCREEN] seq=840 epoch_us=465431184 pid=21151790 tid=41 run_id=19700101_000108_18268299 OBS setup-request-original dict depth=0 count=1
[ALTSCREEN] seq=841 epoch_us=465431184 pid=21151790 tid=41 run_id=19700101_000108_18268299 OBSALL setup-request-original d=0 key=streams type=array count=1
[ALTSCREEN] seq=842 epoch_us=465431184 pid=21151790 tid=41 run_id=19700101_000108_18268299 OBS setup-request-original array depth=1 count=1
[ALTSCREEN] seq=843 epoch_us=465431184 pid=21151790 tid=41 run_id=19700101_000108_18268299 OBSALL setup-request-original d=2 key=[] type=dict count=5
[ALTSCREEN] seq=844 epoch_us=465431184 pid=21151790 tid=41 run_id=19700101_000108_18268299 OBS setup-request-original dict depth=3 count=5
[ALTSCREEN] seq=845 epoch_us=465431184 pid=21151790 tid=41 run_id=19700101_000108_18268299 OBSALL setup-request-original d=3 key=audioType type=redacted value=REDACTED
[ALTSCREEN] seq=846 epoch_us=465431184 pid=21151790 tid=41 run_id=19700101_000108_18268299 OBSALL setup-request-original d=3 key=supportsHighAccuracyTimestamps type=redacted value=REDACTED
[ALTSCREEN] seq=847 epoch_us=465431184 pid=21151790 tid=41 run_id=19700101_000108_18268299 OBSALL setup-request-original d=3 key=audioLatencyMs type=redacted value=REDACTED
[ALTSCREEN] seq=848 epoch_us=465431184 pid=21151790 tid=41 run_id=19700101_000108_18268299 OBSALL setup-request-original d=3 key=type type=int value=101
[ALTSCREEN] seq=849 epoch_us=465431184 pid=21151790 tid=41 run_id=19700101_000108_18268299 OBSALL setup-request-original d=3 key=audioFormat type=redacted value=REDACTED
[ALTSCREEN] seq=850 epoch_us=465431184 pid=21151790 tid=41 run_id=19700101_000108_18268299 PHASE=SETUP_STOCK_PREP session=85c028 prep_rc=0 private_policy=0 private_allowed=0 stock_params=341950 original_params=341950 owned=0 stock110_protected=0 backend=P1404-exact-priv111-two-phase
[ALTSCREEN] seq=851 epoch_us=465431184 pid=21151790 tid=41 run_id=19700101_000108_18268299 PHASE=SETUP_STOCK_REQUEST strategy=passthrough_or_split_failed params=341950
[ALTSCREEN] seq=852 epoch_us=465447299 pid=21151790 tid=41 run_id=19700101_000108_18268299 PHASE=SETUP_PLATFORM_NOTIFICATION session=85c028 response_owner=outer_session_setup out_params=0
[ALTSCREEN] seq=853 epoch_us=465498666 pid=21151790 tid=41 run_id=19700101_000108_18268299 CALL SessionSetup self=85c028 lr=7853f734 rc=0 thread=41 seq=70 profile=observe
[ALTSCREEN] seq=854 epoch_us=465498666 pid=21151790 tid=41 run_id=19700101_000108_18268299 PHASE=SETUP_STOCK_RETURN rc=0 response=3410e0 wants_alt=0 alt_descriptor=0 prep_rc=0
[ALTSCREEN] seq=855 epoch_us=465498666 pid=21151790 tid=41 run_id=19700101_000108_18268299 OBS setup-response-stock dict depth=0 count=1
[ALTSCREEN] seq=856 epoch_us=465498666 pid=21151790 tid=41 run_id=19700101_000108_18268299 OBSALL setup-response-stock d=0 key=streams type=array count=1
[ALTSCREEN] seq=857 epoch_us=465498666 pid=21151790 tid=41 run_id=19700101_000108_18268299 OBS setup-response-stock array depth=1 count=1
[ALTSCREEN] seq=858 epoch_us=465498666 pid=21151790 tid=41 run_id=19700101_000108_18268299 OBSALL setup-response-stock d=2 key=[] type=dict count=2
[ALTSCREEN] seq=859 epoch_us=465498666 pid=21151790 tid=41 run_id=19700101_000108_18268299 OBS setup-response-stock dict depth=3 count=2
[ALTSCREEN] seq=860 epoch_us=465498666 pid=21151790 tid=41 run_id=19700101_000108_18268299 OBSALL setup-response-stock d=3 key=dataPort type=int value=7071
[ALTSCREEN] seq=861 epoch_us=465498666 pid=21151790 tid=41 run_id=19700101_000108_18268299 OBSALL setup-response-stock d=3 key=type type=int value=101
[ALTSCREEN] seq=862 epoch_us=465498666 pid=21151790 tid=41 run_id=19700101_000108_18268299 OBS setup-response-final dict depth=0 count=1
[ALTSCREEN] seq=863 epoch_us=465498666 pid=21151790 tid=41 run_id=19700101_000108_18268299 OBSALL setup-response-final d=0 key=streams type=array count=1
[ALTSCREEN] seq=864 epoch_us=465498666 pid=21151790 tid=41 run_id=19700101_000108_18268299 OBS setup-response-final array depth=1 count=1
[ALTSCREEN] seq=865 epoch_us=465498666 pid=21151790 tid=41 run_id=19700101_000108_18268299 OBSALL setup-response-final d=2 key=[] type=dict count=2
[ALTSCREEN] seq=866 epoch_us=465498666 pid=21151790 tid=41 run_id=19700101_000108_18268299 OBS setup-response-final dict depth=3 count=2
[ALTSCREEN] seq=867 epoch_us=465498666 pid=21151790 tid=41 run_id=19700101_000108_18268299 OBSALL setup-response-final d=3 key=dataPort type=int value=7071
[ALTSCREEN] seq=868 epoch_us=465498666 pid=21151790 tid=41 run_id=19700101_000108_18268299 OBSALL setup-response-final d=3 key=type type=int value=101
[ALTSCREEN] seq=869 epoch_us=466048590 pid=21151790 tid=56 run_id=19700101_000108_18268299 STREAM data ptr=1d2ae0 calls=5121 bytes=26790686 MB=25 sps=0 pps=0 idr=0 other=0
[ALTSCREEN] seq=870 epoch_us=466285279 pid=21151790 tid=44 run_id=19700101_000108_18268299 PHASE=H264_TAP_PROGRESS stream=1d26d0 generation=1 packets=10752 bytes=38546283 seq=10752 wraps=9 drops=0 sps=4 pps=4 idr=4 format=avcc
[ALTSCREEN] seq=871 epoch_us=466402112 pid=21151790 tid=44 run_id=19700101_000108_18268299 PHASE=VIDEO_111_PROGRESS id=1 generation=1 receiver=85c028 session=85e480 stream=1d26d0 ALT_VIDEO_BYTES=38628411 ALT_VIDEO_PACKETS=10752 annexb_nals=0 last=20977
[ALTSCREEN] seq=872 epoch_us=466402112 pid=21151790 tid=44 run_id=19700101_000108_18268299 PHASE=VIDEO_111_PROGRESS ALT_VIDEO_BYTES=38628411 ALT_VIDEO_PACKETS=10752 last=20977
[ALTSCREEN] seq=873 epoch_us=466442400 pid=21151790 tid=44 run_id=19700101_000108_18268299 STREAM data ptr=1d26d0 calls=10753 bytes=38649162 MB=36 sps=0 pps=0 idr=1 other=1
[ALTSCREEN] seq=874 epoch_us=468073036 pid=21151790 tid=47 run_id=19700101_000108_18268299 PHASE=DECODER_PROGRESS backend=stock-omx-tap stream=1d26d0 generation=1 frames=10800 seq=10800 size=1440x542 source_stride=1536 drops=0
[ALTSCREEN] seq=875 epoch_us=468073036 pid=21151790 tid=47 run_id=19700101_000108_18268299 PHASE=FRAME_LINEARIZER_PROGRESS backend=screen-nv12 readbacks=10800 published=10800 publish_drops=0 requests=10800 failures=0 fallbacks=0 slow_readbacks=2 readback_p50_ms=3 readback_p95_ms=6 readback_max_us=20144 size=1440x542
[ALTSCREEN] seq=876 epoch_us=471239631 pid=21151790 tid=41 run_id=19700101_000108_18268299 CONTROL unduckAudio session=85c028 arg=341368
[ALTSCREEN] seq=877 epoch_us=471239631 pid=21151790 tid=41 run_id=19700101_000108_18268299 CALL SessionPlatformControl self=85c028 lr=780acf74 rc=0 thread=41 seq=71 profile=observe
[ALTSCREEN] seq=878 epoch_us=473386954 pid=21151790 tid=44 run_id=19700101_000108_18268299 PHASE=H264_TAP_PROGRESS stream=1d26d0 generation=1 packets=11008 bytes=39867166 seq=11008 wraps=9 drops=0 sps=4 pps=4 idr=4 format=avcc
[ALTSCREEN] seq=879 epoch_us=473788822 pid=21151790 tid=44 run_id=19700101_000108_18268299 PHASE=VIDEO_111_PROGRESS id=1 generation=1 receiver=85c028 session=85e480 stream=1d26d0 ALT_VIDEO_BYTES=39876284 ALT_VIDEO_PACKETS=11008 annexb_nals=0 last=2321
[ALTSCREEN] seq=880 epoch_us=473788822 pid=21151790 tid=44 run_id=19700101_000108_18268299 PHASE=VIDEO_111_PROGRESS ALT_VIDEO_BYTES=39876284 ALT_VIDEO_PACKETS=11008 last=2321
[ALTSCREEN] seq=881 epoch_us=473824073 pid=21151790 tid=44 run_id=19700101_000108_18268299 STREAM data ptr=1d26d0 calls=11009 bytes=39878604 MB=38 sps=0 pps=0 idr=1 other=1
[ALTSCREEN] seq=882 epoch_us=476023770 pid=21151790 tid=41 run_id=19700101_000108_18268299 PHASE=TEARDOWN_PLATFORM_NOTIFICATION session=85c028 lifetime_owner=outer_session_teardown
[ALTSCREEN] seq=883 epoch_us=476164776 pid=21151790 tid=41 run_id=19700101_000108_18268299 PHASE=TEARDOWN_OUTER receiver=85c028 stock_called=1 reason=0 done=0 scope=0
[ALTSCREEN] seq=884 epoch_us=476183912 pid=21151790 tid=41 run_id=19700101_000108_18268299 CALL ServerPlatformCopyProperty self=857020 lr=78569974 rc=0 thread=41 seq=72 profile=observe
[ALTSCREEN] seq=885 epoch_us=476184920 pid=21151790 tid=41 run_id=19700101_000108_18268299 PHASE=SETUP_REQUEST_ENTER session=85c028 wants_alt=0 alt_descriptor=0 alt_descriptor_count=0 params=3414d0 wrapper=outer_session_setup canonical_parser=1
[ALTSCREEN] seq=886 epoch_us=476184920 pid=21151790 tid=41 run_id=19700101_000108_18268299 OBS setup-request-original dict depth=0 count=1
[ALTSCREEN] seq=887 epoch_us=476184920 pid=21151790 tid=41 run_id=19700101_000108_18268299 OBSALL setup-request-original d=0 key=streams type=array count=1
[ALTSCREEN] seq=888 epoch_us=476184920 pid=21151790 tid=41 run_id=19700101_000108_18268299 OBS setup-request-original array depth=1 count=1
[ALTSCREEN] seq=889 epoch_us=476184920 pid=21151790 tid=41 run_id=19700101_000108_18268299 OBSALL setup-request-original d=2 key=[] type=dict count=5
[ALTSCREEN] seq=890 epoch_us=476184920 pid=21151790 tid=41 run_id=19700101_000108_18268299 OBS setup-request-original dict depth=3 count=5
[ALTSCREEN] seq=891 epoch_us=476184920 pid=21151790 tid=41 run_id=19700101_000108_18268299 OBSALL setup-request-original d=3 key=audioType type=redacted value=REDACTED
[ALTSCREEN] seq=892 epoch_us=476184920 pid=21151790 tid=41 run_id=19700101_000108_18268299 OBSALL setup-request-original d=3 key=supportsHighAccuracyTimestamps type=redacted value=REDACTED
[ALTSCREEN] seq=893 epoch_us=476184920 pid=21151790 tid=41 run_id=19700101_000108_18268299 OBSALL setup-request-original d=3 key=audioLatencyMs type=redacted value=REDACTED
[ALTSCREEN] seq=894 epoch_us=476184920 pid=21151790 tid=41 run_id=19700101_000108_18268299 OBSALL setup-request-original d=3 key=type type=int value=101
[ALTSCREEN] seq=895 epoch_us=476184920 pid=21151790 tid=41 run_id=19700101_000108_18268299 OBSALL setup-request-original d=3 key=audioFormat type=redacted value=REDACTED
[ALTSCREEN] seq=896 epoch_us=476184920 pid=21151790 tid=41 run_id=19700101_000108_18268299 PHASE=SETUP_STOCK_PREP session=85c028 prep_rc=0 private_policy=0 private_allowed=0 stock_params=3414d0 original_params=3414d0 owned=0 stock110_protected=0 backend=P1404-exact-priv111-two-phase
[ALTSCREEN] seq=897 epoch_us=476185927 pid=21151790 tid=41 run_id=19700101_000108_18268299 PHASE=SETUP_STOCK_REQUEST strategy=passthrough_or_split_failed params=3414d0
[ALTSCREEN] seq=898 epoch_us=476202042 pid=21151790 tid=41 run_id=19700101_000108_18268299 PHASE=SETUP_PLATFORM_NOTIFICATION session=85c028 response_owner=outer_session_setup out_params=0
[ALTSCREEN] seq=899 epoch_us=476259452 pid=21151790 tid=41 run_id=19700101_000108_18268299 CALL SessionSetup self=85c028 lr=7853f734 rc=0 thread=41 seq=73 profile=observe
[ALTSCREEN] seq=900 epoch_us=476259452 pid=21151790 tid=41 run_id=19700101_000108_18268299 PHASE=SETUP_STOCK_RETURN rc=0 response=3410e0 wants_alt=0 alt_descriptor=0 prep_rc=0
[ALTSCREEN] seq=901 epoch_us=476259452 pid=21151790 tid=41 run_id=19700101_000108_18268299 OBS setup-response-stock dict depth=0 count=1
[ALTSCREEN] seq=902 epoch_us=476259452 pid=21151790 tid=41 run_id=19700101_000108_18268299 OBSALL setup-response-stock d=0 key=streams type=array count=1
[ALTSCREEN] seq=903 epoch_us=476259452 pid=21151790 tid=41 run_id=19700101_000108_18268299 OBS setup-response-stock array depth=1 count=1
[ALTSCREEN] seq=904 epoch_us=476259452 pid=21151790 tid=41 run_id=19700101_000108_18268299 OBSALL setup-response-stock d=2 key=[] type=dict count=2
[ALTSCREEN] seq=905 epoch_us=476259452 pid=21151790 tid=41 run_id=19700101_000108_18268299 OBS setup-response-stock dict depth=3 count=2
[ALTSCREEN] seq=906 epoch_us=476259452 pid=21151790 tid=41 run_id=19700101_000108_18268299 OBSALL setup-response-stock d=3 key=dataPort type=int value=7071
[ALTSCREEN] seq=907 epoch_us=476259452 pid=21151790 tid=41 run_id=19700101_000108_18268299 OBSALL setup-response-stock d=3 key=type type=int value=101
[ALTSCREEN] seq=908 epoch_us=476259452 pid=21151790 tid=41 run_id=19700101_000108_18268299 OBS setup-response-final dict depth=0 count=1
[ALTSCREEN] seq=909 epoch_us=476259452 pid=21151790 tid=41 run_id=19700101_000108_18268299 OBSALL setup-response-final d=0 key=streams type=array count=1
[ALTSCREEN] seq=910 epoch_us=476259452 pid=21151790 tid=41 run_id=19700101_000108_18268299 OBS setup-response-final array depth=1 count=1
[ALTSCREEN] seq=911 epoch_us=476259452 pid=21151790 tid=41 run_id=19700101_000108_18268299 OBSALL setup-response-final d=2 key=[] type=dict count=2
[ALTSCREEN] seq=912 epoch_us=476259452 pid=21151790 tid=41 run_id=19700101_000108_18268299 OBS setup-response-final dict depth=3 count=2
[ALTSCREEN] seq=913 epoch_us=476259452 pid=21151790 tid=41 run_id=19700101_000108_18268299 OBSALL setup-response-final d=3 key=dataPort type=int value=7071
[ALTSCREEN] seq=914 epoch_us=476259452 pid=21151790 tid=41 run_id=19700101_000108_18268299 OBSALL setup-response-final d=3 key=type type=int value=101
[ALTSCREEN] seq=915 epoch_us=477955554 pid=21151790 tid=47 run_id=19700101_000108_18268299 PHASE=DECODER_PROGRESS backend=stock-omx-tap stream=1d26d0 generation=1 frames=11100 seq=11100 size=1440x542 source_stride=1536 drops=0
[ALTSCREEN] seq=916 epoch_us=477955554 pid=21151790 tid=47 run_id=19700101_000108_18268299 PHASE=FRAME_LINEARIZER_PROGRESS backend=screen-nv12 readbacks=11100 published=11100 publish_drops=0 requests=11100 failures=0 fallbacks=0 slow_readbacks=2 readback_p50_ms=3 readback_p95_ms=6 readback_max_us=20144 size=1440x542
[ALTSCREEN] seq=917 epoch_us=479290077 pid=21151790 tid=41 run_id=19700101_000108_18268299 PHASE=TEARDOWN_PLATFORM_NOTIFICATION session=85c028 lifetime_owner=outer_session_teardown
[ALTSCREEN] seq=918 epoch_us=479423026 pid=21151790 tid=41 run_id=19700101_000108_18268299 PHASE=TEARDOWN_OUTER receiver=85c028 stock_called=1 reason=0 done=0 scope=0
[ALTSCREEN] seq=919 epoch_us=492382501 pid=21151790 tid=47 run_id=19700101_000108_18268299 PHASE=NATIVE_111_DECODER_READY receiver=85c028 stream=1d26d0 renderer=3326d8 posts=3 sps=0 pps=0 idr=1 negotiated_geometry=1440x542 fixed_geometry=0 bitstream=stock_avcc annexb_observer_optional=1
[ALTSCREEN] seq=920 epoch_us=493363501 pid=21151790 tid=56 run_id=19700101_000108_18268299 STREAM data ptr=1d2ae0 calls=5377 bytes=27981232 MB=26 sps=0 pps=0 idr=0 other=0
[ALTSCREEN] seq=921 epoch_us=494740326 pid=21151790 tid=44 run_id=19700101_000108_18268299 PHASE=H264_TAP_PROGRESS stream=1d26d0 generation=1 packets=11264 bytes=40460926 seq=11264 wraps=9 drops=0 sps=4 pps=4 idr=4 format=avcc
[ALTSCREEN] seq=922 epoch_us=494836009 pid=21151790 tid=44 run_id=19700101_000108_18268299 PHASE=VIDEO_111_PROGRESS id=1 generation=1 receiver=85c028 session=85e480 stream=1d26d0 ALT_VIDEO_BYTES=40470045 ALT_VIDEO_PACKETS=11264 annexb_nals=0 last=2319
[ALTSCREEN] seq=923 epoch_us=494836009 pid=21151790 tid=44 run_id=19700101_000108_18268299 PHASE=VIDEO_111_PROGRESS ALT_VIDEO_BYTES=40470045 ALT_VIDEO_PACKETS=11264 last=2319
[ALTSCREEN] seq=924 epoch_us=494844066 pid=21151790 tid=44 run_id=19700101_000108_18268299 STREAM data ptr=1d26d0 calls=11265 bytes=40472364 MB=38 sps=0 pps=0 idr=1 other=1
[ALTSCREEN] seq=925 epoch_us=510202661 pid=21151790 tid=41 run_id=19700101_000108_18268299 CALL ServerPlatformCopyProperty self=857020 lr=78569974 rc=0 thread=41 seq=74 profile=observe
[ALTSCREEN] seq=926 epoch_us=510203668 pid=21151790 tid=41 run_id=19700101_000108_18268299 PHASE=SETUP_REQUEST_ENTER session=85c028 wants_alt=0 alt_descriptor=0 alt_descriptor_count=0 params=341368 wrapper=outer_session_setup canonical_parser=1
[ALTSCREEN] seq=927 epoch_us=510203668 pid=21151790 tid=41 run_id=19700101_000108_18268299 OBS setup-request-original dict depth=0 count=1
[ALTSCREEN] seq=928 epoch_us=510203668 pid=21151790 tid=41 run_id=19700101_000108_18268299 OBSALL setup-request-original d=0 key=streams type=array count=1
[ALTSCREEN] seq=929 epoch_us=510203668 pid=21151790 tid=41 run_id=19700101_000108_18268299 OBS setup-request-original array depth=1 count=1
[ALTSCREEN] seq=930 epoch_us=510203668 pid=21151790 tid=41 run_id=19700101_000108_18268299 OBSALL setup-request-original d=2 key=[] type=dict count=5
[ALTSCREEN] seq=931 epoch_us=510203668 pid=21151790 tid=41 run_id=19700101_000108_18268299 OBS setup-request-original dict depth=3 count=5
[ALTSCREEN] seq=932 epoch_us=510203668 pid=21151790 tid=41 run_id=19700101_000108_18268299 OBSALL setup-request-original d=3 key=audioType type=redacted value=REDACTED
[ALTSCREEN] seq=933 epoch_us=510203668 pid=21151790 tid=41 run_id=19700101_000108_18268299 OBSALL setup-request-original d=3 key=supportsHighAccuracyTimestamps type=redacted value=REDACTED
[ALTSCREEN] seq=934 epoch_us=510203668 pid=21151790 tid=41 run_id=19700101_000108_18268299 OBSALL setup-request-original d=3 key=audioLatencyMs type=redacted value=REDACTED
[ALTSCREEN] seq=935 epoch_us=510203668 pid=21151790 tid=41 run_id=19700101_000108_18268299 OBSALL setup-request-original d=3 key=type type=int value=101
[ALTSCREEN] seq=936 epoch_us=510203668 pid=21151790 tid=41 run_id=19700101_000108_18268299 OBSALL setup-request-original d=3 key=audioFormat type=redacted value=REDACTED
[ALTSCREEN] seq=937 epoch_us=510203668 pid=21151790 tid=41 run_id=19700101_000108_18268299 PHASE=SETUP_STOCK_PREP session=85c028 prep_rc=0 private_policy=0 private_allowed=0 stock_params=341368 original_params=341368 owned=0 stock110_protected=0 backend=P1404-exact-priv111-two-phase
[ALTSCREEN] seq=938 epoch_us=510203668 pid=21151790 tid=41 run_id=19700101_000108_18268299 PHASE=SETUP_STOCK_REQUEST strategy=passthrough_or_split_failed params=341368
[ALTSCREEN] seq=939 epoch_us=510210718 pid=21151790 tid=41 run_id=19700101_000108_18268299 PHASE=SETUP_PLATFORM_NOTIFICATION session=85c028 response_owner=outer_session_setup out_params=0
[ALTSCREEN] seq=940 epoch_us=510235898 pid=21151790 tid=41 run_id=19700101_000108_18268299 CALL SessionSetup self=85c028 lr=7853f734 rc=0 thread=41 seq=75 profile=observe
[ALTSCREEN] seq=941 epoch_us=510235898 pid=21151790 tid=41 run_id=19700101_000108_18268299 PHASE=SETUP_STOCK_RETURN rc=0 response=341950 wants_alt=0 alt_descriptor=0 prep_rc=0
[ALTSCREEN] seq=942 epoch_us=510235898 pid=21151790 tid=41 run_id=19700101_000108_18268299 OBS setup-response-stock dict depth=0 count=1
[ALTSCREEN] seq=943 epoch_us=510235898 pid=21151790 tid=41 run_id=19700101_000108_18268299 OBSALL setup-response-stock d=0 key=streams type=array count=1
[ALTSCREEN] seq=944 epoch_us=510235898 pid=21151790 tid=41 run_id=19700101_000108_18268299 OBS setup-response-stock array depth=1 count=1
[ALTSCREEN] seq=945 epoch_us=510235898 pid=21151790 tid=41 run_id=19700101_000108_18268299 OBSALL setup-response-stock d=2 key=[] type=dict count=2
[ALTSCREEN] seq=946 epoch_us=510235898 pid=21151790 tid=41 run_id=19700101_000108_18268299 OBS setup-response-stock dict depth=3 count=2
[ALTSCREEN] seq=947 epoch_us=510235898 pid=21151790 tid=41 run_id=19700101_000108_18268299 OBSALL setup-response-stock d=3 key=dataPort type=int value=7071
[ALTSCREEN] seq=948 epoch_us=510235898 pid=21151790 tid=41 run_id=19700101_000108_18268299 OBSALL setup-response-stock d=3 key=type type=int value=101
[ALTSCREEN] seq=949 epoch_us=510235898 pid=21151790 tid=41 run_id=19700101_000108_18268299 OBS setup-response-final dict depth=0 count=1
[ALTSCREEN] seq=950 epoch_us=510235898 pid=21151790 tid=41 run_id=19700101_000108_18268299 OBSALL setup-response-final d=0 key=streams type=array count=1
[ALTSCREEN] seq=951 epoch_us=510235898 pid=21151790 tid=41 run_id=19700101_000108_18268299 OBS setup-response-final array depth=1 count=1
[ALTSCREEN] seq=952 epoch_us=510235898 pid=21151790 tid=41 run_id=19700101_000108_18268299 OBSALL setup-response-final d=2 key=[] type=dict count=2
[ALTSCREEN] seq=953 epoch_us=510235898 pid=21151790 tid=41 run_id=19700101_000108_18268299 OBS setup-response-final dict depth=3 count=2
[ALTSCREEN] seq=954 epoch_us=510235898 pid=21151790 tid=41 run_id=19700101_000108_18268299 OBSALL setup-response-final d=3 key=dataPort type=int value=7071
[ALTSCREEN] seq=955 epoch_us=510235898 pid=21151790 tid=41 run_id=19700101_000108_18268299 OBSALL setup-response-final d=3 key=type type=int value=101
[ALTSCREEN] seq=956 epoch_us=511286394 pid=21151790 tid=47 run_id=19700101_000108_18268299 PHASE=NATIVE_111_DECODER_READY receiver=85c028 stream=1d26d0 renderer=3326d8 posts=3 sps=0 pps=0 idr=1 negotiated_geometry=1440x542 fixed_geometry=0 bitstream=stock_avcc annexb_observer_optional=1
[ALTSCREEN] seq=957 epoch_us=513257459 pid=21151790 tid=41 run_id=19700101_000108_18268299 PHASE=TEARDOWN_PLATFORM_NOTIFICATION session=85c028 lifetime_owner=outer_session_teardown
[ALTSCREEN] seq=958 epoch_us=513399472 pid=21151790 tid=41 run_id=19700101_000108_18268299 PHASE=TEARDOWN_OUTER receiver=85c028 stock_called=1 reason=0 done=0 scope=0
[ALTSCREEN] seq=959 epoch_us=513779182 pid=21151790 tid=47 run_id=19700101_000108_18268299 PHASE=DECODER_PROGRESS backend=stock-omx-tap stream=1d26d0 generation=1 frames=11400 seq=11400 size=1440x542 source_stride=1536 drops=0
[ALTSCREEN] seq=960 epoch_us=513779182 pid=21151790 tid=47 run_id=19700101_000108_18268299 PHASE=FRAME_LINEARIZER_PROGRESS backend=screen-nv12 readbacks=11400 published=11400 publish_drops=0 requests=11400 failures=0 fallbacks=0 slow_readbacks=2 readback_p50_ms=3 readback_p95_ms=6 readback_max_us=20144 size=1440x542
[ALTSCREEN] seq=961 epoch_us=520592802 pid=21151790 tid=41 run_id=19700101_000108_18268299 PHASE=TEARDOWN_PLATFORM_NOTIFICATION session=85c028 lifetime_owner=outer_session_teardown
[ALTSCREEN] seq=962 epoch_us=520688484 pid=21151790 tid=41 run_id=19700101_000108_18268299 PHASE=TEARDOWN_OUTER receiver=85c028 stock_called=1 reason=0 done=0 scope=1
[ALTSCREEN] seq=963 epoch_us=524698096 pid=21151790 tid=47 run_id=19700101_000108_18268299 PHASE=NATIVE_111_DECODER_READY receiver=85c028 stream=1d26d0 renderer=3326d8 posts=3 sps=0 pps=0 idr=1 negotiated_geometry=1440x542 fixed_geometry=0 bitstream=stock_avcc annexb_observer_optional=1
[ALTSCREEN] seq=964 epoch_us=525750606 pid=21151790 tid=41 run_id=19700101_000108_18268299 CALL ServerPlatformCopyProperty self=857020 lr=78569974 rc=0 thread=41 seq=76 profile=observe
[ALTSCREEN] seq=965 epoch_us=525751614 pid=21151790 tid=41 run_id=19700101_000108_18268299 PHASE=SETUP_REQUEST_ENTER session=85c028 wants_alt=0 alt_descriptor=0 alt_descriptor_count=0 params=341518 wrapper=outer_session_setup canonical_parser=1
[ALTSCREEN] seq=966 epoch_us=525751614 pid=21151790 tid=41 run_id=19700101_000108_18268299 OBS setup-request-original dict depth=0 count=1
[ALTSCREEN] seq=967 epoch_us=525751614 pid=21151790 tid=41 run_id=19700101_000108_18268299 OBSALL setup-request-original d=0 key=streams type=array count=1
[ALTSCREEN] seq=968 epoch_us=525751614 pid=21151790 tid=41 run_id=19700101_000108_18268299 OBS setup-request-original array depth=1 count=1
[ALTSCREEN] seq=969 epoch_us=525751614 pid=21151790 tid=41 run_id=19700101_000108_18268299 OBSALL setup-request-original d=2 key=[] type=dict count=5
[ALTSCREEN] seq=970 epoch_us=525751614 pid=21151790 tid=41 run_id=19700101_000108_18268299 OBS setup-request-original dict depth=3 count=5
[ALTSCREEN] seq=971 epoch_us=525751614 pid=21151790 tid=41 run_id=19700101_000108_18268299 OBSALL setup-request-original d=3 key=audioType type=redacted value=REDACTED
[ALTSCREEN] seq=972 epoch_us=525751614 pid=21151790 tid=41 run_id=19700101_000108_18268299 OBSALL setup-request-original d=3 key=supportsHighAccuracyTimestamps type=redacted value=REDACTED
[ALTSCREEN] seq=973 epoch_us=525751614 pid=21151790 tid=41 run_id=19700101_000108_18268299 OBSALL setup-request-original d=3 key=audioLatencyMs type=redacted value=REDACTED
[ALTSCREEN] seq=974 epoch_us=525751614 pid=21151790 tid=41 run_id=19700101_000108_18268299 OBSALL setup-request-original d=3 key=type type=int value=101
[ALTSCREEN] seq=975 epoch_us=525751614 pid=21151790 tid=41 run_id=19700101_000108_18268299 OBSALL setup-request-original d=3 key=audioFormat type=redacted value=REDACTED
[ALTSCREEN] seq=976 epoch_us=525751614 pid=21151790 tid=41 run_id=19700101_000108_18268299 PHASE=SETUP_STOCK_PREP session=85c028 prep_rc=0 private_policy=0 private_allowed=0 stock_params=341518 original_params=341518 owned=0 stock110_protected=0 backend=P1404-exact-priv111-two-phase
[ALTSCREEN] seq=977 epoch_us=525751614 pid=21151790 tid=41 run_id=19700101_000108_18268299 PHASE=SETUP_STOCK_REQUEST strategy=passthrough_or_split_failed params=341518
[ALTSCREEN] seq=978 epoch_us=525760678 pid=21151790 tid=41 run_id=19700101_000108_18268299 PHASE=SETUP_PLATFORM_NOTIFICATION session=85c028 response_owner=outer_session_setup out_params=0
[ALTSCREEN] seq=979 epoch_us=525815066 pid=21151790 tid=41 run_id=19700101_000108_18268299 CALL SessionSetup self=85c028 lr=7853f734 rc=0 thread=41 seq=77 profile=observe
[ALTSCREEN] seq=980 epoch_us=525815066 pid=21151790 tid=41 run_id=19700101_000108_18268299 PHASE=SETUP_STOCK_RETURN rc=0 response=341638 wants_alt=0 alt_descriptor=0 prep_rc=0
[ALTSCREEN] seq=981 epoch_us=525815066 pid=21151790 tid=41 run_id=19700101_000108_18268299 OBS setup-response-stock dict depth=0 count=1
[ALTSCREEN] seq=982 epoch_us=525815066 pid=21151790 tid=41 run_id=19700101_000108_18268299 OBSALL setup-response-stock d=0 key=streams type=array count=1
[ALTSCREEN] seq=983 epoch_us=525815066 pid=21151790 tid=41 run_id=19700101_000108_18268299 OBS setup-response-stock array depth=1 count=1
[ALTSCREEN] seq=984 epoch_us=525815066 pid=21151790 tid=41 run_id=19700101_000108_18268299 OBSALL setup-response-stock d=2 key=[] type=dict count=2
[ALTSCREEN] seq=985 epoch_us=525815066 pid=21151790 tid=41 run_id=19700101_000108_18268299 OBS setup-response-stock dict depth=3 count=2
[ALTSCREEN] seq=986 epoch_us=525815066 pid=21151790 tid=41 run_id=19700101_000108_18268299 OBSALL setup-response-stock d=3 key=dataPort type=int value=7071
[ALTSCREEN] seq=987 epoch_us=525815066 pid=21151790 tid=41 run_id=19700101_000108_18268299 OBSALL setup-response-stock d=3 key=type type=int value=101
[ALTSCREEN] seq=988 epoch_us=525815066 pid=21151790 tid=41 run_id=19700101_000108_18268299 OBS setup-response-final dict depth=0 count=1
[ALTSCREEN] seq=989 epoch_us=525815066 pid=21151790 tid=41 run_id=19700101_000108_18268299 OBSALL setup-response-final d=0 key=streams type=array count=1
[ALTSCREEN] seq=990 epoch_us=525815066 pid=21151790 tid=41 run_id=19700101_000108_18268299 OBS setup-response-final array depth=1 count=1
[ALTSCREEN] seq=991 epoch_us=525815066 pid=21151790 tid=41 run_id=19700101_000108_18268299 OBSALL setup-response-final d=2 key=[] type=dict count=2
[ALTSCREEN] seq=992 epoch_us=525816073 pid=21151790 tid=41 run_id=19700101_000108_18268299 OBS setup-response-final dict depth=3 count=2
[ALTSCREEN] seq=993 epoch_us=525816073 pid=21151790 tid=41 run_id=19700101_000108_18268299 OBSALL setup-response-final d=3 key=dataPort type=int value=7071
[ALTSCREEN] seq=994 epoch_us=525816073 pid=21151790 tid=41 run_id=19700101_000108_18268299 OBSALL setup-response-final d=3 key=type type=int value=101
[ALTSCREEN] seq=995 epoch_us=526080964 pid=21151790 tid=44 run_id=19700101_000108_18268299 PHASE=H264_TAP_PROGRESS stream=1d26d0 generation=1 packets=11520 bytes=41054670 seq=11520 wraps=9 drops=0 sps=4 pps=4 idr=4 format=avcc
[ALTSCREEN] seq=996 epoch_us=526648010 pid=21151790 tid=44 run_id=19700101_000108_18268299 PHASE=VIDEO_111_PROGRESS id=1 generation=1 receiver=85c028 session=85e480 stream=1d26d0 ALT_VIDEO_BYTES=41063788 ALT_VIDEO_PACKETS=11520 annexb_nals=0 last=2321
[ALTSCREEN] seq=997 epoch_us=526648010 pid=21151790 tid=44 run_id=19700101_000108_18268299 PHASE=VIDEO_111_PROGRESS ALT_VIDEO_BYTES=41063788 ALT_VIDEO_PACKETS=11520 last=2321
[ALTSCREEN] seq=998 epoch_us=526695348 pid=21151790 tid=44 run_id=19700101_000108_18268299 STREAM data ptr=1d26d0 calls=11521 bytes=41066108 MB=39 sps=0 pps=0 idr=1 other=1
[ALTSCREEN] seq=999 epoch_us=528845692 pid=21151790 tid=41 run_id=19700101_000108_18268299 PHASE=TEARDOWN_PLATFORM_NOTIFICATION session=85c028 lifetime_owner=outer_session_teardown
[ALTSCREEN] seq=1000 epoch_us=528975619 pid=21151790 tid=41 run_id=19700101_000108_18268299 PHASE=TEARDOWN_OUTER receiver=85c028 stock_called=1 reason=0 done=0 scope=0
[ALTSCREEN] seq=1001 epoch_us=544956655 pid=21151790 tid=47 run_id=19700101_000108_18268299 PHASE=NATIVE_111_DECODER_READY receiver=85c028 stream=1d26d0 renderer=3326d8 posts=3 sps=0 pps=0 idr=1 negotiated_geometry=1440x542 fixed_geometry=0 bitstream=stock_avcc annexb_observer_optional=1
[ALTSCREEN] seq=1002 epoch_us=548329724 pid=21151790 tid=47 run_id=19700101_000108_18268299 PHASE=DECODER_PROGRESS backend=stock-omx-tap stream=1d26d0 generation=1 frames=11700 seq=11700 size=1440x542 source_stride=1536 drops=0
[ALTSCREEN] seq=1003 epoch_us=548329724 pid=21151790 tid=47 run_id=19700101_000108_18268299 PHASE=FRAME_LINEARIZER_PROGRESS backend=screen-nv12 readbacks=11700 published=11700 publish_drops=0 requests=11700 failures=0 fallbacks=0 slow_readbacks=2 readback_p50_ms=3 readback_p95_ms=6 readback_max_us=20144 size=1440x542
[ALTSCREEN] seq=1004 epoch_us=550165826 pid=21151790 tid=44 run_id=19700101_000108_18268299 PHASE=H264_TAP_PROGRESS stream=1d26d0 generation=1 packets=11776 bytes=41648428 seq=11776 wraps=9 drops=0 sps=4 pps=4 idr=4 format=avcc
[ALTSCREEN] seq=1005 epoch_us=550656326 pid=21151790 tid=44 run_id=19700101_000108_18268299 PHASE=VIDEO_111_PROGRESS id=1 generation=1 receiver=85c028 session=85e480 stream=1d26d0 ALT_VIDEO_BYTES=41657549 ALT_VIDEO_PACKETS=11776 annexb_nals=0 last=2319
[ALTSCREEN] seq=1006 epoch_us=550656326 pid=21151790 tid=44 run_id=19700101_000108_18268299 PHASE=VIDEO_111_PROGRESS ALT_VIDEO_BYTES=41657549 ALT_VIDEO_PACKETS=11776 last=2319
[ALTSCREEN] seq=1007 epoch_us=550669420 pid=21151790 tid=44 run_id=19700101_000108_18268299 STREAM data ptr=1d26d0 calls=11777 bytes=41659868 MB=39 sps=0 pps=0 idr=1 other=1
[ALTSCREEN] seq=1008 epoch_us=561384882 pid=21151790 tid=47 run_id=19700101_000108_18268299 PHASE=NATIVE_111_DECODER_READY receiver=85c028 stream=1d26d0 renderer=3326d8 posts=3 sps=0 pps=0 idr=1 negotiated_geometry=1440x542 fixed_geometry=0 bitstream=stock_avcc annexb_observer_optional=1
[ALTSCREEN] seq=1009 epoch_us=566249596 pid=21151790 tid=47 run_id=19700101_000108_18268299 PHASE=DECODER_PROGRESS backend=stock-omx-tap stream=1d26d0 generation=1 frames=12000 seq=12000 size=1440x542 source_stride=1536 drops=0
[ALTSCREEN] seq=1010 epoch_us=566249596 pid=21151790 tid=47 run_id=19700101_000108_18268299 PHASE=FRAME_LINEARIZER_PROGRESS backend=screen-nv12 readbacks=12000 published=12000 publish_drops=0 requests=12000 failures=0 fallbacks=0 slow_readbacks=2 readback_p50_ms=3 readback_p95_ms=6 readback_max_us=20144 size=1440x542
[ALTSCREEN] seq=1011 epoch_us=567099661 pid=21151790 tid=44 run_id=19700101_000108_18268299 PHASE=H264_TAP_PROGRESS stream=1d26d0 generation=1 packets=12032 bytes=42242193 seq=12032 wraps=10 drops=0 sps=4 pps=4 idr=4 format=avcc
[ALTSCREEN] seq=1012 epoch_us=567168150 pid=21151790 tid=44 run_id=19700101_000108_18268299 PHASE=VIDEO_111_PROGRESS id=1 generation=1 receiver=85c028 session=85e480 stream=1d26d0 ALT_VIDEO_BYTES=42251309 ALT_VIDEO_PACKETS=12032 annexb_nals=0 last=2319
[ALTSCREEN] seq=1013 epoch_us=567168150 pid=21151790 tid=44 run_id=19700101_000108_18268299 PHASE=VIDEO_111_PROGRESS ALT_VIDEO_BYTES=42251309 ALT_VIDEO_PACKETS=12032 last=2319
[ALTSCREEN] seq=1014 epoch_us=567226567 pid=21151790 tid=44 run_id=19700101_000108_18268299 STREAM data ptr=1d26d0 calls=12033 bytes=42253628 MB=40 sps=0 pps=0 idr=1 other=1
[ALTSCREEN] seq=1015 epoch_us=579135546 pid=21151790 tid=47 run_id=19700101_000108_18268299 PHASE=NATIVE_111_DECODER_READY receiver=85c028 stream=1d26d0 renderer=3326d8 posts=3 sps=0 pps=0 idr=1 negotiated_geometry=1440x542 fixed_geometry=0 bitstream=stock_avcc annexb_observer_optional=1
[ALTSCREEN] seq=1016 epoch_us=592342789 pid=21151790 tid=47 run_id=19700101_000108_18268299 PHASE=NATIVE_111_DECODER_READY receiver=85c028 stream=1d26d0 renderer=3326d8 posts=3 sps=0 pps=0 idr=1 negotiated_geometry=1440x542 fixed_geometry=0 bitstream=stock_avcc annexb_observer_optional=1
[ALTSCREEN] seq=1017 epoch_us=594854714 pid=21151790 tid=44 run_id=19700101_000108_18268299 PHASE=H264_TAP_PROGRESS stream=1d26d0 generation=1 packets=12288 bytes=42835945 seq=12288 wraps=10 drops=0 sps=4 pps=4 idr=4 format=avcc
[ALTSCREEN] seq=1018 epoch_us=595375429 pid=21151790 tid=44 run_id=19700101_000108_18268299 PHASE=VIDEO_111_PROGRESS id=1 generation=1 receiver=85c028 session=85e480 stream=1d26d0 ALT_VIDEO_BYTES=42845063 ALT_VIDEO_PACKETS=12288 annexb_nals=0 last=2321
[ALTSCREEN] seq=1019 epoch_us=595375429 pid=21151790 tid=44 run_id=19700101_000108_18268299 PHASE=VIDEO_111_PROGRESS ALT_VIDEO_BYTES=42845063 ALT_VIDEO_PACKETS=12288 last=2321
[ALTSCREEN] seq=1020 epoch_us=595381472 pid=21151790 tid=44 run_id=19700101_000108_18268299 STREAM data ptr=1d26d0 calls=12289 bytes=42847383 MB=40 sps=0 pps=0 idr=1 other=1
[ALTSCREEN] seq=1021 epoch_us=595681614 pid=21151790 tid=47 run_id=19700101_000108_18268299 PHASE=DECODER_PROGRESS backend=stock-omx-tap stream=1d26d0 generation=1 frames=12300 seq=12300 size=1440x542 source_stride=1536 drops=0
[ALTSCREEN] seq=1022 epoch_us=595681614 pid=21151790 tid=47 run_id=19700101_000108_18268299 PHASE=FRAME_LINEARIZER_PROGRESS backend=screen-nv12 readbacks=12300 published=12300 publish_drops=0 requests=12300 failures=0 fallbacks=0 slow_readbacks=2 readback_p50_ms=3 readback_p95_ms=6 readback_max_us=20144 size=1440x542
[ALTSCREEN] seq=1023 epoch_us=602062144 pid=21151790 tid=41 run_id=19700101_000108_18268299 CALL ServerPlatformCopyProperty self=857020 lr=78569974 rc=0 thread=41 seq=78 profile=observe
[ALTSCREEN] seq=1024 epoch_us=602063151 pid=21151790 tid=41 run_id=19700101_000108_18268299 PHASE=SETUP_REQUEST_ENTER session=85c028 wants_alt=0 alt_descriptor=0 alt_descriptor_count=0 params=341bd8 wrapper=outer_session_setup canonical_parser=1
[ALTSCREEN] seq=1025 epoch_us=602063151 pid=21151790 tid=41 run_id=19700101_000108_18268299 OBS setup-request-original dict depth=0 count=1
[ALTSCREEN] seq=1026 epoch_us=602063151 pid=21151790 tid=41 run_id=19700101_000108_18268299 OBSALL setup-request-original d=0 key=streams type=array count=1
[ALTSCREEN] seq=1027 epoch_us=602063151 pid=21151790 tid=41 run_id=19700101_000108_18268299 OBS setup-request-original array depth=1 count=1
[ALTSCREEN] seq=1028 epoch_us=602063151 pid=21151790 tid=41 run_id=19700101_000108_18268299 OBSALL setup-request-original d=2 key=[] type=dict count=5
[ALTSCREEN] seq=1029 epoch_us=602063151 pid=21151790 tid=41 run_id=19700101_000108_18268299 OBS setup-request-original dict depth=3 count=5
[ALTSCREEN] seq=1030 epoch_us=602063151 pid=21151790 tid=41 run_id=19700101_000108_18268299 OBSALL setup-request-original d=3 key=audioType type=redacted value=REDACTED
[ALTSCREEN] seq=1031 epoch_us=602063151 pid=21151790 tid=41 run_id=19700101_000108_18268299 OBSALL setup-request-original d=3 key=supportsHighAccuracyTimestamps type=redacted value=REDACTED
[ALTSCREEN] seq=1032 epoch_us=602063151 pid=21151790 tid=41 run_id=19700101_000108_18268299 OBSALL setup-request-original d=3 key=audioLatencyMs type=redacted value=REDACTED
[ALTSCREEN] seq=1033 epoch_us=602063151 pid=21151790 tid=41 run_id=19700101_000108_18268299 OBSALL setup-request-original d=3 key=type type=int value=101
[ALTSCREEN] seq=1034 epoch_us=602063151 pid=21151790 tid=41 run_id=19700101_000108_18268299 OBSALL setup-request-original d=3 key=audioFormat type=redacted value=REDACTED
[ALTSCREEN] seq=1035 epoch_us=602063151 pid=21151790 tid=41 run_id=19700101_000108_18268299 PHASE=SETUP_STOCK_PREP session=85c028 prep_rc=0 private_policy=0 private_allowed=0 stock_params=341bd8 original_params=341bd8 owned=0 stock110_protected=0 backend=P1404-exact-priv111-two-phase
[ALTSCREEN] seq=1036 epoch_us=602063151 pid=21151790 tid=41 run_id=19700101_000108_18268299 PHASE=SETUP_STOCK_REQUEST strategy=passthrough_or_split_failed params=341bd8
[ALTSCREEN] seq=1037 epoch_us=602066172 pid=21151790 tid=41 run_id=19700101_000108_18268299 PHASE=SETUP_PLATFORM_NOTIFICATION session=85c028 response_owner=outer_session_setup out_params=0
[ALTSCREEN] seq=1038 epoch_us=602093367 pid=21151790 tid=41 run_id=19700101_000108_18268299 CALL SessionSetup self=85c028 lr=7853f734 rc=0 thread=41 seq=79 profile=observe
[ALTSCREEN] seq=1039 epoch_us=602093367 pid=21151790 tid=41 run_id=19700101_000108_18268299 PHASE=SETUP_STOCK_RETURN rc=0 response=341a28 wants_alt=0 alt_descriptor=0 prep_rc=0
[ALTSCREEN] seq=1040 epoch_us=602093367 pid=21151790 tid=41 run_id=19700101_000108_18268299 OBS setup-response-stock dict depth=0 count=1
[ALTSCREEN] seq=1041 epoch_us=602093367 pid=21151790 tid=41 run_id=19700101_000108_18268299 OBSALL setup-response-stock d=0 key=streams type=array count=1
[ALTSCREEN] seq=1042 epoch_us=602093367 pid=21151790 tid=41 run_id=19700101_000108_18268299 OBS setup-response-stock array depth=1 count=1
[ALTSCREEN] seq=1043 epoch_us=602093367 pid=21151790 tid=41 run_id=19700101_000108_18268299 OBSALL setup-response-stock d=2 key=[] type=dict count=2
[ALTSCREEN] seq=1044 epoch_us=602093367 pid=21151790 tid=41 run_id=19700101_000108_18268299 OBS setup-response-stock dict depth=3 count=2
[ALTSCREEN] seq=1045 epoch_us=602093367 pid=21151790 tid=41 run_id=19700101_000108_18268299 OBSALL setup-response-stock d=3 key=dataPort type=int value=7071
[ALTSCREEN] seq=1046 epoch_us=602093367 pid=21151790 tid=41 run_id=19700101_000108_18268299 OBSALL setup-response-stock d=3 key=type type=int value=101
[ALTSCREEN] seq=1047 epoch_us=602093367 pid=21151790 tid=41 run_id=19700101_000108_18268299 OBS setup-response-final dict depth=0 count=1
[ALTSCREEN] seq=1048 epoch_us=602094374 pid=21151790 tid=41 run_id=19700101_000108_18268299 OBSALL setup-response-final d=0 key=streams type=array count=1
[ALTSCREEN] seq=1049 epoch_us=602094374 pid=21151790 tid=41 run_id=19700101_000108_18268299 OBS setup-response-final array depth=1 count=1
[ALTSCREEN] seq=1050 epoch_us=602094374 pid=21151790 tid=41 run_id=19700101_000108_18268299 OBSALL setup-response-final d=2 key=[] type=dict count=2
[ALTSCREEN] seq=1051 epoch_us=602094374 pid=21151790 tid=41 run_id=19700101_000108_18268299 OBS setup-response-final dict depth=3 count=2
[ALTSCREEN] seq=1052 epoch_us=602094374 pid=21151790 tid=41 run_id=19700101_000108_18268299 OBSALL setup-response-final d=3 key=dataPort type=int value=7071
[ALTSCREEN] seq=1053 epoch_us=602094374 pid=21151790 tid=41 run_id=19700101_000108_18268299 OBSALL setup-response-final d=3 key=type type=int value=101
[ALTSCREEN] seq=1054 epoch_us=605112913 pid=21151790 tid=41 run_id=19700101_000108_18268299 PHASE=TEARDOWN_PLATFORM_NOTIFICATION session=85c028 lifetime_owner=outer_session_teardown
[ALTSCREEN] seq=1055 epoch_us=605245862 pid=21151790 tid=41 run_id=19700101_000108_18268299 PHASE=TEARDOWN_OUTER receiver=85c028 stock_called=1 reason=0 done=0 scope=0
[ALTSCREEN] seq=1056 epoch_us=605346581 pid=21151790 tid=41 run_id=19700101_000108_18268299 CALL ServerPlatformCopyProperty self=857020 lr=78569974 rc=0 thread=41 seq=80 profile=observe
[ALTSCREEN] seq=1057 epoch_us=605347588 pid=21151790 tid=41 run_id=19700101_000108_18268299 PHASE=SETUP_REQUEST_ENTER session=85c028 wants_alt=0 alt_descriptor=0 alt_descriptor_count=0 params=341638 wrapper=outer_session_setup canonical_parser=1
[ALTSCREEN] seq=1058 epoch_us=605347588 pid=21151790 tid=41 run_id=19700101_000108_18268299 OBS setup-request-original dict depth=0 count=1
[ALTSCREEN] seq=1059 epoch_us=605347588 pid=21151790 tid=41 run_id=19700101_000108_18268299 OBSALL setup-request-original d=0 key=streams type=array count=1
[ALTSCREEN] seq=1060 epoch_us=605347588 pid=21151790 tid=41 run_id=19700101_000108_18268299 OBS setup-request-original array depth=1 count=1
[ALTSCREEN] seq=1061 epoch_us=605347588 pid=21151790 tid=41 run_id=19700101_000108_18268299 OBSALL setup-request-original d=2 key=[] type=dict count=5
[ALTSCREEN] seq=1062 epoch_us=605347588 pid=21151790 tid=41 run_id=19700101_000108_18268299 OBS setup-request-original dict depth=3 count=5
[ALTSCREEN] seq=1063 epoch_us=605347588 pid=21151790 tid=41 run_id=19700101_000108_18268299 OBSALL setup-request-original d=3 key=audioType type=redacted value=REDACTED
[ALTSCREEN] seq=1064 epoch_us=605347588 pid=21151790 tid=41 run_id=19700101_000108_18268299 OBSALL setup-request-original d=3 key=supportsHighAccuracyTimestamps type=redacted value=REDACTED
[ALTSCREEN] seq=1065 epoch_us=605347588 pid=21151790 tid=41 run_id=19700101_000108_18268299 OBSALL setup-request-original d=3 key=audioLatencyMs type=redacted value=REDACTED
[ALTSCREEN] seq=1066 epoch_us=605347588 pid=21151790 tid=41 run_id=19700101_000108_18268299 OBSALL setup-request-original d=3 key=type type=int value=100
[ALTSCREEN] seq=1067 epoch_us=605347588 pid=21151790 tid=41 run_id=19700101_000108_18268299 OBSALL setup-request-original d=3 key=audioFormat type=redacted value=REDACTED
[ALTSCREEN] seq=1068 epoch_us=605347588 pid=21151790 tid=41 run_id=19700101_000108_18268299 PHASE=SETUP_STOCK_PREP session=85c028 prep_rc=0 private_policy=0 private_allowed=0 stock_params=341638 original_params=341638 owned=0 stock110_protected=0 backend=P1404-exact-priv111-two-phase
[ALTSCREEN] seq=1069 epoch_us=605347588 pid=21151790 tid=41 run_id=19700101_000108_18268299 PHASE=SETUP_STOCK_REQUEST strategy=passthrough_or_split_failed params=341638
[ALTSCREEN] seq=1070 epoch_us=605350609 pid=21151790 tid=41 run_id=19700101_000108_18268299 PHASE=SETUP_PLATFORM_NOTIFICATION session=85c028 response_owner=outer_session_setup out_params=0
[ALTSCREEN] seq=1071 epoch_us=605457371 pid=21151790 tid=41 run_id=19700101_000108_18268299 CALL SessionSetup self=85c028 lr=7853f734 rc=0 thread=41 seq=81 profile=observe
[ALTSCREEN] seq=1072 epoch_us=605457371 pid=21151790 tid=41 run_id=19700101_000108_18268299 PHASE=SETUP_STOCK_RETURN rc=0 response=341bd8 wants_alt=0 alt_descriptor=0 prep_rc=0
[ALTSCREEN] seq=1073 epoch_us=605457371 pid=21151790 tid=41 run_id=19700101_000108_18268299 OBS setup-response-stock dict depth=0 count=1
[ALTSCREEN] seq=1074 epoch_us=605457371 pid=21151790 tid=41 run_id=19700101_000108_18268299 OBSALL setup-response-stock d=0 key=streams type=array count=1
[ALTSCREEN] seq=1075 epoch_us=605457371 pid=21151790 tid=41 run_id=19700101_000108_18268299 OBS setup-response-stock array depth=1 count=1
[ALTSCREEN] seq=1076 epoch_us=605457371 pid=21151790 tid=41 run_id=19700101_000108_18268299 OBSALL setup-response-stock d=2 key=[] type=dict count=2
[ALTSCREEN] seq=1077 epoch_us=605457371 pid=21151790 tid=41 run_id=19700101_000108_18268299 OBS setup-response-stock dict depth=3 count=2
[ALTSCREEN] seq=1078 epoch_us=605457371 pid=21151790 tid=41 run_id=19700101_000108_18268299 OBSALL setup-response-stock d=3 key=dataPort type=int value=7070
[ALTSCREEN] seq=1079 epoch_us=605457371 pid=21151790 tid=41 run_id=19700101_000108_18268299 OBSALL setup-response-stock d=3 key=type type=int value=100
[ALTSCREEN] seq=1080 epoch_us=605458378 pid=21151790 tid=41 run_id=19700101_000108_18268299 OBS setup-response-final dict depth=0 count=1
[ALTSCREEN] seq=1081 epoch_us=605458378 pid=21151790 tid=41 run_id=19700101_000108_18268299 OBSALL setup-response-final d=0 key=streams type=array count=1
[ALTSCREEN] seq=1082 epoch_us=605458378 pid=21151790 tid=41 run_id=19700101_000108_18268299 OBS setup-response-final array depth=1 count=1
[ALTSCREEN] seq=1083 epoch_us=605458378 pid=21151790 tid=41 run_id=19700101_000108_18268299 OBSALL setup-response-final d=2 key=[] type=dict count=2
[ALTSCREEN] seq=1084 epoch_us=605458378 pid=21151790 tid=41 run_id=19700101_000108_18268299 OBS setup-response-final dict depth=3 count=2
[ALTSCREEN] seq=1085 epoch_us=605458378 pid=21151790 tid=41 run_id=19700101_000108_18268299 OBSALL setup-response-final d=3 key=dataPort type=int value=7070
[ALTSCREEN] seq=1086 epoch_us=605458378 pid=21151790 tid=41 run_id=19700101_000108_18268299 OBSALL setup-response-final d=3 key=type type=int value=100
[ALTSCREEN] seq=1087 epoch_us=606297365 pid=21151790 tid=41 run_id=19700101_000108_18268299 PHASE=TEARDOWN_PLATFORM_NOTIFICATION session=85c028 lifetime_owner=outer_session_teardown
[ALTSCREEN] seq=1088 epoch_us=606533047 pid=21151790 tid=41 run_id=19700101_000108_18268299 PHASE=TEARDOWN_OUTER receiver=85c028 stock_called=1 reason=0 done=0 scope=0
[ALTSCREEN] seq=1089 epoch_us=608289581 pid=21151790 tid=15 run_id=19700101_000108_18268299 PHASE=STREAM_111_FENCE_CANCEL receiver=85c028 generation=2 reason=outer_session_teardown serialized=1
[ALTSCREEN] seq=1090 epoch_us=608289581 pid=21151790 tid=15 run_id=19700101_000108_18268299 PHASE=STREAM_111_TEARDOWN_BEGIN receiver=85c028 id=1 generation=1 alt_session=85e480 alt_stream=1d26d0 state=5 committed=1 reason=outer_session_teardown
[ALTSCREEN] seq=1091 epoch_us=608289581 pid=21151790 tid=15 run_id=19700101_000108_18268299 PHASE=STREAM_111_WORKER_STOP_REQUEST receiver=85c028 session=85e480 phase=5 worker_started=1 worker_done=0 listener=-1 port=65362
[ALTSCREEN] seq=1092 epoch_us=608293610 pid=21151790 tid=15 run_id=19700101_000108_18268299 PHASE=STREAM_111_PROCESSFRAMES_WAKE receiver=85c028 session=85e480 wake_fd=42 rc=0 message=0x71 length=1
[ALTSCREEN] seq=1093 epoch_us=608304689 pid=21151790 tid=44 run_id=19700101_000108_18268299 PHASE=STREAM_111_PROCESSFRAMES_RETURN receiver=85c028 id=1 generation=1 session=85e480 stream=1d26d0 rc=-6752 stop_requested=1
[ALTSCREEN] seq=1094 epoch_us=608642096 pid=21151790 tid=44 run_id=19700101_000108_18268299 PHASE=STREAM_111_STOP_RETURN receiver=85c028 session=85e480 stop_check=0 worker_owned=1 destroyed=1
[ALTSCREEN] seq=1095 epoch_us=608642096 pid=21151790 tid=44 run_id=19700101_000108_18268299 PHASE=DIRECT111_TAP_STOP stream=1d26d0 generation=1 h264_packets=12332 decoded_frames=12326
[ALTSCREEN] seq=1096 epoch_us=608649147 pid=21151790 tid=44 run_id=19700101_000108_18268299 PHASE=ALT111_EVENT_SUBMIT receiver=85c028 stream=1d26d0 generation=1 event=stopUI uuid=b7e6c5a0-2222-4000-8000-000000000002 url=- rc=0 response_callback=1
[ALTSCREEN] seq=1097 epoch_us=608650154 pid=21151790 tid=44 run_id=19700101_000108_18268299 PHASE=NATIVE_111_DETACH receiver=85c028 stream=1d26d0 restore=0 restored=0
[ALTSCREEN] seq=1098 epoch_us=608650154 pid=21151790 tid=44 run_id=19700101_000108_18268299 PHASE=STREAM_111_STREAM_CLEARED id=1 generation=1 receiver=85c028 alt_session=85e480 old_stream=1d26d0 session_committed=1
[ALTSCREEN] seq=1099 epoch_us=608650154 pid=21151790 tid=44 run_id=19700101_000108_18268299 PHASE=STREAM_111_WORKER_DONE receiver=85c028 id=1 generation=1 session=85e480 phase=6 session_stopped=1 stop_rc=0
[ALTSCREEN] seq=1100 epoch_us=608650154 pid=21151790 tid=15 run_id=19700101_000108_18268299 PHASE=STREAM_111_WORKER_JOIN receiver=85c028 session=85e480 thread=44 rc=0
[ALTSCREEN] seq=1101 epoch_us=611659629 pid=21151790 tid=15 run_id=19700101_000108_18268299 PHASE=STREAM_111_FIREWALL_REMOVE session=85e480 port=65362 reason=teardown_post_session result=OK scope=exact-port
[ALTSCREEN] seq=1102 epoch_us=611659629 pid=21151790 tid=15 run_id=19700101_000108_18268299 PHASE=STREAM_111_BACKEND_TEARDOWN_DONE receiver=85c028 session=85e480 join_rc=0 stop_rc=0 firewall_cleanup_nonfatal=1
[ALTSCREEN] seq=1103 epoch_us=611659629 pid=21151790 tid=15 run_id=19700101_000108_18268299 PHASE=ALT_CTX_RELEASE id=1 generation=1 receiver=85c028 alt_session=85e480 alt_stream=0 state=2 bytes=42937837 packets=12328 sps=0 pps=0 idr=1 decoder=1 cockpit=0
[ALTSCREEN] seq=1104 epoch_us=611659629 pid=21151790 tid=15 run_id=19700101_000108_18268299 PHASE=STREAM_111_TEARDOWN_DONE receiver=85c028 id=1 generation=1 session=85e480 stream=1d26d0 ok=1 state_mapping=cleared reason=outer_session_teardown
[ALTSCREEN] seq=1105 epoch_us=611659629 pid=21151790 tid=39 run_id=19700101_000108_18268299 PHASE=STREAM_111_FENCE_CANCEL receiver=85c028 generation=3 reason=outer_session_teardown serialized=1
[ALTSCREEN] seq=1106 epoch_us=611660636 pid=21151790 tid=15 run_id=19700101_000108_18268299 PHASE=TEARDOWN_PLATFORM_NOTIFICATION session=85c028 lifetime_owner=outer_session_teardown
[ALTSCREEN] seq=1107 epoch_us=611663657 pid=21151790 tid=39 run_id=19700101_000108_18268299 PHASE=TEARDOWN_PLATFORM_NOTIFICATION session=85c028 lifetime_owner=outer_session_teardown
[ALTSCREEN] seq=1108 epoch_us=611674736 pid=21151790 tid=39 run_id=19700101_000108_18268299 PHASE=TEARDOWN_OUTER receiver=85c028 stock_called=1 reason=-6753 done=-1 scope=3
